<annotation>
	<folder>V0-S_canteen_0-G_1_hor</folder>
	<filename>0001.jpg</filename>
	<source>
		<database>My Database</database>
		<annotation>VOC2007</annotation>
		<image>flickr</image>
		<flickrid>NULL</flickrid>
	</source>
	<owner>
		<flickrid>NULL</flickrid>
		<name>dcx</name>
	</owner>
	<size>
		<width>2704</width>
		<height>1520</height>
		<depth>3</depth>
	</size>
	<segmented>0</segmented>
	<object>
		<name>6</name>
		<pose>Unspecified</pose>
		<truncated>0</truncated>
		<difficult>0</difficult>
		<rectangle>
			<xmin>1826</xmin>
			<ymin>563</ymin>
			<xmax>2127</xmax>
			<ymax>1301</ymax>
		</rectangle>
	</object>
	<object>
		<name>4</name>
		<pose>Unspecified</pose>
		<truncated>0</truncated>
		<difficult>0</difficult>
		<rectangle>
			<xmin>2306</xmin>
			<ymin>646</ymin>
			<xmax>2488</xmax>
			<ymax>1057</ymax>
		</rectangle>
	</object>
	<object>
		<name>7</name>
		<pose>Unspecified</pose>
		<truncated>0</truncated>
		<difficult>0</difficult>
		<rectangle>
			<xmin>1475</xmin>
			<ymin>566</ymin>
			<xmax>1633</xmax>
			<ymax>871</ymax>
		</rectangle>
	</object>
	<object>
		<name>3</name>
		<pose>Unspecified</pose>
		<truncated>0</truncated>
		<difficult>0</difficult>
		<rectangle>
			<xmin>878</xmin>
			<ymin>470</ymin>
			<xmax>1026</xmax>
			<ymax>894</ymax>
		</rectangle>
	</object>
	<object>
		<name>5</name>
		<pose>Unspecified</pose>
		<truncated>0</truncated>
		<difficult>0</difficult>
		<rectangle>
			<xmin>526</xmin>
			<ymin>445</ymin>
			<xmax>665</xmax>
			<ymax>866</ymax>
		</rectangle>
	</object>
</annotation>
