<annotation>
	<folder>V0-S_canteen_0-G_1_hor</folder>
	<filename>0002.jpg</filename>
	<source>
		<database>My Database</database>
		<annotation>VOC2007</annotation>
		<image>flickr</image>
		<flickrid>NULL</flickrid>
	</source>
	<owner>
		<flickrid>NULL</flickrid>
		<name>dcx</name>
	</owner>
	<size>
		<width>2704</width>
		<height>1520</height>
		<depth>3</depth>
	</size>
	<segmented>0</segmented>
	<object>
		<name>3</name>
		<pose>Unspecified</pose>
		<truncated>0</truncated>
		<difficult>0</difficult>
		<rectangle>
			<xmin>880</xmin>
			<ymin>471</ymin>
			<xmax>1029</xmax>
			<ymax>892</ymax>
		</rectangle>
	</object>
	<object>
		<name>4</name>
		<pose>Unspecified</pose>
		<truncated>0</truncated>
		<difficult>0</difficult>
		<rectangle>
			<xmin>2308</xmin>
			<ymin>645</ymin>
			<xmax>2490</xmax>
			<ymax>1058</ymax>
		</rectangle>
	</object>
	<object>
		<name>5</name>
		<pose>Unspecified</pose>
		<truncated>0</truncated>
		<difficult>0</difficult>
		<rectangle>
			<xmin>521</xmin>
			<ymin>444</ymin>
			<xmax>660</xmax>
			<ymax>865</ymax>
		</rectangle>
	</object>
	<object>
		<name>6</name>
		<pose>Unspecified</pose>
		<truncated>0</truncated>
		<difficult>0</difficult>
		<rectangle>
			<xmin>1834</xmin>
			<ymin>567</ymin>
			<xmax>2127</xmax>
			<ymax>1299</ymax>
		</rectangle>
	</object>
	<object>
		<name>7</name>
		<pose>Unspecified</pose>
		<truncated>0</truncated>
		<difficult>0</difficult>
		<rectangle>
			<xmin>1474</xmin>
			<ymin>567</ymin>
			<xmax>1630</xmax>
			<ymax>871</ymax>
		</rectangle>
	</object>
</annotation>
