<annotation>
	<folder>V0-S_canteen_0-G_1_hor</folder>
	<filename>0003.jpg</filename>
	<source>
		<database>My Database</database>
		<annotation>VOC2007</annotation>
		<image>flickr</image>
		<flickrid>NULL</flickrid>
	</source>
	<owner>
		<flickrid>NULL</flickrid>
		<name>dcx</name>
	</owner>
	<size>
		<width>2704</width>
		<height>1520</height>
		<depth>3</depth>
	</size>
	<segmented>0</segmented>
	<object>
		<name>3</name>
		<pose>Unspecified</pose>
		<truncated>0</truncated>
		<difficult>0</difficult>
		<rectangle>
			<xmin>882</xmin>
			<ymin>473</ymin>
			<xmax>1032</xmax>
			<ymax>890</ymax>
		</rectangle>
	</object>
	<object>
		<name>4</name>
		<pose>Unspecified</pose>
		<truncated>0</truncated>
		<difficult>0</difficult>
		<rectangle>
			<xmin>2310</xmin>
			<ymin>644</ymin>
			<xmax>2491</xmax>
			<ymax>1059</ymax>
		</rectangle>
	</object>
	<object>
		<name>5</name>
		<pose>Unspecified</pose>
		<truncated>0</truncated>
		<difficult>0</difficult>
		<rectangle>
			<xmin>515</xmin>
			<ymin>442</ymin>
			<xmax>655</xmax>
			<ymax>863</ymax>
		</rectangle>
	</object>
	<object>
		<name>6</name>
		<pose>Unspecified</pose>
		<truncated>0</truncated>
		<difficult>0</difficult>
		<rectangle>
			<xmin>1842</xmin>
			<ymin>571</ymin>
			<xmax>2127</xmax>
			<ymax>1296</ymax>
		</rectangle>
	</object>
	<object>
		<name>7</name>
		<pose>Unspecified</pose>
		<truncated>0</truncated>
		<difficult>0</difficult>
		<rectangle>
			<xmin>1473</xmin>
			<ymin>568</ymin>
			<xmax>1627</xmax>
			<ymax>871</ymax>
		</rectangle>
	</object>
</annotation>
