<annotation>
	<folder>V0-S_canteen_0-G_1_hor</folder>
	<filename>0004.jpg</filename>
	<source>
		<database>My Database</database>
		<annotation>VOC2007</annotation>
		<image>flickr</image>
		<flickrid>NULL</flickrid>
	</source>
	<owner>
		<flickrid>NULL</flickrid>
		<name>dcx</name>
	</owner>
	<size>
		<width>2704</width>
		<height>1520</height>
		<depth>3</depth>
	</size>
	<segmented>0</segmented>
	<object>
		<name>3</name>
		<pose>Unspecified</pose>
		<truncated>0</truncated>
		<difficult>0</difficult>
		<rectangle>
			<xmin>885</xmin>
			<ymin>474</ymin>
			<xmax>1035</xmax>
			<ymax>889</ymax>
		</rectangle>
	</object>
	<object>
		<name>4</name>
		<pose>Unspecified</pose>
		<truncated>0</truncated>
		<difficult>0</difficult>
		<rectangle>
			<xmin>2311</xmin>
			<ymin>644</ymin>
			<xmax>2493</xmax>
			<ymax>1061</ymax>
		</rectangle>
	</object>
	<object>
		<name>5</name>
		<pose>Unspecified</pose>
		<truncated>0</truncated>
		<difficult>0</difficult>
		<rectangle>
			<xmin>510</xmin>
			<ymin>441</ymin>
			<xmax>651</xmax>
			<ymax>862</ymax>
		</rectangle>
	</object>
	<object>
		<name>6</name>
		<pose>Unspecified</pose>
		<truncated>0</truncated>
		<difficult>0</difficult>
		<rectangle>
			<xmin>1849</xmin>
			<ymin>576</ymin>
			<xmax>2127</xmax>
			<ymax>1294</ymax>
		</rectangle>
	</object>
	<object>
		<name>7</name>
		<pose>Unspecified</pose>
		<truncated>0</truncated>
		<difficult>0</difficult>
		<rectangle>
			<xmin>1472</xmin>
			<ymin>570</ymin>
			<xmax>1623</xmax>
			<ymax>871</ymax>
		</rectangle>
	</object>
</annotation>
