<annotation>
	<folder>V0-S_canteen_0-G_1_hor</folder>
	<filename>0005.jpg</filename>
	<source>
		<database>My Database</database>
		<annotation>VOC2007</annotation>
		<image>flickr</image>
		<flickrid>NULL</flickrid>
	</source>
	<owner>
		<flickrid>NULL</flickrid>
		<name>dcx</name>
	</owner>
	<size>
		<width>2704</width>
		<height>1520</height>
		<depth>3</depth>
	</size>
	<segmented>0</segmented>
	<object>
		<name>3</name>
		<pose>Unspecified</pose>
		<truncated>0</truncated>
		<difficult>0</difficult>
		<rectangle>
			<xmin>887</xmin>
			<ymin>476</ymin>
			<xmax>1038</xmax>
			<ymax>887</ymax>
		</rectangle>
	</object>
	<object>
		<name>4</name>
		<pose>Unspecified</pose>
		<truncated>0</truncated>
		<difficult>0</difficult>
		<rectangle>
			<xmin>2313</xmin>
			<ymin>643</ymin>
			<xmax>2494</xmax>
			<ymax>1062</ymax>
		</rectangle>
	</object>
	<object>
		<name>5</name>
		<pose>Unspecified</pose>
		<truncated>0</truncated>
		<difficult>0</difficult>
		<rectangle>
			<xmin>504</xmin>
			<ymin>439</ymin>
			<xmax>646</xmax>
			<ymax>860</ymax>
		</rectangle>
	</object>
	<object>
		<name>6</name>
		<pose>Unspecified</pose>
		<truncated>0</truncated>
		<difficult>0</difficult>
		<rectangle>
			<xmin>1857</xmin>
			<ymin>580</ymin>
			<xmax>2127</xmax>
			<ymax>1291</ymax>
		</rectangle>
	</object>
	<object>
		<name>7</name>
		<pose>Unspecified</pose>
		<truncated>0</truncated>
		<difficult>0</difficult>
		<rectangle>
			<xmin>1471</xmin>
			<ymin>571</ymin>
			<xmax>1620</xmax>
			<ymax>871</ymax>
		</rectangle>
	</object>
</annotation>
