<annotation>
	<folder>V0-S_canteen_0-G_1_hor</folder>
	<filename>0006.jpg</filename>
	<source>
		<database>My Database</database>
		<annotation>VOC2007</annotation>
		<image>flickr</image>
		<flickrid>NULL</flickrid>
	</source>
	<owner>
		<flickrid>NULL</flickrid>
		<name>dcx</name>
	</owner>
	<size>
		<width>2704</width>
		<height>1520</height>
		<depth>3</depth>
	</size>
	<segmented>0</segmented>
	<object>
		<name>6</name>
		<pose>Unspecified</pose>
		<truncated>0</truncated>
		<difficult>0</difficult>
		<rectangle>
			<xmin>1865</xmin>
			<ymin>584</ymin>
			<xmax>2127</xmax>
			<ymax>1289</ymax>
		</rectangle>
	</object>
	<object>
		<name>4</name>
		<pose>Unspecified</pose>
		<truncated>0</truncated>
		<difficult>0</difficult>
		<rectangle>
			<xmin>2315</xmin>
			<ymin>642</ymin>
			<xmax>2496</xmax>
			<ymax>1063</ymax>
		</rectangle>
	</object>
	<object>
		<name>7</name>
		<pose>Unspecified</pose>
		<truncated>0</truncated>
		<difficult>0</difficult>
		<rectangle>
			<xmin>1470</xmin>
			<ymin>572</ymin>
			<xmax>1617</xmax>
			<ymax>871</ymax>
		</rectangle>
	</object>
	<object>
		<name>3</name>
		<pose>Unspecified</pose>
		<truncated>0</truncated>
		<difficult>0</difficult>
		<rectangle>
			<xmin>889</xmin>
			<ymin>477</ymin>
			<xmax>1041</xmax>
			<ymax>885</ymax>
		</rectangle>
	</object>
	<object>
		<name>5</name>
		<pose>Unspecified</pose>
		<truncated>0</truncated>
		<difficult>0</difficult>
		<rectangle>
			<xmin>499</xmin>
			<ymin>438</ymin>
			<xmax>641</xmax>
			<ymax>859</ymax>
		</rectangle>
	</object>
</annotation>
