<annotation>
	<folder>V0-S_canteen_0-G_1_hor</folder>
	<filename>0007.jpg</filename>
	<source>
		<database>My Database</database>
		<annotation>VOC2007</annotation>
		<image>flickr</image>
		<flickrid>NULL</flickrid>
	</source>
	<owner>
		<flickrid>NULL</flickrid>
		<name>dcx</name>
	</owner>
	<size>
		<width>2704</width>
		<height>1520</height>
		<depth>3</depth>
	</size>
	<segmented>0</segmented>
	<object>
		<name>3</name>
		<pose>Unspecified</pose>
		<truncated>0</truncated>
		<difficult>0</difficult>
		<rectangle>
			<xmin>894</xmin>
			<ymin>475</ymin>
			<xmax>1046</xmax>
			<ymax>881</ymax>
		</rectangle>
	</object>
	<object>
		<name>4</name>
		<pose>Unspecified</pose>
		<truncated>0</truncated>
		<difficult>0</difficult>
		<rectangle>
			<xmin>2317</xmin>
			<ymin>642</ymin>
			<xmax>2499</xmax>
			<ymax>1065</ymax>
		</rectangle>
	</object>
	<object>
		<name>5</name>
		<pose>Unspecified</pose>
		<truncated>0</truncated>
		<difficult>0</difficult>
		<rectangle>
			<xmin>481</xmin>
			<ymin>437</ymin>
			<xmax>637</xmax>
			<ymax>860</ymax>
		</rectangle>
	</object>
	<object>
		<name>6</name>
		<pose>Unspecified</pose>
		<truncated>0</truncated>
		<difficult>0</difficult>
		<rectangle>
			<xmin>1864</xmin>
			<ymin>583</ymin>
			<xmax>2137</xmax>
			<ymax>1285</ymax>
		</rectangle>
	</object>
	<object>
		<name>7</name>
		<pose>Unspecified</pose>
		<truncated>0</truncated>
		<difficult>0</difficult>
		<rectangle>
			<xmin>1470</xmin>
			<ymin>567</ymin>
			<xmax>1613</xmax>
			<ymax>872</ymax>
		</rectangle>
	</object>
</annotation>
