<annotation>
	<folder>V0-S_canteen_0-G_1_hor</folder>
	<filename>0008.jpg</filename>
	<source>
		<database>My Database</database>
		<annotation>VOC2007</annotation>
		<image>flickr</image>
		<flickrid>NULL</flickrid>
	</source>
	<owner>
		<flickrid>NULL</flickrid>
		<name>dcx</name>
	</owner>
	<size>
		<width>2704</width>
		<height>1520</height>
		<depth>3</depth>
	</size>
	<segmented>0</segmented>
	<object>
		<name>3</name>
		<pose>Unspecified</pose>
		<truncated>0</truncated>
		<difficult>0</difficult>
		<rectangle>
			<xmin>899</xmin>
			<ymin>473</ymin>
			<xmax>1051</xmax>
			<ymax>877</ymax>
		</rectangle>
	</object>
	<object>
		<name>4</name>
		<pose>Unspecified</pose>
		<truncated>0</truncated>
		<difficult>0</difficult>
		<rectangle>
			<xmin>2320</xmin>
			<ymin>641</ymin>
			<xmax>2502</xmax>
			<ymax>1066</ymax>
		</rectangle>
	</object>
	<object>
		<name>5</name>
		<pose>Unspecified</pose>
		<truncated>0</truncated>
		<difficult>0</difficult>
		<rectangle>
			<xmin>463</xmin>
			<ymin>436</ymin>
			<xmax>632</xmax>
			<ymax>860</ymax>
		</rectangle>
	</object>
	<object>
		<name>6</name>
		<pose>Unspecified</pose>
		<truncated>0</truncated>
		<difficult>0</difficult>
		<rectangle>
			<xmin>1864</xmin>
			<ymin>583</ymin>
			<xmax>2147</xmax>
			<ymax>1281</ymax>
		</rectangle>
	</object>
	<object>
		<name>7</name>
		<pose>Unspecified</pose>
		<truncated>0</truncated>
		<difficult>0</difficult>
		<rectangle>
			<xmin>1470</xmin>
			<ymin>562</ymin>
			<xmax>1610</xmax>
			<ymax>873</ymax>
		</rectangle>
	</object>
</annotation>
