<annotation>
	<folder>V0-S_canteen_0-G_1_hor</folder>
	<filename>0009.jpg</filename>
	<source>
		<database>My Database</database>
		<annotation>VOC2007</annotation>
		<image>flickr</image>
		<flickrid>NULL</flickrid>
	</source>
	<owner>
		<flickrid>NULL</flickrid>
		<name>dcx</name>
	</owner>
	<size>
		<width>2704</width>
		<height>1520</height>
		<depth>3</depth>
	</size>
	<segmented>0</segmented>
	<object>
		<name>3</name>
		<pose>Unspecified</pose>
		<truncated>0</truncated>
		<difficult>0</difficult>
		<rectangle>
			<xmin>905</xmin>
			<ymin>470</ymin>
			<xmax>1055</xmax>
			<ymax>872</ymax>
		</rectangle>
	</object>
	<object>
		<name>4</name>
		<pose>Unspecified</pose>
		<truncated>0</truncated>
		<difficult>0</difficult>
		<rectangle>
			<xmin>2322</xmin>
			<ymin>641</ymin>
			<xmax>2505</xmax>
			<ymax>1068</ymax>
		</rectangle>
	</object>
	<object>
		<name>5</name>
		<pose>Unspecified</pose>
		<truncated>0</truncated>
		<difficult>0</difficult>
		<rectangle>
			<xmin>445</xmin>
			<ymin>434</ymin>
			<xmax>628</xmax>
			<ymax>861</ymax>
		</rectangle>
	</object>
	<object>
		<name>6</name>
		<pose>Unspecified</pose>
		<truncated>0</truncated>
		<difficult>0</difficult>
		<rectangle>
			<xmin>1863</xmin>
			<ymin>582</ymin>
			<xmax>2158</xmax>
			<ymax>1276</ymax>
		</rectangle>
	</object>
	<object>
		<name>7</name>
		<pose>Unspecified</pose>
		<truncated>0</truncated>
		<difficult>0</difficult>
		<rectangle>
			<xmin>1471</xmin>
			<ymin>556</ymin>
			<xmax>1606</xmax>
			<ymax>874</ymax>
		</rectangle>
	</object>
</annotation>
