<annotation>
	<folder>V0-S_canteen_0-G_1_hor</folder>
	<filename>0010.jpg</filename>
	<source>
		<database>My Database</database>
		<annotation>VOC2007</annotation>
		<image>flickr</image>
		<flickrid>NULL</flickrid>
	</source>
	<owner>
		<flickrid>NULL</flickrid>
		<name>dcx</name>
	</owner>
	<size>
		<width>2704</width>
		<height>1520</height>
		<depth>3</depth>
	</size>
	<segmented>0</segmented>
	<object>
		<name>3</name>
		<pose>Unspecified</pose>
		<truncated>0</truncated>
		<difficult>0</difficult>
		<rectangle>
			<xmin>910</xmin>
			<ymin>468</ymin>
			<xmax>1060</xmax>
			<ymax>868</ymax>
		</rectangle>
	</object>
	<object>
		<name>4</name>
		<pose>Unspecified</pose>
		<truncated>0</truncated>
		<difficult>0</difficult>
		<rectangle>
			<xmin>2325</xmin>
			<ymin>640</ymin>
			<xmax>2508</xmax>
			<ymax>1069</ymax>
		</rectangle>
	</object>
	<object>
		<name>5</name>
		<pose>Unspecified</pose>
		<truncated>0</truncated>
		<difficult>0</difficult>
		<rectangle>
			<xmin>427</xmin>
			<ymin>433</ymin>
			<xmax>623</xmax>
			<ymax>861</ymax>
		</rectangle>
	</object>
	<object>
		<name>6</name>
		<pose>Unspecified</pose>
		<truncated>0</truncated>
		<difficult>0</difficult>
		<rectangle>
			<xmin>1863</xmin>
			<ymin>582</ymin>
			<xmax>2168</xmax>
			<ymax>1272</ymax>
		</rectangle>
	</object>
	<object>
		<name>7</name>
		<pose>Unspecified</pose>
		<truncated>0</truncated>
		<difficult>0</difficult>
		<rectangle>
			<xmin>1471</xmin>
			<ymin>551</ymin>
			<xmax>1603</xmax>
			<ymax>875</ymax>
		</rectangle>
	</object>
</annotation>
