<annotation>
	<folder>V0-S_canteen_0-G_1_hor</folder>
	<filename>0011.jpg</filename>
	<source>
		<database>My Database</database>
		<annotation>VOC2007</annotation>
		<image>flickr</image>
		<flickrid>NULL</flickrid>
	</source>
	<owner>
		<flickrid>NULL</flickrid>
		<name>dcx</name>
	</owner>
	<size>
		<width>2704</width>
		<height>1520</height>
		<depth>3</depth>
	</size>
	<segmented>0</segmented>
	<object>
		<name>6</name>
		<pose>Unspecified</pose>
		<truncated>0</truncated>
		<difficult>0</difficult>
		<rectangle>
			<xmin>1862</xmin>
			<ymin>581</ymin>
			<xmax>2178</xmax>
			<ymax>1268</ymax>
		</rectangle>
	</object>
	<object>
		<name>4</name>
		<pose>Unspecified</pose>
		<truncated>0</truncated>
		<difficult>0</difficult>
		<rectangle>
			<xmin>2327</xmin>
			<ymin>640</ymin>
			<xmax>2511</xmax>
			<ymax>1071</ymax>
		</rectangle>
	</object>
	<object>
		<name>7</name>
		<pose>Unspecified</pose>
		<truncated>0</truncated>
		<difficult>0</difficult>
		<rectangle>
			<xmin>1471</xmin>
			<ymin>546</ymin>
			<xmax>1599</xmax>
			<ymax>876</ymax>
		</rectangle>
	</object>
	<object>
		<name>3</name>
		<pose>Unspecified</pose>
		<truncated>0</truncated>
		<difficult>0</difficult>
		<rectangle>
			<xmin>915</xmin>
			<ymin>466</ymin>
			<xmax>1065</xmax>
			<ymax>864</ymax>
		</rectangle>
	</object>
	<object>
		<name>5</name>
		<pose>Unspecified</pose>
		<truncated>0</truncated>
		<difficult>0</difficult>
		<rectangle>
			<xmin>409</xmin>
			<ymin>432</ymin>
			<xmax>619</xmax>
			<ymax>862</ymax>
		</rectangle>
	</object>
</annotation>
