<annotation>
	<folder>V0-S_canteen_0-G_1_hor</folder>
	<filename>0012.jpg</filename>
	<source>
		<database>My Database</database>
		<annotation>VOC2007</annotation>
		<image>flickr</image>
		<flickrid>NULL</flickrid>
	</source>
	<owner>
		<flickrid>NULL</flickrid>
		<name>dcx</name>
	</owner>
	<size>
		<width>2704</width>
		<height>1520</height>
		<depth>3</depth>
	</size>
	<segmented>0</segmented>
	<object>
		<name>3</name>
		<pose>Unspecified</pose>
		<truncated>0</truncated>
		<difficult>0</difficult>
		<rectangle>
			<xmin>921</xmin>
			<ymin>467</ymin>
			<xmax>1065</xmax>
			<ymax>861</ymax>
		</rectangle>
	</object>
	<object>
		<name>4</name>
		<pose>Unspecified</pose>
		<truncated>0</truncated>
		<difficult>0</difficult>
		<rectangle>
			<xmin>2327</xmin>
			<ymin>641</ymin>
			<xmax>2513</xmax>
			<ymax>1075</ymax>
		</rectangle>
	</object>
	<object>
		<name>5</name>
		<pose>Unspecified</pose>
		<truncated>0</truncated>
		<difficult>0</difficult>
		<rectangle>
			<xmin>406</xmin>
			<ymin>432</ymin>
			<xmax>614</xmax>
			<ymax>865</ymax>
		</rectangle>
	</object>
	<object>
		<name>6</name>
		<pose>Unspecified</pose>
		<truncated>0</truncated>
		<difficult>0</difficult>
		<rectangle>
			<xmin>1867</xmin>
			<ymin>579</ymin>
			<xmax>2187</xmax>
			<ymax>1255</ymax>
		</rectangle>
	</object>
	<object>
		<name>7</name>
		<pose>Unspecified</pose>
		<truncated>0</truncated>
		<difficult>0</difficult>
		<rectangle>
			<xmin>1470</xmin>
			<ymin>545</ymin>
			<xmax>1595</xmax>
			<ymax>874</ymax>
		</rectangle>
	</object>
</annotation>
