<annotation>
	<folder>V0-S_canteen_0-G_1_hor</folder>
	<filename>0013.jpg</filename>
	<source>
		<database>My Database</database>
		<annotation>VOC2007</annotation>
		<image>flickr</image>
		<flickrid>NULL</flickrid>
	</source>
	<owner>
		<flickrid>NULL</flickrid>
		<name>dcx</name>
	</owner>
	<size>
		<width>2704</width>
		<height>1520</height>
		<depth>3</depth>
	</size>
	<segmented>0</segmented>
	<object>
		<name>3</name>
		<pose>Unspecified</pose>
		<truncated>0</truncated>
		<difficult>0</difficult>
		<rectangle>
			<xmin>927</xmin>
			<ymin>468</ymin>
			<xmax>1064</xmax>
			<ymax>858</ymax>
		</rectangle>
	</object>
	<object>
		<name>4</name>
		<pose>Unspecified</pose>
		<truncated>0</truncated>
		<difficult>0</difficult>
		<rectangle>
			<xmin>2326</xmin>
			<ymin>642</ymin>
			<xmax>2514</xmax>
			<ymax>1078</ymax>
		</rectangle>
	</object>
	<object>
		<name>5</name>
		<pose>Unspecified</pose>
		<truncated>0</truncated>
		<difficult>0</difficult>
		<rectangle>
			<xmin>403</xmin>
			<ymin>431</ymin>
			<xmax>609</xmax>
			<ymax>867</ymax>
		</rectangle>
	</object>
	<object>
		<name>6</name>
		<pose>Unspecified</pose>
		<truncated>0</truncated>
		<difficult>0</difficult>
		<rectangle>
			<xmin>1873</xmin>
			<ymin>576</ymin>
			<xmax>2196</xmax>
			<ymax>1243</ymax>
		</rectangle>
	</object>
	<object>
		<name>7</name>
		<pose>Unspecified</pose>
		<truncated>0</truncated>
		<difficult>0</difficult>
		<rectangle>
			<xmin>1469</xmin>
			<ymin>545</ymin>
			<xmax>1592</xmax>
			<ymax>873</ymax>
		</rectangle>
	</object>
</annotation>
