<annotation>
	<folder>V0-S_canteen_0-G_1_hor</folder>
	<filename>0014.jpg</filename>
	<source>
		<database>My Database</database>
		<annotation>VOC2007</annotation>
		<image>flickr</image>
		<flickrid>NULL</flickrid>
	</source>
	<owner>
		<flickrid>NULL</flickrid>
		<name>dcx</name>
	</owner>
	<size>
		<width>2704</width>
		<height>1520</height>
		<depth>3</depth>
	</size>
	<segmented>0</segmented>
	<object>
		<name>3</name>
		<pose>Unspecified</pose>
		<truncated>0</truncated>
		<difficult>0</difficult>
		<rectangle>
			<xmin>933</xmin>
			<ymin>468</ymin>
			<xmax>1064</xmax>
			<ymax>854</ymax>
		</rectangle>
	</object>
	<object>
		<name>4</name>
		<pose>Unspecified</pose>
		<truncated>0</truncated>
		<difficult>0</difficult>
		<rectangle>
			<xmin>2326</xmin>
			<ymin>644</ymin>
			<xmax>2516</xmax>
			<ymax>1082</ymax>
		</rectangle>
	</object>
	<object>
		<name>5</name>
		<pose>Unspecified</pose>
		<truncated>0</truncated>
		<difficult>0</difficult>
		<rectangle>
			<xmin>399</xmin>
			<ymin>431</ymin>
			<xmax>603</xmax>
			<ymax>870</ymax>
		</rectangle>
	</object>
	<object>
		<name>6</name>
		<pose>Unspecified</pose>
		<truncated>0</truncated>
		<difficult>0</difficult>
		<rectangle>
			<xmin>1878</xmin>
			<ymin>574</ymin>
			<xmax>2205</xmax>
			<ymax>1230</ymax>
		</rectangle>
	</object>
	<object>
		<name>7</name>
		<pose>Unspecified</pose>
		<truncated>0</truncated>
		<difficult>0</difficult>
		<rectangle>
			<xmin>1469</xmin>
			<ymin>544</ymin>
			<xmax>1588</xmax>
			<ymax>871</ymax>
		</rectangle>
	</object>
</annotation>
