<annotation>
	<folder>V0-S_canteen_0-G_1_hor</folder>
	<filename>0015.jpg</filename>
	<source>
		<database>My Database</database>
		<annotation>VOC2007</annotation>
		<image>flickr</image>
		<flickrid>NULL</flickrid>
	</source>
	<owner>
		<flickrid>NULL</flickrid>
		<name>dcx</name>
	</owner>
	<size>
		<width>2704</width>
		<height>1520</height>
		<depth>3</depth>
	</size>
	<segmented>0</segmented>
	<object>
		<name>3</name>
		<pose>Unspecified</pose>
		<truncated>0</truncated>
		<difficult>0</difficult>
		<rectangle>
			<xmin>939</xmin>
			<ymin>469</ymin>
			<xmax>1063</xmax>
			<ymax>851</ymax>
		</rectangle>
	</object>
	<object>
		<name>4</name>
		<pose>Unspecified</pose>
		<truncated>0</truncated>
		<difficult>0</difficult>
		<rectangle>
			<xmin>2325</xmin>
			<ymin>645</ymin>
			<xmax>2517</xmax>
			<ymax>1085</ymax>
		</rectangle>
	</object>
	<object>
		<name>5</name>
		<pose>Unspecified</pose>
		<truncated>0</truncated>
		<difficult>0</difficult>
		<rectangle>
			<xmin>396</xmin>
			<ymin>430</ymin>
			<xmax>598</xmax>
			<ymax>872</ymax>
		</rectangle>
	</object>
	<object>
		<name>6</name>
		<pose>Unspecified</pose>
		<truncated>0</truncated>
		<difficult>0</difficult>
		<rectangle>
			<xmin>1884</xmin>
			<ymin>571</ymin>
			<xmax>2214</xmax>
			<ymax>1218</ymax>
		</rectangle>
	</object>
	<object>
		<name>7</name>
		<pose>Unspecified</pose>
		<truncated>0</truncated>
		<difficult>0</difficult>
		<rectangle>
			<xmin>1468</xmin>
			<ymin>544</ymin>
			<xmax>1585</xmax>
			<ymax>870</ymax>
		</rectangle>
	</object>
</annotation>
