<annotation>
	<folder>V0-S_canteen_0-G_1_hor</folder>
	<filename>0016.jpg</filename>
	<source>
		<database>My Database</database>
		<annotation>VOC2007</annotation>
		<image>flickr</image>
		<flickrid>NULL</flickrid>
	</source>
	<owner>
		<flickrid>NULL</flickrid>
		<name>dcx</name>
	</owner>
	<size>
		<width>2704</width>
		<height>1520</height>
		<depth>3</depth>
	</size>
	<segmented>0</segmented>
	<object>
		<name>6</name>
		<pose>Unspecified</pose>
		<truncated>0</truncated>
		<difficult>0</difficult>
		<rectangle>
			<xmin>1889</xmin>
			<ymin>569</ymin>
			<xmax>2223</xmax>
			<ymax>1205</ymax>
		</rectangle>
	</object>
	<object>
		<name>4</name>
		<pose>Unspecified</pose>
		<truncated>0</truncated>
		<difficult>0</difficult>
		<rectangle>
			<xmin>2325</xmin>
			<ymin>646</ymin>
			<xmax>2519</xmax>
			<ymax>1089</ymax>
		</rectangle>
	</object>
	<object>
		<name>7</name>
		<pose>Unspecified</pose>
		<truncated>0</truncated>
		<difficult>0</difficult>
		<rectangle>
			<xmin>1467</xmin>
			<ymin>543</ymin>
			<xmax>1581</xmax>
			<ymax>868</ymax>
		</rectangle>
	</object>
	<object>
		<name>3</name>
		<pose>Unspecified</pose>
		<truncated>0</truncated>
		<difficult>0</difficult>
		<rectangle>
			<xmin>945</xmin>
			<ymin>470</ymin>
			<xmax>1063</xmax>
			<ymax>848</ymax>
		</rectangle>
	</object>
	<object>
		<name>5</name>
		<pose>Unspecified</pose>
		<truncated>0</truncated>
		<difficult>0</difficult>
		<rectangle>
			<xmin>393</xmin>
			<ymin>430</ymin>
			<xmax>593</xmax>
			<ymax>875</ymax>
		</rectangle>
	</object>
</annotation>
