<annotation>
	<folder>V0-S_canteen_0-G_1_hor</folder>
	<filename>0017.jpg</filename>
	<source>
		<database>My Database</database>
		<annotation>VOC2007</annotation>
		<image>flickr</image>
		<flickrid>NULL</flickrid>
	</source>
	<owner>
		<flickrid>NULL</flickrid>
		<name>dcx</name>
	</owner>
	<size>
		<width>2704</width>
		<height>1520</height>
		<depth>3</depth>
	</size>
	<segmented>0</segmented>
	<object>
		<name>3</name>
		<pose>Unspecified</pose>
		<truncated>0</truncated>
		<difficult>0</difficult>
		<rectangle>
			<xmin>949</xmin>
			<ymin>471</ymin>
			<xmax>1067</xmax>
			<ymax>848</ymax>
		</rectangle>
	</object>
	<object>
		<name>4</name>
		<pose>Unspecified</pose>
		<truncated>0</truncated>
		<difficult>0</difficult>
		<rectangle>
			<xmin>2324</xmin>
			<ymin>644</ymin>
			<xmax>2522</xmax>
			<ymax>1090</ymax>
		</rectangle>
	</object>
	<object>
		<name>5</name>
		<pose>Unspecified</pose>
		<truncated>0</truncated>
		<difficult>0</difficult>
		<rectangle>
			<xmin>394</xmin>
			<ymin>427</ymin>
			<xmax>587</xmax>
			<ymax>874</ymax>
		</rectangle>
	</object>
	<object>
		<name>6</name>
		<pose>Unspecified</pose>
		<truncated>0</truncated>
		<difficult>0</difficult>
		<rectangle>
			<xmin>1891</xmin>
			<ymin>569</ymin>
			<xmax>2226</xmax>
			<ymax>1205</ymax>
		</rectangle>
	</object>
	<object>
		<name>7</name>
		<pose>Unspecified</pose>
		<truncated>0</truncated>
		<difficult>0</difficult>
		<rectangle>
			<xmin>1466</xmin>
			<ymin>542</ymin>
			<xmax>1578</xmax>
			<ymax>871</ymax>
		</rectangle>
	</object>
</annotation>
