<annotation>
	<folder>V0-S_canteen_0-G_1_hor</folder>
	<filename>0019.jpg</filename>
	<source>
		<database>My Database</database>
		<annotation>VOC2007</annotation>
		<image>flickr</image>
		<flickrid>NULL</flickrid>
	</source>
	<owner>
		<flickrid>NULL</flickrid>
		<name>dcx</name>
	</owner>
	<size>
		<width>2704</width>
		<height>1520</height>
		<depth>3</depth>
	</size>
	<segmented>0</segmented>
	<object>
		<name>3</name>
		<pose>Unspecified</pose>
		<truncated>0</truncated>
		<difficult>0</difficult>
		<rectangle>
			<xmin>958</xmin>
			<ymin>473</ymin>
			<xmax>1074</xmax>
			<ymax>847</ymax>
		</rectangle>
	</object>
	<object>
		<name>4</name>
		<pose>Unspecified</pose>
		<truncated>0</truncated>
		<difficult>0</difficult>
		<rectangle>
			<xmin>2323</xmin>
			<ymin>641</ymin>
			<xmax>2527</xmax>
			<ymax>1092</ymax>
		</rectangle>
	</object>
	<object>
		<name>5</name>
		<pose>Unspecified</pose>
		<truncated>0</truncated>
		<difficult>0</difficult>
		<rectangle>
			<xmin>395</xmin>
			<ymin>421</ymin>
			<xmax>575</xmax>
			<ymax>872</ymax>
		</rectangle>
	</object>
	<object>
		<name>6</name>
		<pose>Unspecified</pose>
		<truncated>0</truncated>
		<difficult>0</difficult>
		<rectangle>
			<xmin>1894</xmin>
			<ymin>569</ymin>
			<xmax>2232</xmax>
			<ymax>1205</ymax>
		</rectangle>
	</object>
	<object>
		<name>7</name>
		<pose>Unspecified</pose>
		<truncated>0</truncated>
		<difficult>0</difficult>
		<rectangle>
			<xmin>1465</xmin>
			<ymin>540</ymin>
			<xmax>1572</xmax>
			<ymax>876</ymax>
		</rectangle>
	</object>
</annotation>
