<annotation>
	<folder>V0-S_canteen_0-G_1_hor</folder>
	<filename>0020.jpg</filename>
	<source>
		<database>My Database</database>
		<annotation>VOC2007</annotation>
		<image>flickr</image>
		<flickrid>NULL</flickrid>
	</source>
	<owner>
		<flickrid>NULL</flickrid>
		<name>dcx</name>
	</owner>
	<size>
		<width>2704</width>
		<height>1520</height>
		<depth>3</depth>
	</size>
	<segmented>0</segmented>
	<object>
		<name>3</name>
		<pose>Unspecified</pose>
		<truncated>0</truncated>
		<difficult>0</difficult>
		<rectangle>
			<xmin>963</xmin>
			<ymin>474</ymin>
			<xmax>1077</xmax>
			<ymax>846</ymax>
		</rectangle>
	</object>
	<object>
		<name>4</name>
		<pose>Unspecified</pose>
		<truncated>0</truncated>
		<difficult>0</difficult>
		<rectangle>
			<xmin>2322</xmin>
			<ymin>640</ymin>
			<xmax>2530</xmax>
			<ymax>1093</ymax>
		</rectangle>
	</object>
	<object>
		<name>5</name>
		<pose>Unspecified</pose>
		<truncated>0</truncated>
		<difficult>0</difficult>
		<rectangle>
			<xmin>396</xmin>
			<ymin>418</ymin>
			<xmax>569</xmax>
			<ymax>871</ymax>
		</rectangle>
	</object>
	<object>
		<name>6</name>
		<pose>Unspecified</pose>
		<truncated>0</truncated>
		<difficult>0</difficult>
		<rectangle>
			<xmin>1896</xmin>
			<ymin>569</ymin>
			<xmax>2235</xmax>
			<ymax>1205</ymax>
		</rectangle>
	</object>
	<object>
		<name>7</name>
		<pose>Unspecified</pose>
		<truncated>0</truncated>
		<difficult>0</difficult>
		<rectangle>
			<xmin>1465</xmin>
			<ymin>539</ymin>
			<xmax>1569</xmax>
			<ymax>879</ymax>
		</rectangle>
	</object>
</annotation>
