<annotation>
	<folder>V0-S_canteen_0-G_1_hor</folder>
	<filename>0023.jpg</filename>
	<source>
		<database>My Database</database>
		<annotation>VOC2007</annotation>
		<image>flickr</image>
		<flickrid>NULL</flickrid>
	</source>
	<owner>
		<flickrid>NULL</flickrid>
		<name>dcx</name>
	</owner>
	<size>
		<width>2704</width>
		<height>1520</height>
		<depth>3</depth>
	</size>
	<segmented>0</segmented>
	<object>
		<name>3</name>
		<pose>Unspecified</pose>
		<truncated>0</truncated>
		<difficult>0</difficult>
		<rectangle>
			<xmin>968</xmin>
			<ymin>475</ymin>
			<xmax>1088</xmax>
			<ymax>844</ymax>
		</rectangle>
	</object>
	<object>
		<name>4</name>
		<pose>Unspecified</pose>
		<truncated>0</truncated>
		<difficult>0</difficult>
		<rectangle>
			<xmin>2320</xmin>
			<ymin>636</ymin>
			<xmax>2533</xmax>
			<ymax>1093</ymax>
		</rectangle>
	</object>
	<object>
		<name>5</name>
		<pose>Unspecified</pose>
		<truncated>0</truncated>
		<difficult>0</difficult>
		<rectangle>
			<xmin>384</xmin>
			<ymin>414</ymin>
			<xmax>548</xmax>
			<ymax>874</ymax>
		</rectangle>
	</object>
	<object>
		<name>6</name>
		<pose>Unspecified</pose>
		<truncated>0</truncated>
		<difficult>0</difficult>
		<rectangle>
			<xmin>1894</xmin>
			<ymin>575</ymin>
			<xmax>2238</xmax>
			<ymax>1205</ymax>
		</rectangle>
	</object>
	<object>
		<name>7</name>
		<pose>Unspecified</pose>
		<truncated>0</truncated>
		<difficult>0</difficult>
		<rectangle>
			<xmin>1455</xmin>
			<ymin>539</ymin>
			<xmax>1561</xmax>
			<ymax>881</ymax>
		</rectangle>
	</object>
</annotation>
