<annotation>
	<folder>V0-S_canteen_0-G_1_hor</folder>
	<filename>0024.jpg</filename>
	<source>
		<database>My Database</database>
		<annotation>VOC2007</annotation>
		<image>flickr</image>
		<flickrid>NULL</flickrid>
	</source>
	<owner>
		<flickrid>NULL</flickrid>
		<name>dcx</name>
	</owner>
	<size>
		<width>2704</width>
		<height>1520</height>
		<depth>3</depth>
	</size>
	<segmented>0</segmented>
	<object>
		<name>3</name>
		<pose>Unspecified</pose>
		<truncated>0</truncated>
		<difficult>0</difficult>
		<rectangle>
			<xmin>968</xmin>
			<ymin>476</ymin>
			<xmax>1091</xmax>
			<ymax>843</ymax>
		</rectangle>
	</object>
	<object>
		<name>4</name>
		<pose>Unspecified</pose>
		<truncated>0</truncated>
		<difficult>0</difficult>
		<rectangle>
			<xmin>2320</xmin>
			<ymin>635</ymin>
			<xmax>2532</xmax>
			<ymax>1093</ymax>
		</rectangle>
	</object>
	<object>
		<name>5</name>
		<pose>Unspecified</pose>
		<truncated>0</truncated>
		<difficult>0</difficult>
		<rectangle>
			<xmin>378</xmin>
			<ymin>413</ymin>
			<xmax>541</xmax>
			<ymax>876</ymax>
		</rectangle>
	</object>
	<object>
		<name>6</name>
		<pose>Unspecified</pose>
		<truncated>0</truncated>
		<difficult>0</difficult>
		<rectangle>
			<xmin>1893</xmin>
			<ymin>578</ymin>
			<xmax>2238</xmax>
			<ymax>1205</ymax>
		</rectangle>
	</object>
	<object>
		<name>7</name>
		<pose>Unspecified</pose>
		<truncated>0</truncated>
		<difficult>0</difficult>
		<rectangle>
			<xmin>1451</xmin>
			<ymin>540</ymin>
			<xmax>1559</xmax>
			<ymax>881</ymax>
		</rectangle>
	</object>
</annotation>
