<annotation>
	<folder>V0-S_canteen_0-G_1_hor</folder>
	<filename>0026.jpg</filename>
	<source>
		<database>My Database</database>
		<annotation>VOC2007</annotation>
		<image>flickr</image>
		<flickrid>NULL</flickrid>
	</source>
	<owner>
		<flickrid>NULL</flickrid>
		<name>dcx</name>
	</owner>
	<size>
		<width>2704</width>
		<height>1520</height>
		<depth>3</depth>
	</size>
	<segmented>0</segmented>
	<object>
		<name>6</name>
		<pose>Unspecified</pose>
		<truncated>0</truncated>
		<difficult>0</difficult>
		<rectangle>
			<xmin>1889</xmin>
			<ymin>584</ymin>
			<xmax>2238</xmax>
			<ymax>1205</ymax>
		</rectangle>
	</object>
	<object>
		<name>4</name>
		<pose>Unspecified</pose>
		<truncated>0</truncated>
		<difficult>0</difficult>
		<rectangle>
			<xmin>2319</xmin>
			<ymin>633</ymin>
			<xmax>2532</xmax>
			<ymax>1092</ymax>
		</rectangle>
	</object>
	<object>
		<name>7</name>
		<pose>Unspecified</pose>
		<truncated>0</truncated>
		<difficult>0</difficult>
		<rectangle>
			<xmin>1442</xmin>
			<ymin>541</ymin>
			<xmax>1554</xmax>
			<ymax>880</ymax>
		</rectangle>
	</object>
	<object>
		<name>3</name>
		<pose>Unspecified</pose>
		<truncated>0</truncated>
		<difficult>0</difficult>
		<rectangle>
			<xmin>969</xmin>
			<ymin>476</ymin>
			<xmax>1098</xmax>
			<ymax>841</ymax>
		</rectangle>
	</object>
	<object>
		<name>5</name>
		<pose>Unspecified</pose>
		<truncated>0</truncated>
		<difficult>0</difficult>
		<rectangle>
			<xmin>365</xmin>
			<ymin>412</ymin>
			<xmax>526</xmax>
			<ymax>880</ymax>
		</rectangle>
	</object>
</annotation>
