<annotation>
	<folder>V0-S_canteen_0-G_1_hor</folder>
	<filename>0027.jpg</filename>
	<source>
		<database>My Database</database>
		<annotation>VOC2007</annotation>
		<image>flickr</image>
		<flickrid>NULL</flickrid>
	</source>
	<owner>
		<flickrid>NULL</flickrid>
		<name>dcx</name>
	</owner>
	<size>
		<width>2704</width>
		<height>1520</height>
		<depth>3</depth>
	</size>
	<segmented>0</segmented>
	<object>
		<name>3</name>
		<pose>Unspecified</pose>
		<truncated>0</truncated>
		<difficult>0</difficult>
		<rectangle>
			<xmin>975</xmin>
			<ymin>473</ymin>
			<xmax>1101</xmax>
			<ymax>837</ymax>
		</rectangle>
	</object>
	<object>
		<name>4</name>
		<pose>Unspecified</pose>
		<truncated>0</truncated>
		<difficult>0</difficult>
		<rectangle>
			<xmin>2312</xmin>
			<ymin>633</ymin>
			<xmax>2531</xmax>
			<ymax>1092</ymax>
		</rectangle>
	</object>
	<object>
		<name>5</name>
		<pose>Unspecified</pose>
		<truncated>0</truncated>
		<difficult>0</difficult>
		<rectangle>
			<xmin>358</xmin>
			<ymin>411</ymin>
			<xmax>521</xmax>
			<ymax>883</ymax>
		</rectangle>
	</object>
	<object>
		<name>6</name>
		<pose>Unspecified</pose>
		<truncated>0</truncated>
		<difficult>0</difficult>
		<rectangle>
			<xmin>1888</xmin>
			<ymin>583</ymin>
			<xmax>2237</xmax>
			<ymax>1203</ymax>
		</rectangle>
	</object>
	<object>
		<name>7</name>
		<pose>Unspecified</pose>
		<truncated>0</truncated>
		<difficult>0</difficult>
		<rectangle>
			<xmin>1439</xmin>
			<ymin>542</ymin>
			<xmax>1551</xmax>
			<ymax>882</ymax>
		</rectangle>
	</object>
</annotation>
