<annotation>
	<folder>V0-S_canteen_0-G_1_hor</folder>
	<filename>0029.jpg</filename>
	<source>
		<database>My Database</database>
		<annotation>VOC2007</annotation>
		<image>flickr</image>
		<flickrid>NULL</flickrid>
	</source>
	<owner>
		<flickrid>NULL</flickrid>
		<name>dcx</name>
	</owner>
	<size>
		<width>2704</width>
		<height>1520</height>
		<depth>3</depth>
	</size>
	<segmented>0</segmented>
	<object>
		<name>3</name>
		<pose>Unspecified</pose>
		<truncated>0</truncated>
		<difficult>0</difficult>
		<rectangle>
			<xmin>986</xmin>
			<ymin>468</ymin>
			<xmax>1108</xmax>
			<ymax>830</ymax>
		</rectangle>
	</object>
	<object>
		<name>4</name>
		<pose>Unspecified</pose>
		<truncated>0</truncated>
		<difficult>0</difficult>
		<rectangle>
			<xmin>2299</xmin>
			<ymin>633</ymin>
			<xmax>2528</xmax>
			<ymax>1092</ymax>
		</rectangle>
	</object>
	<object>
		<name>5</name>
		<pose>Unspecified</pose>
		<truncated>0</truncated>
		<difficult>0</difficult>
		<rectangle>
			<xmin>345</xmin>
			<ymin>410</ymin>
			<xmax>512</xmax>
			<ymax>888</ymax>
		</rectangle>
	</object>
	<object>
		<name>6</name>
		<pose>Unspecified</pose>
		<truncated>0</truncated>
		<difficult>0</difficult>
		<rectangle>
			<xmin>1887</xmin>
			<ymin>582</ymin>
			<xmax>2236</xmax>
			<ymax>1198</ymax>
		</rectangle>
	</object>
	<object>
		<name>7</name>
		<pose>Unspecified</pose>
		<truncated>0</truncated>
		<difficult>0</difficult>
		<rectangle>
			<xmin>1434</xmin>
			<ymin>543</ymin>
			<xmax>1545</xmax>
			<ymax>887</ymax>
		</rectangle>
	</object>
</annotation>
