<annotation>
	<folder>V0-S_canteen_0-G_1_hor</folder>
	<filename>0031.jpg</filename>
	<source>
		<database>My Database</database>
		<annotation>VOC2007</annotation>
		<image>flickr</image>
		<flickrid>NULL</flickrid>
	</source>
	<owner>
		<flickrid>NULL</flickrid>
		<name>dcx</name>
	</owner>
	<size>
		<width>2704</width>
		<height>1520</height>
		<depth>3</depth>
	</size>
	<segmented>0</segmented>
	<object>
		<name>6</name>
		<pose>Unspecified</pose>
		<truncated>0</truncated>
		<difficult>0</difficult>
		<rectangle>
			<xmin>1886</xmin>
			<ymin>581</ymin>
			<xmax>2235</xmax>
			<ymax>1193</ymax>
		</rectangle>
	</object>
	<object>
		<name>4</name>
		<pose>Unspecified</pose>
		<truncated>0</truncated>
		<difficult>0</difficult>
		<rectangle>
			<xmin>2286</xmin>
			<ymin>633</ymin>
			<xmax>2525</xmax>
			<ymax>1092</ymax>
		</rectangle>
	</object>
	<object>
		<name>7</name>
		<pose>Unspecified</pose>
		<truncated>0</truncated>
		<difficult>0</difficult>
		<rectangle>
			<xmin>1429</xmin>
			<ymin>545</ymin>
			<xmax>1539</xmax>
			<ymax>891</ymax>
		</rectangle>
	</object>
	<object>
		<name>3</name>
		<pose>Unspecified</pose>
		<truncated>0</truncated>
		<difficult>0</difficult>
		<rectangle>
			<xmin>998</xmin>
			<ymin>462</ymin>
			<xmax>1114</xmax>
			<ymax>823</ymax>
		</rectangle>
	</object>
	<object>
		<name>5</name>
		<pose>Unspecified</pose>
		<truncated>0</truncated>
		<difficult>0</difficult>
		<rectangle>
			<xmin>331</xmin>
			<ymin>409</ymin>
			<xmax>503</xmax>
			<ymax>893</ymax>
		</rectangle>
	</object>
</annotation>
