<annotation>
	<folder>V0-S_canteen_0-G_1_hor</folder>
	<filename>0033.jpg</filename>
	<source>
		<database>My Database</database>
		<annotation>VOC2007</annotation>
		<image>flickr</image>
		<flickrid>NULL</flickrid>
	</source>
	<owner>
		<flickrid>NULL</flickrid>
		<name>dcx</name>
	</owner>
	<size>
		<width>2704</width>
		<height>1520</height>
		<depth>3</depth>
	</size>
	<segmented>0</segmented>
	<object>
		<name>3</name>
		<pose>Unspecified</pose>
		<truncated>0</truncated>
		<difficult>0</difficult>
		<rectangle>
			<xmin>1002</xmin>
			<ymin>468</ymin>
			<xmax>1122</xmax>
			<ymax>824</ymax>
		</rectangle>
	</object>
	<object>
		<name>4</name>
		<pose>Unspecified</pose>
		<truncated>0</truncated>
		<difficult>0</difficult>
		<rectangle>
			<xmin>2282</xmin>
			<ymin>635</ymin>
			<xmax>2520</xmax>
			<ymax>1092</ymax>
		</rectangle>
	</object>
	<object>
		<name>5</name>
		<pose>Unspecified</pose>
		<truncated>0</truncated>
		<difficult>0</difficult>
		<rectangle>
			<xmin>323</xmin>
			<ymin>408</ymin>
			<xmax>495</xmax>
			<ymax>900</ymax>
		</rectangle>
	</object>
	<object>
		<name>6</name>
		<pose>Unspecified</pose>
		<truncated>0</truncated>
		<difficult>0</difficult>
		<rectangle>
			<xmin>1897</xmin>
			<ymin>579</ymin>
			<xmax>2230</xmax>
			<ymax>1174</ymax>
		</rectangle>
	</object>
	<object>
		<name>7</name>
		<pose>Unspecified</pose>
		<truncated>0</truncated>
		<difficult>0</difficult>
		<rectangle>
			<xmin>1427</xmin>
			<ymin>542</ymin>
			<xmax>1536</xmax>
			<ymax>891</ymax>
		</rectangle>
	</object>
</annotation>
