<annotation>
	<folder>V0-S_canteen_0-G_1_hor</folder>
	<filename>0036.jpg</filename>
	<source>
		<database>My Database</database>
		<annotation>VOC2007</annotation>
		<image>flickr</image>
		<flickrid>NULL</flickrid>
	</source>
	<owner>
		<flickrid>NULL</flickrid>
		<name>dcx</name>
	</owner>
	<size>
		<width>2704</width>
		<height>1520</height>
		<depth>3</depth>
	</size>
	<segmented>0</segmented>
	<object>
		<name>6</name>
		<pose>Unspecified</pose>
		<truncated>0</truncated>
		<difficult>0</difficult>
		<rectangle>
			<xmin>1913</xmin>
			<ymin>575</ymin>
			<xmax>2223</xmax>
			<ymax>1145</ymax>
		</rectangle>
	</object>
	<object>
		<name>4</name>
		<pose>Unspecified</pose>
		<truncated>0</truncated>
		<difficult>0</difficult>
		<rectangle>
			<xmin>2275</xmin>
			<ymin>637</ymin>
			<xmax>2512</xmax>
			<ymax>1093</ymax>
		</rectangle>
	</object>
	<object>
		<name>7</name>
		<pose>Unspecified</pose>
		<truncated>0</truncated>
		<difficult>0</difficult>
		<rectangle>
			<xmin>1425</xmin>
			<ymin>537</ymin>
			<xmax>1532</xmax>
			<ymax>892</ymax>
		</rectangle>
	</object>
	<object>
		<name>3</name>
		<pose>Unspecified</pose>
		<truncated>0</truncated>
		<difficult>0</difficult>
		<rectangle>
			<xmin>1009</xmin>
			<ymin>476</ymin>
			<xmax>1135</xmax>
			<ymax>826</ymax>
		</rectangle>
	</object>
	<object>
		<name>5</name>
		<pose>Unspecified</pose>
		<truncated>0</truncated>
		<difficult>0</difficult>
		<rectangle>
			<xmin>312</xmin>
			<ymin>407</ymin>
			<xmax>484</xmax>
			<ymax>911</ymax>
		</rectangle>
	</object>
</annotation>
