<annotation>
	<folder>V0-S_canteen_0-G_1_hor</folder>
	<filename>0039.jpg</filename>
	<source>
		<database>My Database</database>
		<annotation>VOC2007</annotation>
		<image>flickr</image>
		<flickrid>NULL</flickrid>
	</source>
	<owner>
		<flickrid>NULL</flickrid>
		<name>dcx</name>
	</owner>
	<size>
		<width>2704</width>
		<height>1520</height>
		<depth>3</depth>
	</size>
	<segmented>0</segmented>
	<object>
		<name>3</name>
		<pose>Unspecified</pose>
		<truncated>0</truncated>
		<difficult>0</difficult>
		<rectangle>
			<xmin>1022</xmin>
			<ymin>481</ymin>
			<xmax>1146</xmax>
			<ymax>822</ymax>
		</rectangle>
	</object>
	<object>
		<name>4</name>
		<pose>Unspecified</pose>
		<truncated>0</truncated>
		<difficult>0</difficult>
		<rectangle>
			<xmin>2282</xmin>
			<ymin>632</ymin>
			<xmax>2510</xmax>
			<ymax>1093</ymax>
		</rectangle>
	</object>
	<object>
		<name>5</name>
		<pose>Unspecified</pose>
		<truncated>0</truncated>
		<difficult>0</difficult>
		<rectangle>
			<xmin>299</xmin>
			<ymin>403</ymin>
			<xmax>479</xmax>
			<ymax>912</ymax>
		</rectangle>
	</object>
	<object>
		<name>6</name>
		<pose>Unspecified</pose>
		<truncated>0</truncated>
		<difficult>0</difficult>
		<rectangle>
			<xmin>1958</xmin>
			<ymin>571</ymin>
			<xmax>2219</xmax>
			<ymax>1127</ymax>
		</rectangle>
	</object>
	<object>
		<name>7</name>
		<pose>Unspecified</pose>
		<truncated>0</truncated>
		<difficult>0</difficult>
		<rectangle>
			<xmin>1415</xmin>
			<ymin>531</ymin>
			<xmax>1533</xmax>
			<ymax>892</ymax>
		</rectangle>
	</object>
</annotation>
