<annotation>
	<folder>V0-S_canteen_0-G_1_hor</folder>
	<filename>0040.jpg</filename>
	<source>
		<database>My Database</database>
		<annotation>VOC2007</annotation>
		<image>flickr</image>
		<flickrid>NULL</flickrid>
	</source>
	<owner>
		<flickrid>NULL</flickrid>
		<name>dcx</name>
	</owner>
	<size>
		<width>2704</width>
		<height>1520</height>
		<depth>3</depth>
	</size>
	<segmented>0</segmented>
	<object>
		<name>3</name>
		<pose>Unspecified</pose>
		<truncated>0</truncated>
		<difficult>0</difficult>
		<rectangle>
			<xmin>1026</xmin>
			<ymin>482</ymin>
			<xmax>1150</xmax>
			<ymax>821</ymax>
		</rectangle>
	</object>
	<object>
		<name>4</name>
		<pose>Unspecified</pose>
		<truncated>0</truncated>
		<difficult>0</difficult>
		<rectangle>
			<xmin>2284</xmin>
			<ymin>631</ymin>
			<xmax>2509</xmax>
			<ymax>1093</ymax>
		</rectangle>
	</object>
	<object>
		<name>5</name>
		<pose>Unspecified</pose>
		<truncated>0</truncated>
		<difficult>0</difficult>
		<rectangle>
			<xmin>295</xmin>
			<ymin>401</ymin>
			<xmax>478</xmax>
			<ymax>912</ymax>
		</rectangle>
	</object>
	<object>
		<name>6</name>
		<pose>Unspecified</pose>
		<truncated>0</truncated>
		<difficult>0</difficult>
		<rectangle>
			<xmin>1973</xmin>
			<ymin>570</ymin>
			<xmax>2218</xmax>
			<ymax>1121</ymax>
		</rectangle>
	</object>
	<object>
		<name>7</name>
		<pose>Unspecified</pose>
		<truncated>0</truncated>
		<difficult>0</difficult>
		<rectangle>
			<xmin>1411</xmin>
			<ymin>529</ymin>
			<xmax>1533</xmax>
			<ymax>892</ymax>
		</rectangle>
	</object>
</annotation>
