<annotation>
	<folder>V0-S_canteen_0-G_1_hor</folder>
	<filename>0041.jpg</filename>
	<source>
		<database>My Database</database>
		<annotation>VOC2007</annotation>
		<image>flickr</image>
		<flickrid>NULL</flickrid>
	</source>
	<owner>
		<flickrid>NULL</flickrid>
		<name>dcx</name>
	</owner>
	<size>
		<width>2704</width>
		<height>1520</height>
		<depth>3</depth>
	</size>
	<segmented>0</segmented>
	<object>
		<name>6</name>
		<pose>Unspecified</pose>
		<truncated>0</truncated>
		<difficult>0</difficult>
		<rectangle>
			<xmin>1988</xmin>
			<ymin>569</ymin>
			<xmax>2217</xmax>
			<ymax>1115</ymax>
		</rectangle>
	</object>
	<object>
		<name>4</name>
		<pose>Unspecified</pose>
		<truncated>0</truncated>
		<difficult>0</difficult>
		<rectangle>
			<xmin>2286</xmin>
			<ymin>629</ymin>
			<xmax>2508</xmax>
			<ymax>1093</ymax>
		</rectangle>
	</object>
	<object>
		<name>7</name>
		<pose>Unspecified</pose>
		<truncated>0</truncated>
		<difficult>0</difficult>
		<rectangle>
			<xmin>1408</xmin>
			<ymin>527</ymin>
			<xmax>1533</xmax>
			<ymax>892</ymax>
		</rectangle>
	</object>
	<object>
		<name>3</name>
		<pose>Unspecified</pose>
		<truncated>0</truncated>
		<difficult>0</difficult>
		<rectangle>
			<xmin>1030</xmin>
			<ymin>484</ymin>
			<xmax>1154</xmax>
			<ymax>820</ymax>
		</rectangle>
	</object>
	<object>
		<name>5</name>
		<pose>Unspecified</pose>
		<truncated>0</truncated>
		<difficult>0</difficult>
		<rectangle>
			<xmin>291</xmin>
			<ymin>400</ymin>
			<xmax>476</xmax>
			<ymax>912</ymax>
		</rectangle>
	</object>
</annotation>
