<annotation>
	<folder>V0-S_canteen_0-G_1_hor</folder>
	<filename>0042.jpg</filename>
	<source>
		<database>My Database</database>
		<annotation>VOC2007</annotation>
		<image>flickr</image>
		<flickrid>NULL</flickrid>
	</source>
	<owner>
		<flickrid>NULL</flickrid>
		<name>dcx</name>
	</owner>
	<size>
		<width>2704</width>
		<height>1520</height>
		<depth>3</depth>
	</size>
	<segmented>0</segmented>
	<object>
		<name>3</name>
		<pose>Unspecified</pose>
		<truncated>0</truncated>
		<difficult>0</difficult>
		<rectangle>
			<xmin>1035</xmin>
			<ymin>483</ymin>
			<xmax>1157</xmax>
			<ymax>818</ymax>
		</rectangle>
	</object>
	<object>
		<name>4</name>
		<pose>Unspecified</pose>
		<truncated>0</truncated>
		<difficult>0</difficult>
		<rectangle>
			<xmin>2283</xmin>
			<ymin>628</ymin>
			<xmax>2506</xmax>
			<ymax>1098</ymax>
		</rectangle>
	</object>
	<object>
		<name>5</name>
		<pose>Unspecified</pose>
		<truncated>0</truncated>
		<difficult>0</difficult>
		<rectangle>
			<xmin>287</xmin>
			<ymin>399</ymin>
			<xmax>473</xmax>
			<ymax>911</ymax>
		</rectangle>
	</object>
	<object>
		<name>6</name>
		<pose>Unspecified</pose>
		<truncated>0</truncated>
		<difficult>0</difficult>
		<rectangle>
			<xmin>1990</xmin>
			<ymin>574</ymin>
			<xmax>2223</xmax>
			<ymax>1112</ymax>
		</rectangle>
	</object>
	<object>
		<name>7</name>
		<pose>Unspecified</pose>
		<truncated>0</truncated>
		<difficult>0</difficult>
		<rectangle>
			<xmin>1395</xmin>
			<ymin>528</ymin>
			<xmax>1531</xmax>
			<ymax>893</ymax>
		</rectangle>
	</object>
</annotation>
