<annotation>
	<folder>V0-S_canteen_0-G_1_hor</folder>
	<filename>0043.jpg</filename>
	<source>
		<database>My Database</database>
		<annotation>VOC2007</annotation>
		<image>flickr</image>
		<flickrid>NULL</flickrid>
	</source>
	<owner>
		<flickrid>NULL</flickrid>
		<name>dcx</name>
	</owner>
	<size>
		<width>2704</width>
		<height>1520</height>
		<depth>3</depth>
	</size>
	<segmented>0</segmented>
	<object>
		<name>3</name>
		<pose>Unspecified</pose>
		<truncated>0</truncated>
		<difficult>0</difficult>
		<rectangle>
			<xmin>1040</xmin>
			<ymin>482</ymin>
			<xmax>1159</xmax>
			<ymax>815</ymax>
		</rectangle>
	</object>
	<object>
		<name>4</name>
		<pose>Unspecified</pose>
		<truncated>0</truncated>
		<difficult>0</difficult>
		<rectangle>
			<xmin>2281</xmin>
			<ymin>627</ymin>
			<xmax>2504</xmax>
			<ymax>1103</ymax>
		</rectangle>
	</object>
	<object>
		<name>5</name>
		<pose>Unspecified</pose>
		<truncated>0</truncated>
		<difficult>0</difficult>
		<rectangle>
			<xmin>284</xmin>
			<ymin>398</ymin>
			<xmax>471</xmax>
			<ymax>911</ymax>
		</rectangle>
	</object>
	<object>
		<name>6</name>
		<pose>Unspecified</pose>
		<truncated>0</truncated>
		<difficult>0</difficult>
		<rectangle>
			<xmin>1992</xmin>
			<ymin>579</ymin>
			<xmax>2229</xmax>
			<ymax>1109</ymax>
		</rectangle>
	</object>
	<object>
		<name>7</name>
		<pose>Unspecified</pose>
		<truncated>0</truncated>
		<difficult>0</difficult>
		<rectangle>
			<xmin>1383</xmin>
			<ymin>528</ymin>
			<xmax>1529</xmax>
			<ymax>893</ymax>
		</rectangle>
	</object>
</annotation>
