<annotation>
	<folder>V0-S_canteen_0-G_1_hor</folder>
	<filename>0044.jpg</filename>
	<source>
		<database>My Database</database>
		<annotation>VOC2007</annotation>
		<image>flickr</image>
		<flickrid>NULL</flickrid>
	</source>
	<owner>
		<flickrid>NULL</flickrid>
		<name>dcx</name>
	</owner>
	<size>
		<width>2704</width>
		<height>1520</height>
		<depth>3</depth>
	</size>
	<segmented>0</segmented>
	<object>
		<name>3</name>
		<pose>Unspecified</pose>
		<truncated>0</truncated>
		<difficult>0</difficult>
		<rectangle>
			<xmin>1046</xmin>
			<ymin>481</ymin>
			<xmax>1162</xmax>
			<ymax>813</ymax>
		</rectangle>
	</object>
	<object>
		<name>4</name>
		<pose>Unspecified</pose>
		<truncated>0</truncated>
		<difficult>0</difficult>
		<rectangle>
			<xmin>2278</xmin>
			<ymin>625</ymin>
			<xmax>2501</xmax>
			<ymax>1108</ymax>
		</rectangle>
	</object>
	<object>
		<name>5</name>
		<pose>Unspecified</pose>
		<truncated>0</truncated>
		<difficult>0</difficult>
		<rectangle>
			<xmin>280</xmin>
			<ymin>396</ymin>
			<xmax>468</xmax>
			<ymax>910</ymax>
		</rectangle>
	</object>
	<object>
		<name>6</name>
		<pose>Unspecified</pose>
		<truncated>0</truncated>
		<difficult>0</difficult>
		<rectangle>
			<xmin>1993</xmin>
			<ymin>583</ymin>
			<xmax>2235</xmax>
			<ymax>1106</ymax>
		</rectangle>
	</object>
	<object>
		<name>7</name>
		<pose>Unspecified</pose>
		<truncated>0</truncated>
		<difficult>0</difficult>
		<rectangle>
			<xmin>1370</xmin>
			<ymin>529</ymin>
			<xmax>1526</xmax>
			<ymax>894</ymax>
		</rectangle>
	</object>
</annotation>
