<annotation>
	<folder>V0-S_canteen_0-G_1_hor</folder>
	<filename>0045.jpg</filename>
	<source>
		<database>My Database</database>
		<annotation>VOC2007</annotation>
		<image>flickr</image>
		<flickrid>NULL</flickrid>
	</source>
	<owner>
		<flickrid>NULL</flickrid>
		<name>dcx</name>
	</owner>
	<size>
		<width>2704</width>
		<height>1520</height>
		<depth>3</depth>
	</size>
	<segmented>0</segmented>
	<object>
		<name>3</name>
		<pose>Unspecified</pose>
		<truncated>0</truncated>
		<difficult>0</difficult>
		<rectangle>
			<xmin>1051</xmin>
			<ymin>480</ymin>
			<xmax>1164</xmax>
			<ymax>810</ymax>
		</rectangle>
	</object>
	<object>
		<name>4</name>
		<pose>Unspecified</pose>
		<truncated>0</truncated>
		<difficult>0</difficult>
		<rectangle>
			<xmin>2276</xmin>
			<ymin>624</ymin>
			<xmax>2499</xmax>
			<ymax>1113</ymax>
		</rectangle>
	</object>
	<object>
		<name>5</name>
		<pose>Unspecified</pose>
		<truncated>0</truncated>
		<difficult>0</difficult>
		<rectangle>
			<xmin>277</xmin>
			<ymin>395</ymin>
			<xmax>466</xmax>
			<ymax>910</ymax>
		</rectangle>
	</object>
	<object>
		<name>6</name>
		<pose>Unspecified</pose>
		<truncated>0</truncated>
		<difficult>0</difficult>
		<rectangle>
			<xmin>1995</xmin>
			<ymin>588</ymin>
			<xmax>2241</xmax>
			<ymax>1103</ymax>
		</rectangle>
	</object>
	<object>
		<name>7</name>
		<pose>Unspecified</pose>
		<truncated>0</truncated>
		<difficult>0</difficult>
		<rectangle>
			<xmin>1358</xmin>
			<ymin>529</ymin>
			<xmax>1524</xmax>
			<ymax>894</ymax>
		</rectangle>
	</object>
</annotation>
