<annotation>
	<folder>V0-S_canteen_0-G_1_hor</folder>
	<filename>0047.jpg</filename>
	<source>
		<database>My Database</database>
		<annotation>VOC2007</annotation>
		<image>flickr</image>
		<flickrid>NULL</flickrid>
	</source>
	<owner>
		<flickrid>NULL</flickrid>
		<name>dcx</name>
	</owner>
	<size>
		<width>2704</width>
		<height>1520</height>
		<depth>3</depth>
	</size>
	<segmented>0</segmented>
	<object>
		<name>1</name>
		<pose>Unspecified</pose>
		<truncated>0</truncated>
		<difficult>0</difficult>
		<rectangle>
			<xmin>1995</xmin>
			<ymin>581</ymin>
			<xmax>2091</xmax>
			<ymax>796</ymax>
		</rectangle>
	</object>
	<object>
		<name>3</name>
		<pose>Unspecified</pose>
		<truncated>0</truncated>
		<difficult>0</difficult>
		<rectangle>
			<xmin>1060</xmin>
			<ymin>479</ymin>
			<xmax>1168</xmax>
			<ymax>805</ymax>
		</rectangle>
	</object>
	<object>
		<name>4</name>
		<pose>Unspecified</pose>
		<truncated>0</truncated>
		<difficult>0</difficult>
		<rectangle>
			<xmin>2272</xmin>
			<ymin>623</ymin>
			<xmax>2494</xmax>
			<ymax>1119</ymax>
		</rectangle>
	</object>
	<object>
		<name>5</name>
		<pose>Unspecified</pose>
		<truncated>0</truncated>
		<difficult>0</difficult>
		<rectangle>
			<xmin>262</xmin>
			<ymin>394</ymin>
			<xmax>458</xmax>
			<ymax>912</ymax>
		</rectangle>
	</object>
	<object>
		<name>6</name>
		<pose>Unspecified</pose>
		<truncated>0</truncated>
		<difficult>0</difficult>
		<rectangle>
			<xmin>1997</xmin>
			<ymin>593</ymin>
			<xmax>2249</xmax>
			<ymax>1099</ymax>
		</rectangle>
	</object>
	<object>
		<name>7</name>
		<pose>Unspecified</pose>
		<truncated>0</truncated>
		<difficult>0</difficult>
		<rectangle>
			<xmin>1340</xmin>
			<ymin>530</ymin>
			<xmax>1518</xmax>
			<ymax>894</ymax>
		</rectangle>
	</object>
</annotation>
