<annotation>
	<folder>V0-S_canteen_0-G_1_hor</folder>
	<filename>0049.jpg</filename>
	<source>
		<database>My Database</database>
		<annotation>VOC2007</annotation>
		<image>flickr</image>
		<flickrid>NULL</flickrid>
	</source>
	<owner>
		<flickrid>NULL</flickrid>
		<name>dcx</name>
	</owner>
	<size>
		<width>2704</width>
		<height>1520</height>
		<depth>3</depth>
	</size>
	<segmented>0</segmented>
	<object>
		<name>1</name>
		<pose>Unspecified</pose>
		<truncated>0</truncated>
		<difficult>0</difficult>
		<rectangle>
			<xmin>1993</xmin>
			<ymin>582</ymin>
			<xmax>2090</xmax>
			<ymax>796</ymax>
		</rectangle>
	</object>
	<object>
		<name>3</name>
		<pose>Unspecified</pose>
		<truncated>0</truncated>
		<difficult>0</difficult>
		<rectangle>
			<xmin>1067</xmin>
			<ymin>479</ymin>
			<xmax>1170</xmax>
			<ymax>800</ymax>
		</rectangle>
	</object>
	<object>
		<name>4</name>
		<pose>Unspecified</pose>
		<truncated>0</truncated>
		<difficult>0</difficult>
		<rectangle>
			<xmin>2269</xmin>
			<ymin>622</ymin>
			<xmax>2487</xmax>
			<ymax>1120</ymax>
		</rectangle>
	</object>
	<object>
		<name>5</name>
		<pose>Unspecified</pose>
		<truncated>0</truncated>
		<difficult>0</difficult>
		<rectangle>
			<xmin>239</xmin>
			<ymin>395</ymin>
			<xmax>449</xmax>
			<ymax>917</ymax>
		</rectangle>
	</object>
	<object>
		<name>6</name>
		<pose>Unspecified</pose>
		<truncated>0</truncated>
		<difficult>0</difficult>
		<rectangle>
			<xmin>1997</xmin>
			<ymin>593</ymin>
			<xmax>2254</xmax>
			<ymax>1098</ymax>
		</rectangle>
	</object>
	<object>
		<name>7</name>
		<pose>Unspecified</pose>
		<truncated>0</truncated>
		<difficult>0</difficult>
		<rectangle>
			<xmin>1330</xmin>
			<ymin>530</ymin>
			<xmax>1511</xmax>
			<ymax>893</ymax>
		</rectangle>
	</object>
</annotation>
