<annotation>
	<folder>V0-S_canteen_0-G_1_hor</folder>
	<filename>0050.jpg</filename>
	<source>
		<database>My Database</database>
		<annotation>VOC2007</annotation>
		<image>flickr</image>
		<flickrid>NULL</flickrid>
	</source>
	<owner>
		<flickrid>NULL</flickrid>
		<name>dcx</name>
	</owner>
	<size>
		<width>2704</width>
		<height>1520</height>
		<depth>3</depth>
	</size>
	<segmented>0</segmented>
	<object>
		<name>1</name>
		<pose>Unspecified</pose>
		<truncated>0</truncated>
		<difficult>0</difficult>
		<rectangle>
			<xmin>1992</xmin>
			<ymin>582</ymin>
			<xmax>2090</xmax>
			<ymax>796</ymax>
		</rectangle>
	</object>
	<object>
		<name>3</name>
		<pose>Unspecified</pose>
		<truncated>0</truncated>
		<difficult>0</difficult>
		<rectangle>
			<xmin>1071</xmin>
			<ymin>479</ymin>
			<xmax>1171</xmax>
			<ymax>798</ymax>
		</rectangle>
	</object>
	<object>
		<name>4</name>
		<pose>Unspecified</pose>
		<truncated>0</truncated>
		<difficult>0</difficult>
		<rectangle>
			<xmin>2267</xmin>
			<ymin>622</ymin>
			<xmax>2483</xmax>
			<ymax>1121</ymax>
		</rectangle>
	</object>
	<object>
		<name>5</name>
		<pose>Unspecified</pose>
		<truncated>0</truncated>
		<difficult>0</difficult>
		<rectangle>
			<xmin>228</xmin>
			<ymin>396</ymin>
			<xmax>445</xmax>
			<ymax>920</ymax>
		</rectangle>
	</object>
	<object>
		<name>6</name>
		<pose>Unspecified</pose>
		<truncated>0</truncated>
		<difficult>0</difficult>
		<rectangle>
			<xmin>1997</xmin>
			<ymin>593</ymin>
			<xmax>2257</xmax>
			<ymax>1098</ymax>
		</rectangle>
	</object>
	<object>
		<name>7</name>
		<pose>Unspecified</pose>
		<truncated>0</truncated>
		<difficult>0</difficult>
		<rectangle>
			<xmin>1325</xmin>
			<ymin>530</ymin>
			<xmax>1508</xmax>
			<ymax>893</ymax>
		</rectangle>
	</object>
</annotation>
