<annotation>
	<folder>V0-S_canteen_0-G_1_hor</folder>
	<filename>0051.jpg</filename>
	<source>
		<database>My Database</database>
		<annotation>VOC2007</annotation>
		<image>flickr</image>
		<flickrid>NULL</flickrid>
	</source>
	<owner>
		<flickrid>NULL</flickrid>
		<name>dcx</name>
	</owner>
	<size>
		<width>2704</width>
		<height>1520</height>
		<depth>3</depth>
	</size>
	<segmented>0</segmented>
	<object>
		<name>6</name>
		<pose>Unspecified</pose>
		<truncated>0</truncated>
		<difficult>0</difficult>
		<rectangle>
			<xmin>1997</xmin>
			<ymin>593</ymin>
			<xmax>2259</xmax>
			<ymax>1097</ymax>
		</rectangle>
	</object>
	<object>
		<name>4</name>
		<pose>Unspecified</pose>
		<truncated>0</truncated>
		<difficult>0</difficult>
		<rectangle>
			<xmin>2266</xmin>
			<ymin>622</ymin>
			<xmax>2480</xmax>
			<ymax>1122</ymax>
		</rectangle>
	</object>
	<object>
		<name>7</name>
		<pose>Unspecified</pose>
		<truncated>0</truncated>
		<difficult>0</difficult>
		<rectangle>
			<xmin>1320</xmin>
			<ymin>530</ymin>
			<xmax>1504</xmax>
			<ymax>892</ymax>
		</rectangle>
	</object>
	<object>
		<name>3</name>
		<pose>Unspecified</pose>
		<truncated>0</truncated>
		<difficult>0</difficult>
		<rectangle>
			<xmin>1075</xmin>
			<ymin>479</ymin>
			<xmax>1172</xmax>
			<ymax>795</ymax>
		</rectangle>
	</object>
	<object>
		<name>5</name>
		<pose>Unspecified</pose>
		<truncated>0</truncated>
		<difficult>0</difficult>
		<rectangle>
			<xmin>217</xmin>
			<ymin>396</ymin>
			<xmax>440</xmax>
			<ymax>923</ymax>
		</rectangle>
	</object>
	<object>
		<name>1</name>
		<pose>Unspecified</pose>
		<truncated>0</truncated>
		<difficult>0</difficult>
		<rectangle>
			<xmin>1991</xmin>
			<ymin>582</ymin>
			<xmax>2090</xmax>
			<ymax>796</ymax>
		</rectangle>
	</object>
</annotation>
