<annotation>
	<folder>V0-S_canteen_0-G_1_hor</folder>
	<filename>0052.jpg</filename>
	<source>
		<database>My Database</database>
		<annotation>VOC2007</annotation>
		<image>flickr</image>
		<flickrid>NULL</flickrid>
	</source>
	<owner>
		<flickrid>NULL</flickrid>
		<name>dcx</name>
	</owner>
	<size>
		<width>2704</width>
		<height>1520</height>
		<depth>3</depth>
	</size>
	<segmented>0</segmented>
	<object>
		<name>1</name>
		<pose>Unspecified</pose>
		<truncated>0</truncated>
		<difficult>0</difficult>
		<rectangle>
			<xmin>1992</xmin>
			<ymin>581</ymin>
			<xmax>2090</xmax>
			<ymax>797</ymax>
		</rectangle>
	</object>
	<object>
		<name>3</name>
		<pose>Unspecified</pose>
		<truncated>0</truncated>
		<difficult>0</difficult>
		<rectangle>
			<xmin>1078</xmin>
			<ymin>479</ymin>
			<xmax>1175</xmax>
			<ymax>795</ymax>
		</rectangle>
	</object>
	<object>
		<name>4</name>
		<pose>Unspecified</pose>
		<truncated>0</truncated>
		<difficult>0</difficult>
		<rectangle>
			<xmin>2265</xmin>
			<ymin>623</ymin>
			<xmax>2478</xmax>
			<ymax>1125</ymax>
		</rectangle>
	</object>
	<object>
		<name>5</name>
		<pose>Unspecified</pose>
		<truncated>0</truncated>
		<difficult>0</difficult>
		<rectangle>
			<xmin>215</xmin>
			<ymin>395</ymin>
			<xmax>434</xmax>
			<ymax>928</ymax>
		</rectangle>
	</object>
	<object>
		<name>6</name>
		<pose>Unspecified</pose>
		<truncated>0</truncated>
		<difficult>0</difficult>
		<rectangle>
			<xmin>2002</xmin>
			<ymin>591</ymin>
			<xmax>2258</xmax>
			<ymax>1092</ymax>
		</rectangle>
	</object>
	<object>
		<name>7</name>
		<pose>Unspecified</pose>
		<truncated>0</truncated>
		<difficult>0</difficult>
		<rectangle>
			<xmin>1320</xmin>
			<ymin>527</ymin>
			<xmax>1498</xmax>
			<ymax>892</ymax>
		</rectangle>
	</object>
</annotation>
