<annotation>
	<folder>V0-S_canteen_0-G_1_hor</folder>
	<filename>0054.jpg</filename>
	<source>
		<database>My Database</database>
		<annotation>VOC2007</annotation>
		<image>flickr</image>
		<flickrid>NULL</flickrid>
	</source>
	<owner>
		<flickrid>NULL</flickrid>
		<name>dcx</name>
	</owner>
	<size>
		<width>2704</width>
		<height>1520</height>
		<depth>3</depth>
	</size>
	<segmented>0</segmented>
	<object>
		<name>1</name>
		<pose>Unspecified</pose>
		<truncated>0</truncated>
		<difficult>0</difficult>
		<rectangle>
			<xmin>1995</xmin>
			<ymin>579</ymin>
			<xmax>2089</xmax>
			<ymax>798</ymax>
		</rectangle>
	</object>
	<object>
		<name>3</name>
		<pose>Unspecified</pose>
		<truncated>0</truncated>
		<difficult>0</difficult>
		<rectangle>
			<xmin>1083</xmin>
			<ymin>479</ymin>
			<xmax>1180</xmax>
			<ymax>795</ymax>
		</rectangle>
	</object>
	<object>
		<name>4</name>
		<pose>Unspecified</pose>
		<truncated>0</truncated>
		<difficult>0</difficult>
		<rectangle>
			<xmin>2262</xmin>
			<ymin>624</ymin>
			<xmax>2475</xmax>
			<ymax>1131</ymax>
		</rectangle>
	</object>
	<object>
		<name>5</name>
		<pose>Unspecified</pose>
		<truncated>0</truncated>
		<difficult>0</difficult>
		<rectangle>
			<xmin>210</xmin>
			<ymin>392</ymin>
			<xmax>423</xmax>
			<ymax>939</ymax>
		</rectangle>
	</object>
	<object>
		<name>6</name>
		<pose>Unspecified</pose>
		<truncated>0</truncated>
		<difficult>0</difficult>
		<rectangle>
			<xmin>2013</xmin>
			<ymin>586</ymin>
			<xmax>2255</xmax>
			<ymax>1083</ymax>
		</rectangle>
	</object>
	<object>
		<name>7</name>
		<pose>Unspecified</pose>
		<truncated>0</truncated>
		<difficult>0</difficult>
		<rectangle>
			<xmin>1320</xmin>
			<ymin>521</ymin>
			<xmax>1487</xmax>
			<ymax>891</ymax>
		</rectangle>
	</object>
</annotation>
