<annotation>
	<folder>V0-S_canteen_0-G_1_hor</folder>
	<filename>0057.jpg</filename>
	<source>
		<database>My Database</database>
		<annotation>VOC2007</annotation>
		<image>flickr</image>
		<flickrid>NULL</flickrid>
	</source>
	<owner>
		<flickrid>NULL</flickrid>
		<name>dcx</name>
	</owner>
	<size>
		<width>2704</width>
		<height>1520</height>
		<depth>3</depth>
	</size>
	<segmented>0</segmented>
	<object>
		<name>1</name>
		<pose>Unspecified</pose>
		<truncated>0</truncated>
		<difficult>0</difficult>
		<rectangle>
			<xmin>1998</xmin>
			<ymin>578</ymin>
			<xmax>2090</xmax>
			<ymax>800</ymax>
		</rectangle>
	</object>
	<object>
		<name>3</name>
		<pose>Unspecified</pose>
		<truncated>0</truncated>
		<difficult>0</difficult>
		<rectangle>
			<xmin>1089</xmin>
			<ymin>481</ymin>
			<xmax>1189</xmax>
			<ymax>794</ymax>
		</rectangle>
	</object>
	<object>
		<name>4</name>
		<pose>Unspecified</pose>
		<truncated>0</truncated>
		<difficult>0</difficult>
		<rectangle>
			<xmin>2258</xmin>
			<ymin>624</ymin>
			<xmax>2471</xmax>
			<ymax>1137</ymax>
		</rectangle>
	</object>
	<object>
		<name>5</name>
		<pose>Unspecified</pose>
		<truncated>0</truncated>
		<difficult>0</difficult>
		<rectangle>
			<xmin>198</xmin>
			<ymin>387</ymin>
			<xmax>408</xmax>
			<ymax>948</ymax>
		</rectangle>
	</object>
	<object>
		<name>6</name>
		<pose>Unspecified</pose>
		<truncated>0</truncated>
		<difficult>0</difficult>
		<rectangle>
			<xmin>2029</xmin>
			<ymin>581</ymin>
			<xmax>2254</xmax>
			<ymax>1074</ymax>
		</rectangle>
	</object>
	<object>
		<name>7</name>
		<pose>Unspecified</pose>
		<truncated>0</truncated>
		<difficult>0</difficult>
		<rectangle>
			<xmin>1320</xmin>
			<ymin>515</ymin>
			<xmax>1473</xmax>
			<ymax>891</ymax>
		</rectangle>
	</object>
</annotation>
