<annotation>
	<folder>V0-S_canteen_0-G_1_hor</folder>
	<filename>0058.jpg</filename>
	<source>
		<database>My Database</database>
		<annotation>VOC2007</annotation>
		<image>flickr</image>
		<flickrid>NULL</flickrid>
	</source>
	<owner>
		<flickrid>NULL</flickrid>
		<name>dcx</name>
	</owner>
	<size>
		<width>2704</width>
		<height>1520</height>
		<depth>3</depth>
	</size>
	<segmented>0</segmented>
	<object>
		<name>1</name>
		<pose>Unspecified</pose>
		<truncated>0</truncated>
		<difficult>0</difficult>
		<rectangle>
			<xmin>1998</xmin>
			<ymin>579</ymin>
			<xmax>2091</xmax>
			<ymax>801</ymax>
		</rectangle>
	</object>
	<object>
		<name>3</name>
		<pose>Unspecified</pose>
		<truncated>0</truncated>
		<difficult>0</difficult>
		<rectangle>
			<xmin>1090</xmin>
			<ymin>482</ymin>
			<xmax>1192</xmax>
			<ymax>792</ymax>
		</rectangle>
	</object>
	<object>
		<name>4</name>
		<pose>Unspecified</pose>
		<truncated>0</truncated>
		<difficult>0</difficult>
		<rectangle>
			<xmin>2256</xmin>
			<ymin>623</ymin>
			<xmax>2472</xmax>
			<ymax>1137</ymax>
		</rectangle>
	</object>
	<object>
		<name>5</name>
		<pose>Unspecified</pose>
		<truncated>0</truncated>
		<difficult>0</difficult>
		<rectangle>
			<xmin>191</xmin>
			<ymin>384</ymin>
			<xmax>405</xmax>
			<ymax>947</ymax>
		</rectangle>
	</object>
	<object>
		<name>6</name>
		<pose>Unspecified</pose>
		<truncated>0</truncated>
		<difficult>0</difficult>
		<rectangle>
			<xmin>2034</xmin>
			<ymin>581</ymin>
			<xmax>2255</xmax>
			<ymax>1074</ymax>
		</rectangle>
	</object>
	<object>
		<name>7</name>
		<pose>Unspecified</pose>
		<truncated>0</truncated>
		<difficult>0</difficult>
		<rectangle>
			<xmin>1319</xmin>
			<ymin>514</ymin>
			<xmax>1470</xmax>
			<ymax>891</ymax>
		</rectangle>
	</object>
</annotation>
