<annotation>
	<folder>V0-S_canteen_0-G_1_hor</folder>
	<filename>0059.jpg</filename>
	<source>
		<database>My Database</database>
		<annotation>VOC2007</annotation>
		<image>flickr</image>
		<flickrid>NULL</flickrid>
	</source>
	<owner>
		<flickrid>NULL</flickrid>
		<name>dcx</name>
	</owner>
	<size>
		<width>2704</width>
		<height>1520</height>
		<depth>3</depth>
	</size>
	<segmented>0</segmented>
	<object>
		<name>1</name>
		<pose>Unspecified</pose>
		<truncated>0</truncated>
		<difficult>0</difficult>
		<rectangle>
			<xmin>1998</xmin>
			<ymin>580</ymin>
			<xmax>2092</xmax>
			<ymax>801</ymax>
		</rectangle>
	</object>
	<object>
		<name>3</name>
		<pose>Unspecified</pose>
		<truncated>0</truncated>
		<difficult>0</difficult>
		<rectangle>
			<xmin>1090</xmin>
			<ymin>484</ymin>
			<xmax>1194</xmax>
			<ymax>791</ymax>
		</rectangle>
	</object>
	<object>
		<name>4</name>
		<pose>Unspecified</pose>
		<truncated>0</truncated>
		<difficult>0</difficult>
		<rectangle>
			<xmin>2254</xmin>
			<ymin>622</ymin>
			<xmax>2472</xmax>
			<ymax>1138</ymax>
		</rectangle>
	</object>
	<object>
		<name>5</name>
		<pose>Unspecified</pose>
		<truncated>0</truncated>
		<difficult>0</difficult>
		<rectangle>
			<xmin>185</xmin>
			<ymin>382</ymin>
			<xmax>403</xmax>
			<ymax>947</ymax>
		</rectangle>
	</object>
	<object>
		<name>6</name>
		<pose>Unspecified</pose>
		<truncated>0</truncated>
		<difficult>0</difficult>
		<rectangle>
			<xmin>2038</xmin>
			<ymin>581</ymin>
			<xmax>2257</xmax>
			<ymax>1075</ymax>
		</rectangle>
	</object>
	<object>
		<name>7</name>
		<pose>Unspecified</pose>
		<truncated>0</truncated>
		<difficult>0</difficult>
		<rectangle>
			<xmin>1319</xmin>
			<ymin>514</ymin>
			<xmax>1466</xmax>
			<ymax>892</ymax>
		</rectangle>
	</object>
</annotation>
