<annotation>
	<folder>V0-S_canteen_0-G_1_hor</folder>
	<filename>0060.jpg</filename>
	<source>
		<database>My Database</database>
		<annotation>VOC2007</annotation>
		<image>flickr</image>
		<flickrid>NULL</flickrid>
	</source>
	<owner>
		<flickrid>NULL</flickrid>
		<name>dcx</name>
	</owner>
	<size>
		<width>2704</width>
		<height>1520</height>
		<depth>3</depth>
	</size>
	<segmented>0</segmented>
	<object>
		<name>1</name>
		<pose>Unspecified</pose>
		<truncated>0</truncated>
		<difficult>0</difficult>
		<rectangle>
			<xmin>1998</xmin>
			<ymin>581</ymin>
			<xmax>2093</xmax>
			<ymax>802</ymax>
		</rectangle>
	</object>
	<object>
		<name>3</name>
		<pose>Unspecified</pose>
		<truncated>0</truncated>
		<difficult>0</difficult>
		<rectangle>
			<xmin>1091</xmin>
			<ymin>485</ymin>
			<xmax>1197</xmax>
			<ymax>789</ymax>
		</rectangle>
	</object>
	<object>
		<name>4</name>
		<pose>Unspecified</pose>
		<truncated>0</truncated>
		<difficult>0</difficult>
		<rectangle>
			<xmin>2252</xmin>
			<ymin>621</ymin>
			<xmax>2473</xmax>
			<ymax>1138</ymax>
		</rectangle>
	</object>
	<object>
		<name>5</name>
		<pose>Unspecified</pose>
		<truncated>0</truncated>
		<difficult>0</difficult>
		<rectangle>
			<xmin>178</xmin>
			<ymin>379</ymin>
			<xmax>400</xmax>
			<ymax>946</ymax>
		</rectangle>
	</object>
	<object>
		<name>6</name>
		<pose>Unspecified</pose>
		<truncated>0</truncated>
		<difficult>0</difficult>
		<rectangle>
			<xmin>2043</xmin>
			<ymin>581</ymin>
			<xmax>2258</xmax>
			<ymax>1075</ymax>
		</rectangle>
	</object>
	<object>
		<name>7</name>
		<pose>Unspecified</pose>
		<truncated>0</truncated>
		<difficult>0</difficult>
		<rectangle>
			<xmin>1318</xmin>
			<ymin>513</ymin>
			<xmax>1463</xmax>
			<ymax>892</ymax>
		</rectangle>
	</object>
</annotation>
