<annotation>
	<folder>V0-S_canteen_0-G_1_hor</folder>
	<filename>0061.jpg</filename>
	<source>
		<database>My Database</database>
		<annotation>VOC2007</annotation>
		<image>flickr</image>
		<flickrid>NULL</flickrid>
	</source>
	<owner>
		<flickrid>NULL</flickrid>
		<name>dcx</name>
	</owner>
	<size>
		<width>2704</width>
		<height>1520</height>
		<depth>3</depth>
	</size>
	<segmented>0</segmented>
	<object>
		<name>6</name>
		<pose>Unspecified</pose>
		<truncated>0</truncated>
		<difficult>0</difficult>
		<rectangle>
			<xmin>2048</xmin>
			<ymin>581</ymin>
			<xmax>2259</xmax>
			<ymax>1076</ymax>
		</rectangle>
	</object>
	<object>
		<name>4</name>
		<pose>Unspecified</pose>
		<truncated>0</truncated>
		<difficult>0</difficult>
		<rectangle>
			<xmin>2250</xmin>
			<ymin>620</ymin>
			<xmax>2473</xmax>
			<ymax>1138</ymax>
		</rectangle>
	</object>
	<object>
		<name>7</name>
		<pose>Unspecified</pose>
		<truncated>0</truncated>
		<difficult>0</difficult>
		<rectangle>
			<xmin>1318</xmin>
			<ymin>513</ymin>
			<xmax>1460</xmax>
			<ymax>893</ymax>
		</rectangle>
	</object>
	<object>
		<name>3</name>
		<pose>Unspecified</pose>
		<truncated>0</truncated>
		<difficult>0</difficult>
		<rectangle>
			<xmin>1092</xmin>
			<ymin>487</ymin>
			<xmax>1200</xmax>
			<ymax>788</ymax>
		</rectangle>
	</object>
	<object>
		<name>5</name>
		<pose>Unspecified</pose>
		<truncated>0</truncated>
		<difficult>0</difficult>
		<rectangle>
			<xmin>171</xmin>
			<ymin>376</ymin>
			<xmax>397</xmax>
			<ymax>945</ymax>
		</rectangle>
	</object>
	<object>
		<name>1</name>
		<pose>Unspecified</pose>
		<truncated>0</truncated>
		<difficult>0</difficult>
		<rectangle>
			<xmin>1998</xmin>
			<ymin>582</ymin>
			<xmax>2094</xmax>
			<ymax>802</ymax>
		</rectangle>
	</object>
</annotation>
