<annotation>
	<folder>V0-S_canteen_0-G_1_hor</folder>
	<filename>0062.jpg</filename>
	<source>
		<database>My Database</database>
		<annotation>VOC2007</annotation>
		<image>flickr</image>
		<flickrid>NULL</flickrid>
	</source>
	<owner>
		<flickrid>NULL</flickrid>
		<name>dcx</name>
	</owner>
	<size>
		<width>2704</width>
		<height>1520</height>
		<depth>3</depth>
	</size>
	<segmented>0</segmented>
	<object>
		<name>1</name>
		<pose>Unspecified</pose>
		<truncated>0</truncated>
		<difficult>0</difficult>
		<rectangle>
			<xmin>1997</xmin>
			<ymin>580</ymin>
			<xmax>2095</xmax>
			<ymax>801</ymax>
		</rectangle>
	</object>
	<object>
		<name>3</name>
		<pose>Unspecified</pose>
		<truncated>0</truncated>
		<difficult>0</difficult>
		<rectangle>
			<xmin>1099</xmin>
			<ymin>485</ymin>
			<xmax>1206</xmax>
			<ymax>785</ymax>
		</rectangle>
	</object>
	<object>
		<name>4</name>
		<pose>Unspecified</pose>
		<truncated>0</truncated>
		<difficult>0</difficult>
		<rectangle>
			<xmin>2245</xmin>
			<ymin>618</ymin>
			<xmax>2472</xmax>
			<ymax>1137</ymax>
		</rectangle>
	</object>
	<object>
		<name>5</name>
		<pose>Unspecified</pose>
		<truncated>0</truncated>
		<difficult>0</difficult>
		<rectangle>
			<xmin>165</xmin>
			<ymin>375</ymin>
			<xmax>393</xmax>
			<ymax>947</ymax>
		</rectangle>
	</object>
	<object>
		<name>6</name>
		<pose>Unspecified</pose>
		<truncated>0</truncated>
		<difficult>0</difficult>
		<rectangle>
			<xmin>2052</xmin>
			<ymin>581</ymin>
			<xmax>2256</xmax>
			<ymax>1073</ymax>
		</rectangle>
	</object>
	<object>
		<name>7</name>
		<pose>Unspecified</pose>
		<truncated>0</truncated>
		<difficult>0</difficult>
		<rectangle>
			<xmin>1319</xmin>
			<ymin>511</ymin>
			<xmax>1457</xmax>
			<ymax>895</ymax>
		</rectangle>
	</object>
</annotation>
