<annotation>
	<folder>V0-S_canteen_0-G_1_hor</folder>
	<filename>0064.jpg</filename>
	<source>
		<database>My Database</database>
		<annotation>VOC2007</annotation>
		<image>flickr</image>
		<flickrid>NULL</flickrid>
	</source>
	<owner>
		<flickrid>NULL</flickrid>
		<name>dcx</name>
	</owner>
	<size>
		<width>2704</width>
		<height>1520</height>
		<depth>3</depth>
	</size>
	<segmented>0</segmented>
	<object>
		<name>1</name>
		<pose>Unspecified</pose>
		<truncated>0</truncated>
		<difficult>0</difficult>
		<rectangle>
			<xmin>1996</xmin>
			<ymin>577</ymin>
			<xmax>2096</xmax>
			<ymax>798</ymax>
		</rectangle>
	</object>
	<object>
		<name>3</name>
		<pose>Unspecified</pose>
		<truncated>0</truncated>
		<difficult>0</difficult>
		<rectangle>
			<xmin>1112</xmin>
			<ymin>480</ymin>
			<xmax>1217</xmax>
			<ymax>780</ymax>
		</rectangle>
	</object>
	<object>
		<name>4</name>
		<pose>Unspecified</pose>
		<truncated>0</truncated>
		<difficult>0</difficult>
		<rectangle>
			<xmin>2236</xmin>
			<ymin>614</ymin>
			<xmax>2471</xmax>
			<ymax>1134</ymax>
		</rectangle>
	</object>
	<object>
		<name>5</name>
		<pose>Unspecified</pose>
		<truncated>0</truncated>
		<difficult>0</difficult>
		<rectangle>
			<xmin>152</xmin>
			<ymin>374</ymin>
			<xmax>386</xmax>
			<ymax>950</ymax>
		</rectangle>
	</object>
	<object>
		<name>6</name>
		<pose>Unspecified</pose>
		<truncated>0</truncated>
		<difficult>0</difficult>
		<rectangle>
			<xmin>2060</xmin>
			<ymin>582</ymin>
			<xmax>2251</xmax>
			<ymax>1066</ymax>
		</rectangle>
	</object>
	<object>
		<name>7</name>
		<pose>Unspecified</pose>
		<truncated>0</truncated>
		<difficult>0</difficult>
		<rectangle>
			<xmin>1321</xmin>
			<ymin>507</ymin>
			<xmax>1451</xmax>
			<ymax>899</ymax>
		</rectangle>
	</object>
</annotation>
