<annotation>
	<folder>V0-S_canteen_0-G_1_hor</folder>
	<filename>0065.jpg</filename>
	<source>
		<database>My Database</database>
		<annotation>VOC2007</annotation>
		<image>flickr</image>
		<flickrid>NULL</flickrid>
	</source>
	<owner>
		<flickrid>NULL</flickrid>
		<name>dcx</name>
	</owner>
	<size>
		<width>2704</width>
		<height>1520</height>
		<depth>3</depth>
	</size>
	<segmented>0</segmented>
	<object>
		<name>1</name>
		<pose>Unspecified</pose>
		<truncated>0</truncated>
		<difficult>0</difficult>
		<rectangle>
			<xmin>1996</xmin>
			<ymin>575</ymin>
			<xmax>2097</xmax>
			<ymax>797</ymax>
		</rectangle>
	</object>
	<object>
		<name>3</name>
		<pose>Unspecified</pose>
		<truncated>0</truncated>
		<difficult>0</difficult>
		<rectangle>
			<xmin>1119</xmin>
			<ymin>477</ymin>
			<xmax>1222</xmax>
			<ymax>778</ymax>
		</rectangle>
	</object>
	<object>
		<name>4</name>
		<pose>Unspecified</pose>
		<truncated>0</truncated>
		<difficult>0</difficult>
		<rectangle>
			<xmin>2231</xmin>
			<ymin>612</ymin>
			<xmax>2471</xmax>
			<ymax>1133</ymax>
		</rectangle>
	</object>
	<object>
		<name>5</name>
		<pose>Unspecified</pose>
		<truncated>0</truncated>
		<difficult>0</difficult>
		<rectangle>
			<xmin>146</xmin>
			<ymin>373</ymin>
			<xmax>383</xmax>
			<ymax>951</ymax>
		</rectangle>
	</object>
	<object>
		<name>6</name>
		<pose>Unspecified</pose>
		<truncated>0</truncated>
		<difficult>0</difficult>
		<rectangle>
			<xmin>2064</xmin>
			<ymin>582</ymin>
			<xmax>2248</xmax>
			<ymax>1063</ymax>
		</rectangle>
	</object>
	<object>
		<name>7</name>
		<pose>Unspecified</pose>
		<truncated>0</truncated>
		<difficult>0</difficult>
		<rectangle>
			<xmin>1322</xmin>
			<ymin>505</ymin>
			<xmax>1448</xmax>
			<ymax>901</ymax>
		</rectangle>
	</object>
</annotation>
