<annotation>
	<folder>V0-S_canteen_0-G_1_hor</folder>
	<filename>0066.jpg</filename>
	<source>
		<database>My Database</database>
		<annotation>VOC2007</annotation>
		<image>flickr</image>
		<flickrid>NULL</flickrid>
	</source>
	<owner>
		<flickrid>NULL</flickrid>
		<name>dcx</name>
	</owner>
	<size>
		<width>2704</width>
		<height>1520</height>
		<depth>3</depth>
	</size>
	<segmented>0</segmented>
	<object>
		<name>6</name>
		<pose>Unspecified</pose>
		<truncated>0</truncated>
		<difficult>0</difficult>
		<rectangle>
			<xmin>2068</xmin>
			<ymin>582</ymin>
			<xmax>2245</xmax>
			<ymax>1060</ymax>
		</rectangle>
	</object>
	<object>
		<name>4</name>
		<pose>Unspecified</pose>
		<truncated>0</truncated>
		<difficult>0</difficult>
		<rectangle>
			<xmin>2226</xmin>
			<ymin>610</ymin>
			<xmax>2470</xmax>
			<ymax>1132</ymax>
		</rectangle>
	</object>
	<object>
		<name>7</name>
		<pose>Unspecified</pose>
		<truncated>0</truncated>
		<difficult>0</difficult>
		<rectangle>
			<xmin>1323</xmin>
			<ymin>503</ymin>
			<xmax>1445</xmax>
			<ymax>903</ymax>
		</rectangle>
	</object>
	<object>
		<name>3</name>
		<pose>Unspecified</pose>
		<truncated>0</truncated>
		<difficult>0</difficult>
		<rectangle>
			<xmin>1126</xmin>
			<ymin>475</ymin>
			<xmax>1228</xmax>
			<ymax>775</ymax>
		</rectangle>
	</object>
	<object>
		<name>5</name>
		<pose>Unspecified</pose>
		<truncated>0</truncated>
		<difficult>0</difficult>
		<rectangle>
			<xmin>140</xmin>
			<ymin>372</ymin>
			<xmax>379</xmax>
			<ymax>953</ymax>
		</rectangle>
	</object>
	<object>
		<name>1</name>
		<pose>Unspecified</pose>
		<truncated>0</truncated>
		<difficult>0</difficult>
		<rectangle>
			<xmin>1995</xmin>
			<ymin>573</ymin>
			<xmax>2098</xmax>
			<ymax>796</ymax>
		</rectangle>
	</object>
</annotation>
