<annotation>
	<folder>V0-S_canteen_0-G_1_hor</folder>
	<filename>0067.jpg</filename>
	<source>
		<database>My Database</database>
		<annotation>VOC2007</annotation>
		<image>flickr</image>
		<flickrid>NULL</flickrid>
	</source>
	<owner>
		<flickrid>NULL</flickrid>
		<name>dcx</name>
	</owner>
	<size>
		<width>2704</width>
		<height>1520</height>
		<depth>3</depth>
	</size>
	<segmented>0</segmented>
	<object>
		<name>1</name>
		<pose>Unspecified</pose>
		<truncated>0</truncated>
		<difficult>0</difficult>
		<rectangle>
			<xmin>1996</xmin>
			<ymin>571</ymin>
			<xmax>2097</xmax>
			<ymax>795</ymax>
		</rectangle>
	</object>
	<object>
		<name>3</name>
		<pose>Unspecified</pose>
		<truncated>0</truncated>
		<difficult>0</difficult>
		<rectangle>
			<xmin>1128</xmin>
			<ymin>474</ymin>
			<xmax>1231</xmax>
			<ymax>775</ymax>
		</rectangle>
	</object>
	<object>
		<name>4</name>
		<pose>Unspecified</pose>
		<truncated>0</truncated>
		<difficult>0</difficult>
		<rectangle>
			<xmin>2211</xmin>
			<ymin>610</ymin>
			<xmax>2465</xmax>
			<ymax>1131</ymax>
		</rectangle>
	</object>
	<object>
		<name>5</name>
		<pose>Unspecified</pose>
		<truncated>0</truncated>
		<difficult>0</difficult>
		<rectangle>
			<xmin>136</xmin>
			<ymin>372</ymin>
			<xmax>375</xmax>
			<ymax>957</ymax>
		</rectangle>
	</object>
	<object>
		<name>6</name>
		<pose>Unspecified</pose>
		<truncated>0</truncated>
		<difficult>0</difficult>
		<rectangle>
			<xmin>2067</xmin>
			<ymin>579</ymin>
			<xmax>2244</xmax>
			<ymax>1058</ymax>
		</rectangle>
	</object>
	<object>
		<name>7</name>
		<pose>Unspecified</pose>
		<truncated>0</truncated>
		<difficult>0</difficult>
		<rectangle>
			<xmin>1318</xmin>
			<ymin>503</ymin>
			<xmax>1442</xmax>
			<ymax>902</ymax>
		</rectangle>
	</object>
</annotation>
