<annotation>
	<folder>V0-S_canteen_0-G_1_hor</folder>
	<filename>0068.jpg</filename>
	<source>
		<database>My Database</database>
		<annotation>VOC2007</annotation>
		<image>flickr</image>
		<flickrid>NULL</flickrid>
	</source>
	<owner>
		<flickrid>NULL</flickrid>
		<name>dcx</name>
	</owner>
	<size>
		<width>2704</width>
		<height>1520</height>
		<depth>3</depth>
	</size>
	<segmented>0</segmented>
	<object>
		<name>1</name>
		<pose>Unspecified</pose>
		<truncated>0</truncated>
		<difficult>0</difficult>
		<rectangle>
			<xmin>1996</xmin>
			<ymin>569</ymin>
			<xmax>2096</xmax>
			<ymax>794</ymax>
		</rectangle>
	</object>
	<object>
		<name>3</name>
		<pose>Unspecified</pose>
		<truncated>0</truncated>
		<difficult>0</difficult>
		<rectangle>
			<xmin>1129</xmin>
			<ymin>474</ymin>
			<xmax>1234</xmax>
			<ymax>775</ymax>
		</rectangle>
	</object>
	<object>
		<name>4</name>
		<pose>Unspecified</pose>
		<truncated>0</truncated>
		<difficult>0</difficult>
		<rectangle>
			<xmin>2196</xmin>
			<ymin>610</ymin>
			<xmax>2460</xmax>
			<ymax>1129</ymax>
		</rectangle>
	</object>
	<object>
		<name>5</name>
		<pose>Unspecified</pose>
		<truncated>0</truncated>
		<difficult>0</difficult>
		<rectangle>
			<xmin>132</xmin>
			<ymin>373</ymin>
			<xmax>371</xmax>
			<ymax>960</ymax>
		</rectangle>
	</object>
	<object>
		<name>6</name>
		<pose>Unspecified</pose>
		<truncated>0</truncated>
		<difficult>0</difficult>
		<rectangle>
			<xmin>2067</xmin>
			<ymin>576</ymin>
			<xmax>2242</xmax>
			<ymax>1056</ymax>
		</rectangle>
	</object>
	<object>
		<name>7</name>
		<pose>Unspecified</pose>
		<truncated>0</truncated>
		<difficult>0</difficult>
		<rectangle>
			<xmin>1313</xmin>
			<ymin>503</ymin>
			<xmax>1439</xmax>
			<ymax>902</ymax>
		</rectangle>
	</object>
</annotation>
