<annotation>
	<folder>V0-S_canteen_0-G_1_hor</folder>
	<filename>0070.jpg</filename>
	<source>
		<database>My Database</database>
		<annotation>VOC2007</annotation>
		<image>flickr</image>
		<flickrid>NULL</flickrid>
	</source>
	<owner>
		<flickrid>NULL</flickrid>
		<name>dcx</name>
	</owner>
	<size>
		<width>2704</width>
		<height>1520</height>
		<depth>3</depth>
	</size>
	<segmented>0</segmented>
	<object>
		<name>1</name>
		<pose>Unspecified</pose>
		<truncated>0</truncated>
		<difficult>0</difficult>
		<rectangle>
			<xmin>1997</xmin>
			<ymin>566</ymin>
			<xmax>2095</xmax>
			<ymax>793</ymax>
		</rectangle>
	</object>
	<object>
		<name>3</name>
		<pose>Unspecified</pose>
		<truncated>0</truncated>
		<difficult>0</difficult>
		<rectangle>
			<xmin>1132</xmin>
			<ymin>473</ymin>
			<xmax>1240</xmax>
			<ymax>774</ymax>
		</rectangle>
	</object>
	<object>
		<name>4</name>
		<pose>Unspecified</pose>
		<truncated>0</truncated>
		<difficult>0</difficult>
		<rectangle>
			<xmin>2166</xmin>
			<ymin>610</ymin>
			<xmax>2449</xmax>
			<ymax>1126</ymax>
		</rectangle>
	</object>
	<object>
		<name>5</name>
		<pose>Unspecified</pose>
		<truncated>0</truncated>
		<difficult>0</difficult>
		<rectangle>
			<xmin>123</xmin>
			<ymin>374</ymin>
			<xmax>364</xmax>
			<ymax>967</ymax>
		</rectangle>
	</object>
	<object>
		<name>6</name>
		<pose>Unspecified</pose>
		<truncated>0</truncated>
		<difficult>0</difficult>
		<rectangle>
			<xmin>2066</xmin>
			<ymin>570</ymin>
			<xmax>2239</xmax>
			<ymax>1053</ymax>
		</rectangle>
	</object>
	<object>
		<name>7</name>
		<pose>Unspecified</pose>
		<truncated>0</truncated>
		<difficult>0</difficult>
		<rectangle>
			<xmin>1302</xmin>
			<ymin>504</ymin>
			<xmax>1433</xmax>
			<ymax>901</ymax>
		</rectangle>
	</object>
</annotation>
