<annotation>
	<folder>V0-S_canteen_0-G_1_hor</folder>
	<filename>0073.jpg</filename>
	<source>
		<database>My Database</database>
		<annotation>VOC2007</annotation>
		<image>flickr</image>
		<flickrid>NULL</flickrid>
	</source>
	<owner>
		<flickrid>NULL</flickrid>
		<name>dcx</name>
	</owner>
	<size>
		<width>2704</width>
		<height>1520</height>
		<depth>3</depth>
	</size>
	<segmented>0</segmented>
	<object>
		<name>1</name>
		<pose>Unspecified</pose>
		<truncated>0</truncated>
		<difficult>0</difficult>
		<rectangle>
			<xmin>1997</xmin>
			<ymin>562</ymin>
			<xmax>2094</xmax>
			<ymax>788</ymax>
		</rectangle>
	</object>
	<object>
		<name>3</name>
		<pose>Unspecified</pose>
		<truncated>0</truncated>
		<difficult>0</difficult>
		<rectangle>
			<xmin>1138</xmin>
			<ymin>473</ymin>
			<xmax>1247</xmax>
			<ymax>772</ymax>
		</rectangle>
	</object>
	<object>
		<name>4</name>
		<pose>Unspecified</pose>
		<truncated>0</truncated>
		<difficult>0</difficult>
		<rectangle>
			<xmin>2146</xmin>
			<ymin>605</ymin>
			<xmax>2430</xmax>
			<ymax>1125</ymax>
		</rectangle>
	</object>
	<object>
		<name>5</name>
		<pose>Unspecified</pose>
		<truncated>0</truncated>
		<difficult>0</difficult>
		<rectangle>
			<xmin>109</xmin>
			<ymin>371</ymin>
			<xmax>354</xmax>
			<ymax>980</ymax>
		</rectangle>
	</object>
	<object>
		<name>6</name>
		<pose>Unspecified</pose>
		<truncated>0</truncated>
		<difficult>0</difficult>
		<rectangle>
			<xmin>2051</xmin>
			<ymin>564</ymin>
			<xmax>2239</xmax>
			<ymax>1039</ymax>
		</rectangle>
	</object>
	<object>
		<name>7</name>
		<pose>Unspecified</pose>
		<truncated>0</truncated>
		<difficult>0</difficult>
		<rectangle>
			<xmin>1292</xmin>
			<ymin>503</ymin>
			<xmax>1424</xmax>
			<ymax>905</ymax>
		</rectangle>
	</object>
</annotation>
