<annotation>
	<folder>V0-S_canteen_0-G_1_hor</folder>
	<filename>0075.jpg</filename>
	<source>
		<database>My Database</database>
		<annotation>VOC2007</annotation>
		<image>flickr</image>
		<flickrid>NULL</flickrid>
	</source>
	<owner>
		<flickrid>NULL</flickrid>
		<name>dcx</name>
	</owner>
	<size>
		<width>2704</width>
		<height>1520</height>
		<depth>3</depth>
	</size>
	<segmented>0</segmented>
	<object>
		<name>1</name>
		<pose>Unspecified</pose>
		<truncated>0</truncated>
		<difficult>0</difficult>
		<rectangle>
			<xmin>1996</xmin>
			<ymin>561</ymin>
			<xmax>2093</xmax>
			<ymax>784</ymax>
		</rectangle>
	</object>
	<object>
		<name>3</name>
		<pose>Unspecified</pose>
		<truncated>0</truncated>
		<difficult>0</difficult>
		<rectangle>
			<xmin>1142</xmin>
			<ymin>474</ymin>
			<xmax>1251</xmax>
			<ymax>769</ymax>
		</rectangle>
	</object>
	<object>
		<name>4</name>
		<pose>Unspecified</pose>
		<truncated>0</truncated>
		<difficult>0</difficult>
		<rectangle>
			<xmin>2141</xmin>
			<ymin>600</ymin>
			<xmax>2416</xmax>
			<ymax>1125</ymax>
		</rectangle>
	</object>
	<object>
		<name>5</name>
		<pose>Unspecified</pose>
		<truncated>0</truncated>
		<difficult>0</difficult>
		<rectangle>
			<xmin>99</xmin>
			<ymin>368</ymin>
			<xmax>349</xmax>
			<ymax>989</ymax>
		</rectangle>
	</object>
	<object>
		<name>6</name>
		<pose>Unspecified</pose>
		<truncated>0</truncated>
		<difficult>0</difficult>
		<rectangle>
			<xmin>2036</xmin>
			<ymin>561</ymin>
			<xmax>2240</xmax>
			<ymax>1027</ymax>
		</rectangle>
	</object>
	<object>
		<name>7</name>
		<pose>Unspecified</pose>
		<truncated>0</truncated>
		<difficult>0</difficult>
		<rectangle>
			<xmin>1287</xmin>
			<ymin>502</ymin>
			<xmax>1418</xmax>
			<ymax>910</ymax>
		</rectangle>
	</object>
</annotation>
