<annotation>
	<folder>V0-S_canteen_0-G_1_hor</folder>
	<filename>0076.jpg</filename>
	<source>
		<database>My Database</database>
		<annotation>VOC2007</annotation>
		<image>flickr</image>
		<flickrid>NULL</flickrid>
	</source>
	<owner>
		<flickrid>NULL</flickrid>
		<name>dcx</name>
	</owner>
	<size>
		<width>2704</width>
		<height>1520</height>
		<depth>3</depth>
	</size>
	<segmented>0</segmented>
	<object>
		<name>6</name>
		<pose>Unspecified</pose>
		<truncated>0</truncated>
		<difficult>0</difficult>
		<rectangle>
			<xmin>2029</xmin>
			<ymin>560</ymin>
			<xmax>2240</xmax>
			<ymax>1021</ymax>
		</rectangle>
	</object>
	<object>
		<name>4</name>
		<pose>Unspecified</pose>
		<truncated>0</truncated>
		<difficult>0</difficult>
		<rectangle>
			<xmin>2138</xmin>
			<ymin>598</ymin>
			<xmax>2409</xmax>
			<ymax>1125</ymax>
		</rectangle>
	</object>
	<object>
		<name>7</name>
		<pose>Unspecified</pose>
		<truncated>0</truncated>
		<difficult>0</difficult>
		<rectangle>
			<xmin>1285</xmin>
			<ymin>502</ymin>
			<xmax>1415</xmax>
			<ymax>913</ymax>
		</rectangle>
	</object>
	<object>
		<name>3</name>
		<pose>Unspecified</pose>
		<truncated>0</truncated>
		<difficult>0</difficult>
		<rectangle>
			<xmin>1144</xmin>
			<ymin>474</ymin>
			<xmax>1253</xmax>
			<ymax>768</ymax>
		</rectangle>
	</object>
	<object>
		<name>5</name>
		<pose>Unspecified</pose>
		<truncated>0</truncated>
		<difficult>0</difficult>
		<rectangle>
			<xmin>94</xmin>
			<ymin>366</ymin>
			<xmax>346</xmax>
			<ymax>993</ymax>
		</rectangle>
	</object>
	<object>
		<name>1</name>
		<pose>Unspecified</pose>
		<truncated>0</truncated>
		<difficult>0</difficult>
		<rectangle>
			<xmin>1995</xmin>
			<ymin>560</ymin>
			<xmax>2093</xmax>
			<ymax>782</ymax>
		</rectangle>
	</object>
</annotation>
