<annotation>
	<folder>V0-S_canteen_0-G_1_hor</folder>
	<filename>0077.jpg</filename>
	<source>
		<database>My Database</database>
		<annotation>VOC2007</annotation>
		<image>flickr</image>
		<flickrid>NULL</flickrid>
	</source>
	<owner>
		<flickrid>NULL</flickrid>
		<name>dcx</name>
	</owner>
	<size>
		<width>2704</width>
		<height>1520</height>
		<depth>3</depth>
	</size>
	<segmented>0</segmented>
	<object>
		<name>1</name>
		<pose>Unspecified</pose>
		<truncated>0</truncated>
		<difficult>0</difficult>
		<rectangle>
			<xmin>1995</xmin>
			<ymin>560</ymin>
			<xmax>2093</xmax>
			<ymax>782</ymax>
		</rectangle>
	</object>
	<object>
		<name>3</name>
		<pose>Unspecified</pose>
		<truncated>0</truncated>
		<difficult>0</difficult>
		<rectangle>
			<xmin>1149</xmin>
			<ymin>474</ymin>
			<xmax>1254</xmax>
			<ymax>766</ymax>
		</rectangle>
	</object>
	<object>
		<name>4</name>
		<pose>Unspecified</pose>
		<truncated>0</truncated>
		<difficult>0</difficult>
		<rectangle>
			<xmin>2137</xmin>
			<ymin>596</ymin>
			<xmax>2404</xmax>
			<ymax>1124</ymax>
		</rectangle>
	</object>
	<object>
		<name>5</name>
		<pose>Unspecified</pose>
		<truncated>0</truncated>
		<difficult>0</difficult>
		<rectangle>
			<xmin>91</xmin>
			<ymin>363</ymin>
			<xmax>345</xmax>
			<ymax>994</ymax>
		</rectangle>
	</object>
	<object>
		<name>6</name>
		<pose>Unspecified</pose>
		<truncated>0</truncated>
		<difficult>0</difficult>
		<rectangle>
			<xmin>2030</xmin>
			<ymin>560</ymin>
			<xmax>2238</xmax>
			<ymax>1017</ymax>
		</rectangle>
	</object>
	<object>
		<name>7</name>
		<pose>Unspecified</pose>
		<truncated>0</truncated>
		<difficult>0</difficult>
		<rectangle>
			<xmin>1283</xmin>
			<ymin>499</ymin>
			<xmax>1414</xmax>
			<ymax>913</ymax>
		</rectangle>
	</object>
</annotation>
