<annotation>
	<folder>V0-S_canteen_0-G_1_hor</folder>
	<filename>0078.jpg</filename>
	<source>
		<database>My Database</database>
		<annotation>VOC2007</annotation>
		<image>flickr</image>
		<flickrid>NULL</flickrid>
	</source>
	<owner>
		<flickrid>NULL</flickrid>
		<name>dcx</name>
	</owner>
	<size>
		<width>2704</width>
		<height>1520</height>
		<depth>3</depth>
	</size>
	<segmented>0</segmented>
	<object>
		<name>1</name>
		<pose>Unspecified</pose>
		<truncated>0</truncated>
		<difficult>0</difficult>
		<rectangle>
			<xmin>1994</xmin>
			<ymin>560</ymin>
			<xmax>2093</xmax>
			<ymax>783</ymax>
		</rectangle>
	</object>
	<object>
		<name>3</name>
		<pose>Unspecified</pose>
		<truncated>0</truncated>
		<difficult>0</difficult>
		<rectangle>
			<xmin>1153</xmin>
			<ymin>474</ymin>
			<xmax>1256</xmax>
			<ymax>764</ymax>
		</rectangle>
	</object>
	<object>
		<name>4</name>
		<pose>Unspecified</pose>
		<truncated>0</truncated>
		<difficult>0</difficult>
		<rectangle>
			<xmin>2136</xmin>
			<ymin>594</ymin>
			<xmax>2398</xmax>
			<ymax>1122</ymax>
		</rectangle>
	</object>
	<object>
		<name>5</name>
		<pose>Unspecified</pose>
		<truncated>0</truncated>
		<difficult>0</difficult>
		<rectangle>
			<xmin>87</xmin>
			<ymin>360</ymin>
			<xmax>345</xmax>
			<ymax>994</ymax>
		</rectangle>
	</object>
	<object>
		<name>6</name>
		<pose>Unspecified</pose>
		<truncated>0</truncated>
		<difficult>0</difficult>
		<rectangle>
			<xmin>2031</xmin>
			<ymin>560</ymin>
			<xmax>2236</xmax>
			<ymax>1013</ymax>
		</rectangle>
	</object>
	<object>
		<name>7</name>
		<pose>Unspecified</pose>
		<truncated>0</truncated>
		<difficult>0</difficult>
		<rectangle>
			<xmin>1281</xmin>
			<ymin>496</ymin>
			<xmax>1412</xmax>
			<ymax>913</ymax>
		</rectangle>
	</object>
</annotation>
