<annotation>
	<folder>V0-S_canteen_0-G_1_hor</folder>
	<filename>0079.jpg</filename>
	<source>
		<database>My Database</database>
		<annotation>VOC2007</annotation>
		<image>flickr</image>
		<flickrid>NULL</flickrid>
	</source>
	<owner>
		<flickrid>NULL</flickrid>
		<name>dcx</name>
	</owner>
	<size>
		<width>2704</width>
		<height>1520</height>
		<depth>3</depth>
	</size>
	<segmented>0</segmented>
	<object>
		<name>1</name>
		<pose>Unspecified</pose>
		<truncated>0</truncated>
		<difficult>0</difficult>
		<rectangle>
			<xmin>1994</xmin>
			<ymin>561</ymin>
			<xmax>2094</xmax>
			<ymax>783</ymax>
		</rectangle>
	</object>
	<object>
		<name>3</name>
		<pose>Unspecified</pose>
		<truncated>0</truncated>
		<difficult>0</difficult>
		<rectangle>
			<xmin>1158</xmin>
			<ymin>474</ymin>
			<xmax>1257</xmax>
			<ymax>762</ymax>
		</rectangle>
	</object>
	<object>
		<name>4</name>
		<pose>Unspecified</pose>
		<truncated>0</truncated>
		<difficult>0</difficult>
		<rectangle>
			<xmin>2136</xmin>
			<ymin>592</ymin>
			<xmax>2393</xmax>
			<ymax>1121</ymax>
		</rectangle>
	</object>
	<object>
		<name>5</name>
		<pose>Unspecified</pose>
		<truncated>0</truncated>
		<difficult>0</difficult>
		<rectangle>
			<xmin>84</xmin>
			<ymin>356</ymin>
			<xmax>344</xmax>
			<ymax>995</ymax>
		</rectangle>
	</object>
	<object>
		<name>6</name>
		<pose>Unspecified</pose>
		<truncated>0</truncated>
		<difficult>0</difficult>
		<rectangle>
			<xmin>2032</xmin>
			<ymin>559</ymin>
			<xmax>2233</xmax>
			<ymax>1009</ymax>
		</rectangle>
	</object>
	<object>
		<name>7</name>
		<pose>Unspecified</pose>
		<truncated>0</truncated>
		<difficult>0</difficult>
		<rectangle>
			<xmin>1279</xmin>
			<ymin>494</ymin>
			<xmax>1411</xmax>
			<ymax>912</ymax>
		</rectangle>
	</object>
</annotation>
