<annotation>
	<folder>V0-S_canteen_0-G_1_hor</folder>
	<filename>0080.jpg</filename>
	<source>
		<database>My Database</database>
		<annotation>VOC2007</annotation>
		<image>flickr</image>
		<flickrid>NULL</flickrid>
	</source>
	<owner>
		<flickrid>NULL</flickrid>
		<name>dcx</name>
	</owner>
	<size>
		<width>2704</width>
		<height>1520</height>
		<depth>3</depth>
	</size>
	<segmented>0</segmented>
	<object>
		<name>1</name>
		<pose>Unspecified</pose>
		<truncated>0</truncated>
		<difficult>0</difficult>
		<rectangle>
			<xmin>1993</xmin>
			<ymin>561</ymin>
			<xmax>2094</xmax>
			<ymax>784</ymax>
		</rectangle>
	</object>
	<object>
		<name>3</name>
		<pose>Unspecified</pose>
		<truncated>0</truncated>
		<difficult>0</difficult>
		<rectangle>
			<xmin>1162</xmin>
			<ymin>474</ymin>
			<xmax>1259</xmax>
			<ymax>760</ymax>
		</rectangle>
	</object>
	<object>
		<name>4</name>
		<pose>Unspecified</pose>
		<truncated>0</truncated>
		<difficult>0</difficult>
		<rectangle>
			<xmin>2135</xmin>
			<ymin>590</ymin>
			<xmax>2387</xmax>
			<ymax>1119</ymax>
		</rectangle>
	</object>
	<object>
		<name>5</name>
		<pose>Unspecified</pose>
		<truncated>0</truncated>
		<difficult>0</difficult>
		<rectangle>
			<xmin>80</xmin>
			<ymin>353</ymin>
			<xmax>344</xmax>
			<ymax>995</ymax>
		</rectangle>
	</object>
	<object>
		<name>6</name>
		<pose>Unspecified</pose>
		<truncated>0</truncated>
		<difficult>0</difficult>
		<rectangle>
			<xmin>2033</xmin>
			<ymin>559</ymin>
			<xmax>2231</xmax>
			<ymax>1005</ymax>
		</rectangle>
	</object>
	<object>
		<name>7</name>
		<pose>Unspecified</pose>
		<truncated>0</truncated>
		<difficult>0</difficult>
		<rectangle>
			<xmin>1277</xmin>
			<ymin>491</ymin>
			<xmax>1409</xmax>
			<ymax>912</ymax>
		</rectangle>
	</object>
</annotation>
