<annotation>
	<folder>V0-S_canteen_0-G_1_hor</folder>
	<filename>0081.jpg</filename>
	<source>
		<database>My Database</database>
		<annotation>VOC2007</annotation>
		<image>flickr</image>
		<flickrid>NULL</flickrid>
	</source>
	<owner>
		<flickrid>NULL</flickrid>
		<name>dcx</name>
	</owner>
	<size>
		<width>2704</width>
		<height>1520</height>
		<depth>3</depth>
	</size>
	<segmented>0</segmented>
	<object>
		<name>6</name>
		<pose>Unspecified</pose>
		<truncated>0</truncated>
		<difficult>0</difficult>
		<rectangle>
			<xmin>2034</xmin>
			<ymin>559</ymin>
			<xmax>2229</xmax>
			<ymax>1001</ymax>
		</rectangle>
	</object>
	<object>
		<name>4</name>
		<pose>Unspecified</pose>
		<truncated>0</truncated>
		<difficult>0</difficult>
		<rectangle>
			<xmin>2134</xmin>
			<ymin>588</ymin>
			<xmax>2382</xmax>
			<ymax>1118</ymax>
		</rectangle>
	</object>
	<object>
		<name>7</name>
		<pose>Unspecified</pose>
		<truncated>0</truncated>
		<difficult>0</difficult>
		<rectangle>
			<xmin>1275</xmin>
			<ymin>488</ymin>
			<xmax>1408</xmax>
			<ymax>912</ymax>
		</rectangle>
	</object>
	<object>
		<name>3</name>
		<pose>Unspecified</pose>
		<truncated>0</truncated>
		<difficult>0</difficult>
		<rectangle>
			<xmin>1167</xmin>
			<ymin>474</ymin>
			<xmax>1260</xmax>
			<ymax>758</ymax>
		</rectangle>
	</object>
	<object>
		<name>5</name>
		<pose>Unspecified</pose>
		<truncated>0</truncated>
		<difficult>0</difficult>
		<rectangle>
			<xmin>77</xmin>
			<ymin>350</ymin>
			<xmax>343</xmax>
			<ymax>996</ymax>
		</rectangle>
	</object>
	<object>
		<name>1</name>
		<pose>Unspecified</pose>
		<truncated>0</truncated>
		<difficult>0</difficult>
		<rectangle>
			<xmin>1993</xmin>
			<ymin>561</ymin>
			<xmax>2094</xmax>
			<ymax>784</ymax>
		</rectangle>
	</object>
</annotation>
