<annotation>
	<folder>V0-S_canteen_0-G_1_hor</folder>
	<filename>0082.jpg</filename>
	<source>
		<database>My Database</database>
		<annotation>VOC2007</annotation>
		<image>flickr</image>
		<flickrid>NULL</flickrid>
	</source>
	<owner>
		<flickrid>NULL</flickrid>
		<name>dcx</name>
	</owner>
	<size>
		<width>2704</width>
		<height>1520</height>
		<depth>3</depth>
	</size>
	<segmented>0</segmented>
	<object>
		<name>1</name>
		<pose>Unspecified</pose>
		<truncated>0</truncated>
		<difficult>0</difficult>
		<rectangle>
			<xmin>1994</xmin>
			<ymin>560</ymin>
			<xmax>2095</xmax>
			<ymax>784</ymax>
		</rectangle>
	</object>
	<object>
		<name>3</name>
		<pose>Unspecified</pose>
		<truncated>0</truncated>
		<difficult>0</difficult>
		<rectangle>
			<xmin>1172</xmin>
			<ymin>474</ymin>
			<xmax>1262</xmax>
			<ymax>756</ymax>
		</rectangle>
	</object>
	<object>
		<name>4</name>
		<pose>Unspecified</pose>
		<truncated>0</truncated>
		<difficult>0</difficult>
		<rectangle>
			<xmin>2128</xmin>
			<ymin>588</ymin>
			<xmax>2378</xmax>
			<ymax>1124</ymax>
		</rectangle>
	</object>
	<object>
		<name>5</name>
		<pose>Unspecified</pose>
		<truncated>0</truncated>
		<difficult>0</difficult>
		<rectangle>
			<xmin>74</xmin>
			<ymin>351</ymin>
			<xmax>342</xmax>
			<ymax>1002</ymax>
		</rectangle>
	</object>
	<object>
		<name>6</name>
		<pose>Unspecified</pose>
		<truncated>0</truncated>
		<difficult>0</difficult>
		<rectangle>
			<xmin>2041</xmin>
			<ymin>561</ymin>
			<xmax>2228</xmax>
			<ymax>999</ymax>
		</rectangle>
	</object>
	<object>
		<name>7</name>
		<pose>Unspecified</pose>
		<truncated>0</truncated>
		<difficult>0</difficult>
		<rectangle>
			<xmin>1270</xmin>
			<ymin>489</ymin>
			<xmax>1406</xmax>
			<ymax>912</ymax>
		</rectangle>
	</object>
</annotation>
