<annotation>
	<folder>V0-S_canteen_0-G_1_hor</folder>
	<filename>0083.jpg</filename>
	<source>
		<database>My Database</database>
		<annotation>VOC2007</annotation>
		<image>flickr</image>
		<flickrid>NULL</flickrid>
	</source>
	<owner>
		<flickrid>NULL</flickrid>
		<name>dcx</name>
	</owner>
	<size>
		<width>2704</width>
		<height>1520</height>
		<depth>3</depth>
	</size>
	<segmented>0</segmented>
	<object>
		<name>1</name>
		<pose>Unspecified</pose>
		<truncated>0</truncated>
		<difficult>0</difficult>
		<rectangle>
			<xmin>1996</xmin>
			<ymin>560</ymin>
			<xmax>2096</xmax>
			<ymax>784</ymax>
		</rectangle>
	</object>
	<object>
		<name>3</name>
		<pose>Unspecified</pose>
		<truncated>0</truncated>
		<difficult>0</difficult>
		<rectangle>
			<xmin>1177</xmin>
			<ymin>473</ymin>
			<xmax>1264</xmax>
			<ymax>754</ymax>
		</rectangle>
	</object>
	<object>
		<name>4</name>
		<pose>Unspecified</pose>
		<truncated>0</truncated>
		<difficult>0</difficult>
		<rectangle>
			<xmin>2122</xmin>
			<ymin>587</ymin>
			<xmax>2373</xmax>
			<ymax>1129</ymax>
		</rectangle>
	</object>
	<object>
		<name>5</name>
		<pose>Unspecified</pose>
		<truncated>0</truncated>
		<difficult>0</difficult>
		<rectangle>
			<xmin>71</xmin>
			<ymin>351</ymin>
			<xmax>340</xmax>
			<ymax>1007</ymax>
		</rectangle>
	</object>
	<object>
		<name>6</name>
		<pose>Unspecified</pose>
		<truncated>0</truncated>
		<difficult>0</difficult>
		<rectangle>
			<xmin>2048</xmin>
			<ymin>562</ymin>
			<xmax>2227</xmax>
			<ymax>997</ymax>
		</rectangle>
	</object>
	<object>
		<name>7</name>
		<pose>Unspecified</pose>
		<truncated>0</truncated>
		<difficult>0</difficult>
		<rectangle>
			<xmin>1265</xmin>
			<ymin>490</ymin>
			<xmax>1404</xmax>
			<ymax>912</ymax>
		</rectangle>
	</object>
</annotation>
