<annotation>
	<folder>V0-S_canteen_0-G_1_hor</folder>
	<filename>0084.jpg</filename>
	<source>
		<database>My Database</database>
		<annotation>VOC2007</annotation>
		<image>flickr</image>
		<flickrid>NULL</flickrid>
	</source>
	<owner>
		<flickrid>NULL</flickrid>
		<name>dcx</name>
	</owner>
	<size>
		<width>2704</width>
		<height>1520</height>
		<depth>3</depth>
	</size>
	<segmented>0</segmented>
	<object>
		<name>1</name>
		<pose>Unspecified</pose>
		<truncated>0</truncated>
		<difficult>0</difficult>
		<rectangle>
			<xmin>1997</xmin>
			<ymin>559</ymin>
			<xmax>2097</xmax>
			<ymax>785</ymax>
		</rectangle>
	</object>
	<object>
		<name>3</name>
		<pose>Unspecified</pose>
		<truncated>0</truncated>
		<difficult>0</difficult>
		<rectangle>
			<xmin>1181</xmin>
			<ymin>473</ymin>
			<xmax>1267</xmax>
			<ymax>752</ymax>
		</rectangle>
	</object>
	<object>
		<name>4</name>
		<pose>Unspecified</pose>
		<truncated>0</truncated>
		<difficult>0</difficult>
		<rectangle>
			<xmin>2117</xmin>
			<ymin>587</ymin>
			<xmax>2369</xmax>
			<ymax>1135</ymax>
		</rectangle>
	</object>
	<object>
		<name>5</name>
		<pose>Unspecified</pose>
		<truncated>0</truncated>
		<difficult>0</difficult>
		<rectangle>
			<xmin>69</xmin>
			<ymin>352</ymin>
			<xmax>339</xmax>
			<ymax>1013</ymax>
		</rectangle>
	</object>
	<object>
		<name>6</name>
		<pose>Unspecified</pose>
		<truncated>0</truncated>
		<difficult>0</difficult>
		<rectangle>
			<xmin>2056</xmin>
			<ymin>564</ymin>
			<xmax>2227</xmax>
			<ymax>995</ymax>
		</rectangle>
	</object>
	<object>
		<name>7</name>
		<pose>Unspecified</pose>
		<truncated>0</truncated>
		<difficult>0</difficult>
		<rectangle>
			<xmin>1260</xmin>
			<ymin>490</ymin>
			<xmax>1403</xmax>
			<ymax>912</ymax>
		</rectangle>
	</object>
</annotation>
