<annotation>
	<folder>V0-S_canteen_0-G_1_hor</folder>
	<filename>0085.jpg</filename>
	<source>
		<database>My Database</database>
		<annotation>VOC2007</annotation>
		<image>flickr</image>
		<flickrid>NULL</flickrid>
	</source>
	<owner>
		<flickrid>NULL</flickrid>
		<name>dcx</name>
	</owner>
	<size>
		<width>2704</width>
		<height>1520</height>
		<depth>3</depth>
	</size>
	<segmented>0</segmented>
	<object>
		<name>1</name>
		<pose>Unspecified</pose>
		<truncated>0</truncated>
		<difficult>0</difficult>
		<rectangle>
			<xmin>1999</xmin>
			<ymin>559</ymin>
			<xmax>2098</xmax>
			<ymax>785</ymax>
		</rectangle>
	</object>
	<object>
		<name>3</name>
		<pose>Unspecified</pose>
		<truncated>0</truncated>
		<difficult>0</difficult>
		<rectangle>
			<xmin>1186</xmin>
			<ymin>472</ymin>
			<xmax>1269</xmax>
			<ymax>750</ymax>
		</rectangle>
	</object>
	<object>
		<name>4</name>
		<pose>Unspecified</pose>
		<truncated>0</truncated>
		<difficult>0</difficult>
		<rectangle>
			<xmin>2111</xmin>
			<ymin>586</ymin>
			<xmax>2364</xmax>
			<ymax>1140</ymax>
		</rectangle>
	</object>
	<object>
		<name>5</name>
		<pose>Unspecified</pose>
		<truncated>0</truncated>
		<difficult>0</difficult>
		<rectangle>
			<xmin>66</xmin>
			<ymin>352</ymin>
			<xmax>337</xmax>
			<ymax>1018</ymax>
		</rectangle>
	</object>
	<object>
		<name>6</name>
		<pose>Unspecified</pose>
		<truncated>0</truncated>
		<difficult>0</difficult>
		<rectangle>
			<xmin>2063</xmin>
			<ymin>565</ymin>
			<xmax>2226</xmax>
			<ymax>993</ymax>
		</rectangle>
	</object>
	<object>
		<name>7</name>
		<pose>Unspecified</pose>
		<truncated>0</truncated>
		<difficult>0</difficult>
		<rectangle>
			<xmin>1255</xmin>
			<ymin>491</ymin>
			<xmax>1401</xmax>
			<ymax>912</ymax>
		</rectangle>
	</object>
</annotation>
