<annotation>
	<folder>V0-S_canteen_0-G_1_hor</folder>
	<filename>0086.jpg</filename>
	<source>
		<database>My Database</database>
		<annotation>VOC2007</annotation>
		<image>flickr</image>
		<flickrid>NULL</flickrid>
	</source>
	<owner>
		<flickrid>NULL</flickrid>
		<name>dcx</name>
	</owner>
	<size>
		<width>2704</width>
		<height>1520</height>
		<depth>3</depth>
	</size>
	<segmented>0</segmented>
	<object>
		<name>6</name>
		<pose>Unspecified</pose>
		<truncated>0</truncated>
		<difficult>0</difficult>
		<rectangle>
			<xmin>2070</xmin>
			<ymin>567</ymin>
			<xmax>2225</xmax>
			<ymax>991</ymax>
		</rectangle>
	</object>
	<object>
		<name>4</name>
		<pose>Unspecified</pose>
		<truncated>0</truncated>
		<difficult>0</difficult>
		<rectangle>
			<xmin>2105</xmin>
			<ymin>586</ymin>
			<xmax>2360</xmax>
			<ymax>1146</ymax>
		</rectangle>
	</object>
	<object>
		<name>7</name>
		<pose>Unspecified</pose>
		<truncated>0</truncated>
		<difficult>0</difficult>
		<rectangle>
			<xmin>1250</xmin>
			<ymin>492</ymin>
			<xmax>1399</xmax>
			<ymax>912</ymax>
		</rectangle>
	</object>
	<object>
		<name>3</name>
		<pose>Unspecified</pose>
		<truncated>0</truncated>
		<difficult>0</difficult>
		<rectangle>
			<xmin>1191</xmin>
			<ymin>472</ymin>
			<xmax>1271</xmax>
			<ymax>748</ymax>
		</rectangle>
	</object>
	<object>
		<name>5</name>
		<pose>Unspecified</pose>
		<truncated>0</truncated>
		<difficult>0</difficult>
		<rectangle>
			<xmin>63</xmin>
			<ymin>353</ymin>
			<xmax>336</xmax>
			<ymax>1024</ymax>
		</rectangle>
	</object>
	<object>
		<name>1</name>
		<pose>Unspecified</pose>
		<truncated>0</truncated>
		<difficult>0</difficult>
		<rectangle>
			<xmin>2000</xmin>
			<ymin>558</ymin>
			<xmax>2099</xmax>
			<ymax>785</ymax>
		</rectangle>
	</object>
</annotation>
