<annotation>
	<folder>V0-S_canteen_0-G_1_hor</folder>
	<filename>0088.jpg</filename>
	<source>
		<database>My Database</database>
		<annotation>VOC2007</annotation>
		<image>flickr</image>
		<flickrid>NULL</flickrid>
	</source>
	<owner>
		<flickrid>NULL</flickrid>
		<name>dcx</name>
	</owner>
	<size>
		<width>2704</width>
		<height>1520</height>
		<depth>3</depth>
	</size>
	<segmented>0</segmented>
	<object>
		<name>1</name>
		<pose>Unspecified</pose>
		<truncated>0</truncated>
		<difficult>0</difficult>
		<rectangle>
			<xmin>2000</xmin>
			<ymin>558</ymin>
			<xmax>2099</xmax>
			<ymax>786</ymax>
		</rectangle>
	</object>
	<object>
		<name>3</name>
		<pose>Unspecified</pose>
		<truncated>0</truncated>
		<difficult>0</difficult>
		<rectangle>
			<xmin>1194</xmin>
			<ymin>474</ymin>
			<xmax>1275</xmax>
			<ymax>748</ymax>
		</rectangle>
	</object>
	<object>
		<name>4</name>
		<pose>Unspecified</pose>
		<truncated>0</truncated>
		<difficult>0</difficult>
		<rectangle>
			<xmin>2094</xmin>
			<ymin>585</ymin>
			<xmax>2352</xmax>
			<ymax>1142</ymax>
		</rectangle>
	</object>
	<object>
		<name>5</name>
		<pose>Unspecified</pose>
		<truncated>0</truncated>
		<difficult>0</difficult>
		<rectangle>
			<xmin>55</xmin>
			<ymin>355</ymin>
			<xmax>330</xmax>
			<ymax>1034</ymax>
		</rectangle>
	</object>
	<object>
		<name>6</name>
		<pose>Unspecified</pose>
		<truncated>0</truncated>
		<difficult>0</difficult>
		<rectangle>
			<xmin>2070</xmin>
			<ymin>569</ymin>
			<xmax>2223</xmax>
			<ymax>987</ymax>
		</rectangle>
	</object>
	<object>
		<name>7</name>
		<pose>Unspecified</pose>
		<truncated>0</truncated>
		<difficult>0</difficult>
		<rectangle>
			<xmin>1218</xmin>
			<ymin>491</ymin>
			<xmax>1390</xmax>
			<ymax>912</ymax>
		</rectangle>
	</object>
</annotation>
