<annotation>
	<folder>V0-S_canteen_0-G_1_hor</folder>
	<filename>0089.jpg</filename>
	<source>
		<database>My Database</database>
		<annotation>VOC2007</annotation>
		<image>flickr</image>
		<flickrid>NULL</flickrid>
	</source>
	<owner>
		<flickrid>NULL</flickrid>
		<name>dcx</name>
	</owner>
	<size>
		<width>2704</width>
		<height>1520</height>
		<depth>3</depth>
	</size>
	<segmented>0</segmented>
	<object>
		<name>1</name>
		<pose>Unspecified</pose>
		<truncated>0</truncated>
		<difficult>0</difficult>
		<rectangle>
			<xmin>2000</xmin>
			<ymin>558</ymin>
			<xmax>2099</xmax>
			<ymax>786</ymax>
		</rectangle>
	</object>
	<object>
		<name>3</name>
		<pose>Unspecified</pose>
		<truncated>0</truncated>
		<difficult>0</difficult>
		<rectangle>
			<xmin>1196</xmin>
			<ymin>474</ymin>
			<xmax>1278</xmax>
			<ymax>747</ymax>
		</rectangle>
	</object>
	<object>
		<name>4</name>
		<pose>Unspecified</pose>
		<truncated>0</truncated>
		<difficult>0</difficult>
		<rectangle>
			<xmin>2089</xmin>
			<ymin>584</ymin>
			<xmax>2349</xmax>
			<ymax>1139</ymax>
		</rectangle>
	</object>
	<object>
		<name>5</name>
		<pose>Unspecified</pose>
		<truncated>0</truncated>
		<difficult>0</difficult>
		<rectangle>
			<xmin>51</xmin>
			<ymin>357</ymin>
			<xmax>327</xmax>
			<ymax>1038</ymax>
		</rectangle>
	</object>
	<object>
		<name>6</name>
		<pose>Unspecified</pose>
		<truncated>0</truncated>
		<difficult>0</difficult>
		<rectangle>
			<xmin>2069</xmin>
			<ymin>570</ymin>
			<xmax>2223</xmax>
			<ymax>985</ymax>
		</rectangle>
	</object>
	<object>
		<name>7</name>
		<pose>Unspecified</pose>
		<truncated>0</truncated>
		<difficult>0</difficult>
		<rectangle>
			<xmin>1203</xmin>
			<ymin>491</ymin>
			<xmax>1386</xmax>
			<ymax>913</ymax>
		</rectangle>
	</object>
</annotation>
