<annotation>
	<folder>V0-S_canteen_0-G_1_hor</folder>
	<filename>0091.jpg</filename>
	<source>
		<database>My Database</database>
		<annotation>VOC2007</annotation>
		<image>flickr</image>
		<flickrid>NULL</flickrid>
	</source>
	<owner>
		<flickrid>NULL</flickrid>
		<name>dcx</name>
	</owner>
	<size>
		<width>2704</width>
		<height>1520</height>
		<depth>3</depth>
	</size>
	<segmented>0</segmented>
	<object>
		<name>6</name>
		<pose>Unspecified</pose>
		<truncated>0</truncated>
		<difficult>0</difficult>
		<rectangle>
			<xmin>2069</xmin>
			<ymin>572</ymin>
			<xmax>2221</xmax>
			<ymax>981</ymax>
		</rectangle>
	</object>
	<object>
		<name>4</name>
		<pose>Unspecified</pose>
		<truncated>0</truncated>
		<difficult>0</difficult>
		<rectangle>
			<xmin>2078</xmin>
			<ymin>583</ymin>
			<xmax>2341</xmax>
			<ymax>1135</ymax>
		</rectangle>
	</object>
	<object>
		<name>7</name>
		<pose>Unspecified</pose>
		<truncated>0</truncated>
		<difficult>0</difficult>
		<rectangle>
			<xmin>1171</xmin>
			<ymin>490</ymin>
			<xmax>1377</xmax>
			<ymax>913</ymax>
		</rectangle>
	</object>
	<object>
		<name>3</name>
		<pose>Unspecified</pose>
		<truncated>0</truncated>
		<difficult>0</difficult>
		<rectangle>
			<xmin>1199</xmin>
			<ymin>476</ymin>
			<xmax>1282</xmax>
			<ymax>747</ymax>
		</rectangle>
	</object>
	<object>
		<name>5</name>
		<pose>Unspecified</pose>
		<truncated>0</truncated>
		<difficult>0</difficult>
		<rectangle>
			<xmin>43</xmin>
			<ymin>359</ymin>
			<xmax>321</xmax>
			<ymax>1048</ymax>
		</rectangle>
	</object>
	<object>
		<name>1</name>
		<pose>Unspecified</pose>
		<truncated>0</truncated>
		<difficult>0</difficult>
		<rectangle>
			<xmin>2000</xmin>
			<ymin>558</ymin>
			<xmax>2099</xmax>
			<ymax>787</ymax>
		</rectangle>
	</object>
</annotation>
