<annotation>
	<folder>V0-S_canteen_0-G_1_hor</folder>
	<filename>0093.jpg</filename>
	<source>
		<database>My Database</database>
		<annotation>VOC2007</annotation>
		<image>flickr</image>
		<flickrid>NULL</flickrid>
	</source>
	<owner>
		<flickrid>NULL</flickrid>
		<name>dcx</name>
	</owner>
	<size>
		<width>2704</width>
		<height>1520</height>
		<depth>3</depth>
	</size>
	<segmented>0</segmented>
	<object>
		<name>1</name>
		<pose>Unspecified</pose>
		<truncated>0</truncated>
		<difficult>0</difficult>
		<rectangle>
			<xmin>1997</xmin>
			<ymin>559</ymin>
			<xmax>2096</xmax>
			<ymax>787</ymax>
		</rectangle>
	</object>
	<object>
		<name>4</name>
		<pose>Unspecified</pose>
		<truncated>0</truncated>
		<difficult>0</difficult>
		<rectangle>
			<xmin>2072</xmin>
			<ymin>587</ymin>
			<xmax>2331</xmax>
			<ymax>1143</ymax>
		</rectangle>
	</object>
	<object>
		<name>5</name>
		<pose>Unspecified</pose>
		<truncated>0</truncated>
		<difficult>0</difficult>
		<rectangle>
			<xmin>28</xmin>
			<ymin>354</ymin>
			<xmax>314</xmax>
			<ymax>1058</ymax>
		</rectangle>
	</object>
	<object>
		<name>7</name>
		<pose>Unspecified</pose>
		<truncated>0</truncated>
		<difficult>0</difficult>
		<rectangle>
			<xmin>1157</xmin>
			<ymin>494</ymin>
			<xmax>1366</xmax>
			<ymax>917</ymax>
		</rectangle>
	</object>
</annotation>
