<annotation>
	<folder>V0-S_canteen_0-G_1_hor</folder>
	<filename>0095.jpg</filename>
	<source>
		<database>My Database</database>
		<annotation>VOC2007</annotation>
		<image>flickr</image>
		<flickrid>NULL</flickrid>
	</source>
	<owner>
		<flickrid>NULL</flickrid>
		<name>dcx</name>
	</owner>
	<size>
		<width>2704</width>
		<height>1520</height>
		<depth>3</depth>
	</size>
	<segmented>0</segmented>
	<object>
		<name>1</name>
		<pose>Unspecified</pose>
		<truncated>0</truncated>
		<difficult>0</difficult>
		<rectangle>
			<xmin>1994</xmin>
			<ymin>560</ymin>
			<xmax>2093</xmax>
			<ymax>787</ymax>
		</rectangle>
	</object>
	<object>
		<name>4</name>
		<pose>Unspecified</pose>
		<truncated>0</truncated>
		<difficult>0</difficult>
		<rectangle>
			<xmin>2066</xmin>
			<ymin>590</ymin>
			<xmax>2320</xmax>
			<ymax>1151</ymax>
		</rectangle>
	</object>
	<object>
		<name>5</name>
		<pose>Unspecified</pose>
		<truncated>0</truncated>
		<difficult>0</difficult>
		<rectangle>
			<xmin>13</xmin>
			<ymin>349</ymin>
			<xmax>307</xmax>
			<ymax>1068</ymax>
		</rectangle>
	</object>
	<object>
		<name>7</name>
		<pose>Unspecified</pose>
		<truncated>0</truncated>
		<difficult>0</difficult>
		<rectangle>
			<xmin>1143</xmin>
			<ymin>499</ymin>
			<xmax>1355</xmax>
			<ymax>921</ymax>
		</rectangle>
	</object>
</annotation>
