<annotation>
	<folder>V0-S_canteen_0-G_1_hor</folder>
	<filename>0097.jpg</filename>
	<source>
		<database>My Database</database>
		<annotation>VOC2007</annotation>
		<image>flickr</image>
		<flickrid>NULL</flickrid>
	</source>
	<owner>
		<flickrid>NULL</flickrid>
		<name>dcx</name>
	</owner>
	<size>
		<width>2704</width>
		<height>1520</height>
		<depth>3</depth>
	</size>
	<segmented>0</segmented>
	<object>
		<name>1</name>
		<pose>Unspecified</pose>
		<truncated>0</truncated>
		<difficult>0</difficult>
		<rectangle>
			<xmin>1991</xmin>
			<ymin>560</ymin>
			<xmax>2092</xmax>
			<ymax>786</ymax>
		</rectangle>
	</object>
	<object>
		<name>4</name>
		<pose>Unspecified</pose>
		<truncated>0</truncated>
		<difficult>0</difficult>
		<rectangle>
			<xmin>2059</xmin>
			<ymin>589</ymin>
			<xmax>2309</xmax>
			<ymax>1157</ymax>
		</rectangle>
	</object>
	<object>
		<name>5</name>
		<pose>Unspecified</pose>
		<truncated>0</truncated>
		<difficult>0</difficult>
		<rectangle>
			<xmin>4</xmin>
			<ymin>346</ymin>
			<xmax>299</xmax>
			<ymax>1072</ymax>
		</rectangle>
	</object>
	<object>
		<name>7</name>
		<pose>Unspecified</pose>
		<truncated>0</truncated>
		<difficult>0</difficult>
		<rectangle>
			<xmin>1136</xmin>
			<ymin>496</ymin>
			<xmax>1342</xmax>
			<ymax>923</ymax>
		</rectangle>
	</object>
</annotation>
