<annotation>
	<folder>V0-S_canteen_0-G_1_hor</folder>
	<filename>0098.jpg</filename>
	<source>
		<database>My Database</database>
		<annotation>VOC2007</annotation>
		<image>flickr</image>
		<flickrid>NULL</flickrid>
	</source>
	<owner>
		<flickrid>NULL</flickrid>
		<name>dcx</name>
	</owner>
	<size>
		<width>2704</width>
		<height>1520</height>
		<depth>3</depth>
	</size>
	<segmented>0</segmented>
	<object>
		<name>1</name>
		<pose>Unspecified</pose>
		<truncated>0</truncated>
		<difficult>0</difficult>
		<rectangle>
			<xmin>1990</xmin>
			<ymin>559</ymin>
			<xmax>2092</xmax>
			<ymax>785</ymax>
		</rectangle>
	</object>
	<object>
		<name>4</name>
		<pose>Unspecified</pose>
		<truncated>0</truncated>
		<difficult>0</difficult>
		<rectangle>
			<xmin>2055</xmin>
			<ymin>586</ymin>
			<xmax>2303</xmax>
			<ymax>1158</ymax>
		</rectangle>
	</object>
	<object>
		<name>5</name>
		<pose>Unspecified</pose>
		<truncated>0</truncated>
		<difficult>0</difficult>
		<rectangle>
			<xmin>3</xmin>
			<ymin>344</ymin>
			<xmax>296</xmax>
			<ymax>1071</ymax>
		</rectangle>
	</object>
	<object>
		<name>7</name>
		<pose>Unspecified</pose>
		<truncated>0</truncated>
		<difficult>0</difficult>
		<rectangle>
			<xmin>1137</xmin>
			<ymin>491</ymin>
			<xmax>1335</xmax>
			<ymax>922</ymax>
		</rectangle>
	</object>
</annotation>
