<annotation>
	<folder>V0-S_canteen_0-G_1_hor</folder>
	<filename>0099.jpg</filename>
	<source>
		<database>My Database</database>
		<annotation>VOC2007</annotation>
		<image>flickr</image>
		<flickrid>NULL</flickrid>
	</source>
	<owner>
		<flickrid>NULL</flickrid>
		<name>dcx</name>
	</owner>
	<size>
		<width>2704</width>
		<height>1520</height>
		<depth>3</depth>
	</size>
	<segmented>0</segmented>
	<object>
		<name>1</name>
		<pose>Unspecified</pose>
		<truncated>0</truncated>
		<difficult>0</difficult>
		<rectangle>
			<xmin>1990</xmin>
			<ymin>558</ymin>
			<xmax>2093</xmax>
			<ymax>785</ymax>
		</rectangle>
	</object>
	<object>
		<name>4</name>
		<pose>Unspecified</pose>
		<truncated>0</truncated>
		<difficult>0</difficult>
		<rectangle>
			<xmin>2052</xmin>
			<ymin>583</ymin>
			<xmax>2297</xmax>
			<ymax>1160</ymax>
		</rectangle>
	</object>
	<object>
		<name>5</name>
		<pose>Unspecified</pose>
		<truncated>0</truncated>
		<difficult>0</difficult>
		<rectangle>
			<xmin>2</xmin>
			<ymin>343</ymin>
			<xmax>292</xmax>
			<ymax>1071</ymax>
		</rectangle>
	</object>
	<object>
		<name>7</name>
		<pose>Unspecified</pose>
		<truncated>0</truncated>
		<difficult>0</difficult>
		<rectangle>
			<xmin>1137</xmin>
			<ymin>486</ymin>
			<xmax>1327</xmax>
			<ymax>922</ymax>
		</rectangle>
	</object>
</annotation>
