<annotation>
	<folder>V0-S_canteen_0-G_1_hor</folder>
	<filename>0101.jpg</filename>
	<source>
		<database>My Database</database>
		<annotation>VOC2007</annotation>
		<image>flickr</image>
		<flickrid>NULL</flickrid>
	</source>
	<owner>
		<flickrid>NULL</flickrid>
		<name>dcx</name>
	</owner>
	<size>
		<width>2704</width>
		<height>1520</height>
		<depth>3</depth>
	</size>
	<segmented>0</segmented>
	<object>
		<name>4</name>
		<pose>Unspecified</pose>
		<truncated>0</truncated>
		<difficult>0</difficult>
		<rectangle>
			<xmin>2044</xmin>
			<ymin>577</ymin>
			<xmax>2285</xmax>
			<ymax>1163</ymax>
		</rectangle>
	</object>
	<object>
		<name>7</name>
		<pose>Unspecified</pose>
		<truncated>0</truncated>
		<difficult>0</difficult>
		<rectangle>
			<xmin>1138</xmin>
			<ymin>476</ymin>
			<xmax>1312</xmax>
			<ymax>921</ymax>
		</rectangle>
	</object>
	<object>
		<name>5</name>
		<pose>Unspecified</pose>
		<truncated>0</truncated>
		<difficult>0</difficult>
		<rectangle>
			<xmin>0</xmin>
			<ymin>340</ymin>
			<xmax>285</xmax>
			<ymax>1069</ymax>
		</rectangle>
	</object>
	<object>
		<name>1</name>
		<pose>Unspecified</pose>
		<truncated>0</truncated>
		<difficult>0</difficult>
		<rectangle>
			<xmin>1988</xmin>
			<ymin>556</ymin>
			<xmax>2094</xmax>
			<ymax>783</ymax>
		</rectangle>
	</object>
</annotation>
