<annotation>
	<folder>V0-S_canteen_0-G_1_hor</folder>
	<filename>0110.jpg</filename>
	<source>
		<database>My Database</database>
		<annotation>VOC2007</annotation>
		<image>flickr</image>
		<flickrid>NULL</flickrid>
	</source>
	<owner>
		<flickrid>NULL</flickrid>
		<name>dcx</name>
	</owner>
	<size>
		<width>2704</width>
		<height>1520</height>
		<depth>3</depth>
	</size>
	<segmented>0</segmented>
	<object>
		<name>1</name>
		<pose>Unspecified</pose>
		<truncated>0</truncated>
		<difficult>0</difficult>
		<rectangle>
			<xmin>1998</xmin>
			<ymin>551</ymin>
			<xmax>2098</xmax>
			<ymax>773</ymax>
		</rectangle>
	</object>
	<object>
		<name>3</name>
		<pose>Unspecified</pose>
		<truncated>0</truncated>
		<difficult>0</difficult>
		<rectangle>
			<xmin>1242</xmin>
			<ymin>474</ymin>
			<xmax>1331</xmax>
			<ymax>732</ymax>
		</rectangle>
	</object>
	<object>
		<name>4</name>
		<pose>Unspecified</pose>
		<truncated>0</truncated>
		<difficult>0</difficult>
		<rectangle>
			<xmin>1961</xmin>
			<ymin>571</ymin>
			<xmax>2258</xmax>
			<ymax>1158</ymax>
		</rectangle>
	</object>
	<object>
		<name>5</name>
		<pose>Unspecified</pose>
		<truncated>0</truncated>
		<difficult>0</difficult>
		<rectangle>
			<xmin>0</xmin>
			<ymin>339</ymin>
			<xmax>293</xmax>
			<ymax>1146</ymax>
		</rectangle>
	</object>
	<object>
		<name>7</name>
		<pose>Unspecified</pose>
		<truncated>0</truncated>
		<difficult>0</difficult>
		<rectangle>
			<xmin>1109</xmin>
			<ymin>463</ymin>
			<xmax>1250</xmax>
			<ymax>927</ymax>
		</rectangle>
	</object>
</annotation>
