<annotation>
	<folder>V0-S_canteen_0-G_1_hor</folder>
	<filename>0119.jpg</filename>
	<source>
		<database>My Database</database>
		<annotation>VOC2007</annotation>
		<image>flickr</image>
		<flickrid>NULL</flickrid>
	</source>
	<owner>
		<flickrid>NULL</flickrid>
		<name>dcx</name>
	</owner>
	<size>
		<width>2704</width>
		<height>1520</height>
		<depth>3</depth>
	</size>
	<segmented>0</segmented>
	<object>
		<name>3</name>
		<pose>Unspecified</pose>
		<truncated>0</truncated>
		<difficult>0</difficult>
		<rectangle>
			<xmin>1269</xmin>
			<ymin>475</ymin>
			<xmax>1344</xmax>
			<ymax>723</ymax>
		</rectangle>
	</object>
	<object>
		<name>4</name>
		<pose>Unspecified</pose>
		<truncated>0</truncated>
		<difficult>0</difficult>
		<rectangle>
			<xmin>1934</xmin>
			<ymin>558</ymin>
			<xmax>2213</xmax>
			<ymax>1164</ymax>
		</rectangle>
	</object>
	<object>
		<name>5</name>
		<pose>Unspecified</pose>
		<truncated>0</truncated>
		<difficult>0</difficult>
		<rectangle>
			<xmin>0</xmin>
			<ymin>330</ymin>
			<xmax>317</xmax>
			<ymax>1178</ymax>
		</rectangle>
	</object>
	<object>
		<name>7</name>
		<pose>Unspecified</pose>
		<truncated>0</truncated>
		<difficult>0</difficult>
		<rectangle>
			<xmin>998</xmin>
			<ymin>462</ymin>
			<xmax>1209</xmax>
			<ymax>932</ymax>
		</rectangle>
	</object>
</annotation>
