<annotation>
	<folder>V0-S_canteen_0-G_1_hor</folder>
	<filename>0123.jpg</filename>
	<source>
		<database>My Database</database>
		<annotation>VOC2007</annotation>
		<image>flickr</image>
		<flickrid>NULL</flickrid>
	</source>
	<owner>
		<flickrid>NULL</flickrid>
		<name>dcx</name>
	</owner>
	<size>
		<width>2704</width>
		<height>1520</height>
		<depth>3</depth>
	</size>
	<segmented>0</segmented>
	<object>
		<name>3</name>
		<pose>Unspecified</pose>
		<truncated>0</truncated>
		<difficult>0</difficult>
		<rectangle>
			<xmin>1277</xmin>
			<ymin>477</ymin>
			<xmax>1346</xmax>
			<ymax>720</ymax>
		</rectangle>
	</object>
	<object>
		<name>4</name>
		<pose>Unspecified</pose>
		<truncated>0</truncated>
		<difficult>0</difficult>
		<rectangle>
			<xmin>1921</xmin>
			<ymin>553</ymin>
			<xmax>2194</xmax>
			<ymax>1184</ymax>
		</rectangle>
	</object>
	<object>
		<name>5</name>
		<pose>Unspecified</pose>
		<truncated>0</truncated>
		<difficult>0</difficult>
		<rectangle>
			<xmin>1</xmin>
			<ymin>331</ymin>
			<xmax>321</xmax>
			<ymax>1208</ymax>
		</rectangle>
	</object>
	<object>
		<name>7</name>
		<pose>Unspecified</pose>
		<truncated>0</truncated>
		<difficult>0</difficult>
		<rectangle>
			<xmin>988</xmin>
			<ymin>458</ymin>
			<xmax>1198</xmax>
			<ymax>937</ymax>
		</rectangle>
	</object>
</annotation>
