<annotation>
	<folder>V0-S_canteen_0-G_1_hor</folder>
	<filename>0124.jpg</filename>
	<source>
		<database>My Database</database>
		<annotation>VOC2007</annotation>
		<image>flickr</image>
		<flickrid>NULL</flickrid>
	</source>
	<owner>
		<flickrid>NULL</flickrid>
		<name>dcx</name>
	</owner>
	<size>
		<width>2704</width>
		<height>1520</height>
		<depth>3</depth>
	</size>
	<segmented>0</segmented>
	<object>
		<name>3</name>
		<pose>Unspecified</pose>
		<truncated>0</truncated>
		<difficult>0</difficult>
		<rectangle>
			<xmin>1278</xmin>
			<ymin>478</ymin>
			<xmax>1348</xmax>
			<ymax>719</ymax>
		</rectangle>
	</object>
	<object>
		<name>4</name>
		<pose>Unspecified</pose>
		<truncated>0</truncated>
		<difficult>0</difficult>
		<rectangle>
			<xmin>1915</xmin>
			<ymin>551</ymin>
			<xmax>2189</xmax>
			<ymax>1192</ymax>
		</rectangle>
	</object>
	<object>
		<name>5</name>
		<pose>Unspecified</pose>
		<truncated>0</truncated>
		<difficult>0</difficult>
		<rectangle>
			<xmin>2</xmin>
			<ymin>332</ymin>
			<xmax>321</xmax>
			<ymax>1217</ymax>
		</rectangle>
	</object>
	<object>
		<name>7</name>
		<pose>Unspecified</pose>
		<truncated>0</truncated>
		<difficult>0</difficult>
		<rectangle>
			<xmin>987</xmin>
			<ymin>455</ymin>
			<xmax>1194</xmax>
			<ymax>937</ymax>
		</rectangle>
	</object>
</annotation>
