<annotation>
	<folder>V0-S_canteen_0-G_1_hor</folder>
	<filename>0125.jpg</filename>
	<source>
		<database>My Database</database>
		<annotation>VOC2007</annotation>
		<image>flickr</image>
		<flickrid>NULL</flickrid>
	</source>
	<owner>
		<flickrid>NULL</flickrid>
		<name>dcx</name>
	</owner>
	<size>
		<width>2704</width>
		<height>1520</height>
		<depth>3</depth>
	</size>
	<segmented>0</segmented>
	<object>
		<name>3</name>
		<pose>Unspecified</pose>
		<truncated>0</truncated>
		<difficult>0</difficult>
		<rectangle>
			<xmin>1279</xmin>
			<ymin>479</ymin>
			<xmax>1349</xmax>
			<ymax>719</ymax>
		</rectangle>
	</object>
	<object>
		<name>4</name>
		<pose>Unspecified</pose>
		<truncated>0</truncated>
		<difficult>0</difficult>
		<rectangle>
			<xmin>1908</xmin>
			<ymin>550</ymin>
			<xmax>2183</xmax>
			<ymax>1201</ymax>
		</rectangle>
	</object>
	<object>
		<name>5</name>
		<pose>Unspecified</pose>
		<truncated>0</truncated>
		<difficult>0</difficult>
		<rectangle>
			<xmin>2</xmin>
			<ymin>334</ymin>
			<xmax>321</xmax>
			<ymax>1227</ymax>
		</rectangle>
	</object>
	<object>
		<name>7</name>
		<pose>Unspecified</pose>
		<truncated>0</truncated>
		<difficult>0</difficult>
		<rectangle>
			<xmin>985</xmin>
			<ymin>453</ymin>
			<xmax>1189</xmax>
			<ymax>937</ymax>
		</rectangle>
	</object>
</annotation>
