<annotation>
	<folder>V0-S_canteen_0-G_1_hor</folder>
	<filename>0126.jpg</filename>
	<source>
		<database>My Database</database>
		<annotation>VOC2007</annotation>
		<image>flickr</image>
		<flickrid>NULL</flickrid>
	</source>
	<owner>
		<flickrid>NULL</flickrid>
		<name>dcx</name>
	</owner>
	<size>
		<width>2704</width>
		<height>1520</height>
		<depth>3</depth>
	</size>
	<segmented>0</segmented>
	<object>
		<name>6</name>
		<pose>Unspecified</pose>
		<truncated>0</truncated>
		<difficult>0</difficult>
		<rectangle>
			<xmin>2125</xmin>
			<ymin>555</ymin>
			<xmax>2243</xmax>
			<ymax>903</ymax>
		</rectangle>
	</object>
	<object>
		<name>4</name>
		<pose>Unspecified</pose>
		<truncated>0</truncated>
		<difficult>0</difficult>
		<rectangle>
			<xmin>1902</xmin>
			<ymin>549</ymin>
			<xmax>2178</xmax>
			<ymax>1210</ymax>
		</rectangle>
	</object>
	<object>
		<name>7</name>
		<pose>Unspecified</pose>
		<truncated>0</truncated>
		<difficult>0</difficult>
		<rectangle>
			<xmin>984</xmin>
			<ymin>451</ymin>
			<xmax>1185</xmax>
			<ymax>937</ymax>
		</rectangle>
	</object>
	<object>
		<name>3</name>
		<pose>Unspecified</pose>
		<truncated>0</truncated>
		<difficult>0</difficult>
		<rectangle>
			<xmin>1280</xmin>
			<ymin>480</ymin>
			<xmax>1350</xmax>
			<ymax>718</ymax>
		</rectangle>
	</object>
	<object>
		<name>5</name>
		<pose>Unspecified</pose>
		<truncated>0</truncated>
		<difficult>0</difficult>
		<rectangle>
			<xmin>3</xmin>
			<ymin>336</ymin>
			<xmax>321</xmax>
			<ymax>1236</ymax>
		</rectangle>
	</object>
</annotation>
