<annotation>
	<folder>V0-S_canteen_0-G_1_hor</folder>
	<filename>0127.jpg</filename>
	<source>
		<database>My Database</database>
		<annotation>VOC2007</annotation>
		<image>flickr</image>
		<flickrid>NULL</flickrid>
	</source>
	<owner>
		<flickrid>NULL</flickrid>
		<name>dcx</name>
	</owner>
	<size>
		<width>2704</width>
		<height>1520</height>
		<depth>3</depth>
	</size>
	<segmented>0</segmented>
	<object>
		<name>3</name>
		<pose>Unspecified</pose>
		<truncated>0</truncated>
		<difficult>0</difficult>
		<rectangle>
			<xmin>1279</xmin>
			<ymin>481</ymin>
			<xmax>1353</xmax>
			<ymax>717</ymax>
		</rectangle>
	</object>
	<object>
		<name>4</name>
		<pose>Unspecified</pose>
		<truncated>0</truncated>
		<difficult>0</difficult>
		<rectangle>
			<xmin>1896</xmin>
			<ymin>551</ymin>
			<xmax>2174</xmax>
			<ymax>1213</ymax>
		</rectangle>
	</object>
	<object>
		<name>5</name>
		<pose>Unspecified</pose>
		<truncated>0</truncated>
		<difficult>0</difficult>
		<rectangle>
			<xmin>2</xmin>
			<ymin>335</ymin>
			<xmax>321</xmax>
			<ymax>1244</ymax>
		</rectangle>
	</object>
	<object>
		<name>6</name>
		<pose>Unspecified</pose>
		<truncated>0</truncated>
		<difficult>0</difficult>
		<rectangle>
			<xmin>2127</xmin>
			<ymin>556</ymin>
			<xmax>2243</xmax>
			<ymax>901</ymax>
		</rectangle>
	</object>
	<object>
		<name>7</name>
		<pose>Unspecified</pose>
		<truncated>0</truncated>
		<difficult>0</difficult>
		<rectangle>
			<xmin>983</xmin>
			<ymin>450</ymin>
			<xmax>1174</xmax>
			<ymax>938</ymax>
		</rectangle>
	</object>
</annotation>
