<annotation>
	<folder>V0-S_canteen_0-G_1_hor</folder>
	<filename>0128.jpg</filename>
	<source>
		<database>My Database</database>
		<annotation>VOC2007</annotation>
		<image>flickr</image>
		<flickrid>NULL</flickrid>
	</source>
	<owner>
		<flickrid>NULL</flickrid>
		<name>dcx</name>
	</owner>
	<size>
		<width>2704</width>
		<height>1520</height>
		<depth>3</depth>
	</size>
	<segmented>0</segmented>
	<object>
		<name>3</name>
		<pose>Unspecified</pose>
		<truncated>0</truncated>
		<difficult>0</difficult>
		<rectangle>
			<xmin>1278</xmin>
			<ymin>481</ymin>
			<xmax>1355</xmax>
			<ymax>716</ymax>
		</rectangle>
	</object>
	<object>
		<name>4</name>
		<pose>Unspecified</pose>
		<truncated>0</truncated>
		<difficult>0</difficult>
		<rectangle>
			<xmin>1890</xmin>
			<ymin>553</ymin>
			<xmax>2169</xmax>
			<ymax>1216</ymax>
		</rectangle>
	</object>
	<object>
		<name>5</name>
		<pose>Unspecified</pose>
		<truncated>0</truncated>
		<difficult>0</difficult>
		<rectangle>
			<xmin>2</xmin>
			<ymin>334</ymin>
			<xmax>321</xmax>
			<ymax>1252</ymax>
		</rectangle>
	</object>
	<object>
		<name>6</name>
		<pose>Unspecified</pose>
		<truncated>0</truncated>
		<difficult>0</difficult>
		<rectangle>
			<xmin>2128</xmin>
			<ymin>557</ymin>
			<xmax>2243</xmax>
			<ymax>898</ymax>
		</rectangle>
	</object>
	<object>
		<name>7</name>
		<pose>Unspecified</pose>
		<truncated>0</truncated>
		<difficult>0</difficult>
		<rectangle>
			<xmin>982</xmin>
			<ymin>450</ymin>
			<xmax>1164</xmax>
			<ymax>939</ymax>
		</rectangle>
	</object>
</annotation>
