<annotation>
	<folder>V0-S_canteen_0-G_1_hor</folder>
	<filename>0135.jpg</filename>
	<source>
		<database>My Database</database>
		<annotation>VOC2007</annotation>
		<image>flickr</image>
		<flickrid>NULL</flickrid>
	</source>
	<owner>
		<flickrid>NULL</flickrid>
		<name>dcx</name>
	</owner>
	<size>
		<width>2704</width>
		<height>1520</height>
		<depth>3</depth>
	</size>
	<segmented>0</segmented>
	<object>
		<name>3</name>
		<pose>Unspecified</pose>
		<truncated>0</truncated>
		<difficult>0</difficult>
		<rectangle>
			<xmin>1293</xmin>
			<ymin>479</ymin>
			<xmax>1377</xmax>
			<ymax>712</ymax>
		</rectangle>
	</object>
	<object>
		<name>4</name>
		<pose>Unspecified</pose>
		<truncated>0</truncated>
		<difficult>0</difficult>
		<rectangle>
			<xmin>1865</xmin>
			<ymin>550</ymin>
			<xmax>2144</xmax>
			<ymax>1239</ymax>
		</rectangle>
	</object>
	<object>
		<name>5</name>
		<pose>Unspecified</pose>
		<truncated>0</truncated>
		<difficult>0</difficult>
		<rectangle>
			<xmin>1</xmin>
			<ymin>324</ymin>
			<xmax>337</xmax>
			<ymax>1281</ymax>
		</rectangle>
	</object>
	<object>
		<name>6</name>
		<pose>Unspecified</pose>
		<truncated>0</truncated>
		<difficult>0</difficult>
		<rectangle>
			<xmin>2123</xmin>
			<ymin>559</ymin>
			<xmax>2257</xmax>
			<ymax>891</ymax>
		</rectangle>
	</object>
	<object>
		<name>7</name>
		<pose>Unspecified</pose>
		<truncated>0</truncated>
		<difficult>0</difficult>
		<rectangle>
			<xmin>964</xmin>
			<ymin>452</ymin>
			<xmax>1122</xmax>
			<ymax>936</ymax>
		</rectangle>
	</object>
</annotation>
