<annotation>
	<folder>V0-S_canteen_0-G_1_hor</folder>
	<filename>0136.jpg</filename>
	<source>
		<database>My Database</database>
		<annotation>VOC2007</annotation>
		<image>flickr</image>
		<flickrid>NULL</flickrid>
	</source>
	<owner>
		<flickrid>NULL</flickrid>
		<name>dcx</name>
	</owner>
	<size>
		<width>2704</width>
		<height>1520</height>
		<depth>3</depth>
	</size>
	<segmented>0</segmented>
	<object>
		<name>6</name>
		<pose>Unspecified</pose>
		<truncated>0</truncated>
		<difficult>0</difficult>
		<rectangle>
			<xmin>2121</xmin>
			<ymin>559</ymin>
			<xmax>2261</xmax>
			<ymax>891</ymax>
		</rectangle>
	</object>
	<object>
		<name>4</name>
		<pose>Unspecified</pose>
		<truncated>0</truncated>
		<difficult>0</difficult>
		<rectangle>
			<xmin>1863</xmin>
			<ymin>548</ymin>
			<xmax>2141</xmax>
			<ymax>1242</ymax>
		</rectangle>
	</object>
	<object>
		<name>7</name>
		<pose>Unspecified</pose>
		<truncated>0</truncated>
		<difficult>0</difficult>
		<rectangle>
			<xmin>960</xmin>
			<ymin>453</ymin>
			<xmax>1119</xmax>
			<ymax>935</ymax>
		</rectangle>
	</object>
	<object>
		<name>3</name>
		<pose>Unspecified</pose>
		<truncated>0</truncated>
		<difficult>0</difficult>
		<rectangle>
			<xmin>1297</xmin>
			<ymin>478</ymin>
			<xmax>1380</xmax>
			<ymax>711</ymax>
		</rectangle>
	</object>
	<object>
		<name>5</name>
		<pose>Unspecified</pose>
		<truncated>0</truncated>
		<difficult>0</difficult>
		<rectangle>
			<xmin>1</xmin>
			<ymin>322</ymin>
			<xmax>341</xmax>
			<ymax>1282</ymax>
		</rectangle>
	</object>
</annotation>
