<annotation>
	<folder>V0-S_canteen_0-G_1_hor</folder>
	<filename>0137.jpg</filename>
	<source>
		<database>My Database</database>
		<annotation>VOC2007</annotation>
		<image>flickr</image>
		<flickrid>NULL</flickrid>
	</source>
	<owner>
		<flickrid>NULL</flickrid>
		<name>dcx</name>
	</owner>
	<size>
		<width>2704</width>
		<height>1520</height>
		<depth>3</depth>
	</size>
	<segmented>0</segmented>
	<object>
		<name>3</name>
		<pose>Unspecified</pose>
		<truncated>0</truncated>
		<difficult>0</difficult>
		<rectangle>
			<xmin>1303</xmin>
			<ymin>478</ymin>
			<xmax>1385</xmax>
			<ymax>710</ymax>
		</rectangle>
	</object>
	<object>
		<name>4</name>
		<pose>Unspecified</pose>
		<truncated>0</truncated>
		<difficult>0</difficult>
		<rectangle>
			<xmin>1860</xmin>
			<ymin>547</ymin>
			<xmax>2138</xmax>
			<ymax>1244</ymax>
		</rectangle>
	</object>
	<object>
		<name>5</name>
		<pose>Unspecified</pose>
		<truncated>0</truncated>
		<difficult>0</difficult>
		<rectangle>
			<xmin>1</xmin>
			<ymin>321</ymin>
			<xmax>351</xmax>
			<ymax>1282</ymax>
		</rectangle>
	</object>
	<object>
		<name>6</name>
		<pose>Unspecified</pose>
		<truncated>0</truncated>
		<difficult>0</difficult>
		<rectangle>
			<xmin>2122</xmin>
			<ymin>558</ymin>
			<xmax>2266</xmax>
			<ymax>890</ymax>
		</rectangle>
	</object>
	<object>
		<name>7</name>
		<pose>Unspecified</pose>
		<truncated>0</truncated>
		<difficult>0</difficult>
		<rectangle>
			<xmin>958</xmin>
			<ymin>455</ymin>
			<xmax>1116</xmax>
			<ymax>935</ymax>
		</rectangle>
	</object>
</annotation>
