<annotation>
	<folder>V0-S_canteen_0-G_1_hor</folder>
	<filename>0138.jpg</filename>
	<source>
		<database>My Database</database>
		<annotation>VOC2007</annotation>
		<image>flickr</image>
		<flickrid>NULL</flickrid>
	</source>
	<owner>
		<flickrid>NULL</flickrid>
		<name>dcx</name>
	</owner>
	<size>
		<width>2704</width>
		<height>1520</height>
		<depth>3</depth>
	</size>
	<segmented>0</segmented>
	<object>
		<name>3</name>
		<pose>Unspecified</pose>
		<truncated>0</truncated>
		<difficult>0</difficult>
		<rectangle>
			<xmin>1308</xmin>
			<ymin>478</ymin>
			<xmax>1389</xmax>
			<ymax>708</ymax>
		</rectangle>
	</object>
	<object>
		<name>4</name>
		<pose>Unspecified</pose>
		<truncated>0</truncated>
		<difficult>0</difficult>
		<rectangle>
			<xmin>1857</xmin>
			<ymin>546</ymin>
			<xmax>2134</xmax>
			<ymax>1245</ymax>
		</rectangle>
	</object>
	<object>
		<name>5</name>
		<pose>Unspecified</pose>
		<truncated>0</truncated>
		<difficult>0</difficult>
		<rectangle>
			<xmin>1</xmin>
			<ymin>320</ymin>
			<xmax>361</xmax>
			<ymax>1281</ymax>
		</rectangle>
	</object>
	<object>
		<name>6</name>
		<pose>Unspecified</pose>
		<truncated>0</truncated>
		<difficult>0</difficult>
		<rectangle>
			<xmin>2123</xmin>
			<ymin>556</ymin>
			<xmax>2271</xmax>
			<ymax>888</ymax>
		</rectangle>
	</object>
	<object>
		<name>7</name>
		<pose>Unspecified</pose>
		<truncated>0</truncated>
		<difficult>0</difficult>
		<rectangle>
			<xmin>956</xmin>
			<ymin>456</ymin>
			<xmax>1114</xmax>
			<ymax>934</ymax>
		</rectangle>
	</object>
</annotation>
