<annotation>
	<folder>V0-S_canteen_0-G_1_hor</folder>
	<filename>0139.jpg</filename>
	<source>
		<database>My Database</database>
		<annotation>VOC2007</annotation>
		<image>flickr</image>
		<flickrid>NULL</flickrid>
	</source>
	<owner>
		<flickrid>NULL</flickrid>
		<name>dcx</name>
	</owner>
	<size>
		<width>2704</width>
		<height>1520</height>
		<depth>3</depth>
	</size>
	<segmented>0</segmented>
	<object>
		<name>3</name>
		<pose>Unspecified</pose>
		<truncated>0</truncated>
		<difficult>0</difficult>
		<rectangle>
			<xmin>1314</xmin>
			<ymin>478</ymin>
			<xmax>1394</xmax>
			<ymax>707</ymax>
		</rectangle>
	</object>
	<object>
		<name>4</name>
		<pose>Unspecified</pose>
		<truncated>0</truncated>
		<difficult>0</difficult>
		<rectangle>
			<xmin>1854</xmin>
			<ymin>544</ymin>
			<xmax>2131</xmax>
			<ymax>1247</ymax>
		</rectangle>
	</object>
	<object>
		<name>5</name>
		<pose>Unspecified</pose>
		<truncated>0</truncated>
		<difficult>0</difficult>
		<rectangle>
			<xmin>0</xmin>
			<ymin>319</ymin>
			<xmax>370</xmax>
			<ymax>1281</ymax>
		</rectangle>
	</object>
	<object>
		<name>6</name>
		<pose>Unspecified</pose>
		<truncated>0</truncated>
		<difficult>0</difficult>
		<rectangle>
			<xmin>2125</xmin>
			<ymin>555</ymin>
			<xmax>2275</xmax>
			<ymax>887</ymax>
		</rectangle>
	</object>
	<object>
		<name>7</name>
		<pose>Unspecified</pose>
		<truncated>0</truncated>
		<difficult>0</difficult>
		<rectangle>
			<xmin>953</xmin>
			<ymin>458</ymin>
			<xmax>1111</xmax>
			<ymax>934</ymax>
		</rectangle>
	</object>
</annotation>
