<annotation>
	<folder>V0-S_canteen_0-G_1_hor</folder>
	<filename>0141.jpg</filename>
	<source>
		<database>My Database</database>
		<annotation>VOC2007</annotation>
		<image>flickr</image>
		<flickrid>NULL</flickrid>
	</source>
	<owner>
		<flickrid>NULL</flickrid>
		<name>dcx</name>
	</owner>
	<size>
		<width>2704</width>
		<height>1520</height>
		<depth>3</depth>
	</size>
	<segmented>0</segmented>
	<object>
		<name>6</name>
		<pose>Unspecified</pose>
		<truncated>0</truncated>
		<difficult>0</difficult>
		<rectangle>
			<xmin>2127</xmin>
			<ymin>552</ymin>
			<xmax>2285</xmax>
			<ymax>884</ymax>
		</rectangle>
	</object>
	<object>
		<name>4</name>
		<pose>Unspecified</pose>
		<truncated>0</truncated>
		<difficult>0</difficult>
		<rectangle>
			<xmin>1848</xmin>
			<ymin>542</ymin>
			<xmax>2124</xmax>
			<ymax>1250</ymax>
		</rectangle>
	</object>
	<object>
		<name>7</name>
		<pose>Unspecified</pose>
		<truncated>0</truncated>
		<difficult>0</difficult>
		<rectangle>
			<xmin>949</xmin>
			<ymin>461</ymin>
			<xmax>1106</xmax>
			<ymax>933</ymax>
		</rectangle>
	</object>
	<object>
		<name>3</name>
		<pose>Unspecified</pose>
		<truncated>0</truncated>
		<difficult>0</difficult>
		<rectangle>
			<xmin>1325</xmin>
			<ymin>478</ymin>
			<xmax>1403</xmax>
			<ymax>704</ymax>
		</rectangle>
	</object>
	<object>
		<name>5</name>
		<pose>Unspecified</pose>
		<truncated>0</truncated>
		<difficult>0</difficult>
		<rectangle>
			<xmin>0</xmin>
			<ymin>317</ymin>
			<xmax>390</xmax>
			<ymax>1280</ymax>
		</rectangle>
	</object>
</annotation>
