<annotation>
	<folder>V0-S_canteen_0-G_1_hor</folder>
	<filename>0142.jpg</filename>
	<source>
		<database>My Database</database>
		<annotation>VOC2007</annotation>
		<image>flickr</image>
		<flickrid>NULL</flickrid>
	</source>
	<owner>
		<flickrid>NULL</flickrid>
		<name>dcx</name>
	</owner>
	<size>
		<width>2704</width>
		<height>1520</height>
		<depth>3</depth>
	</size>
	<segmented>0</segmented>
	<object>
		<name>3</name>
		<pose>Unspecified</pose>
		<truncated>0</truncated>
		<difficult>0</difficult>
		<rectangle>
			<xmin>1328</xmin>
			<ymin>478</ymin>
			<xmax>1406</xmax>
			<ymax>704</ymax>
		</rectangle>
	</object>
	<object>
		<name>4</name>
		<pose>Unspecified</pose>
		<truncated>0</truncated>
		<difficult>0</difficult>
		<rectangle>
			<xmin>1830</xmin>
			<ymin>541</ymin>
			<xmax>2118</xmax>
			<ymax>1249</ymax>
		</rectangle>
	</object>
	<object>
		<name>5</name>
		<pose>Unspecified</pose>
		<truncated>0</truncated>
		<difficult>0</difficult>
		<rectangle>
			<xmin>7</xmin>
			<ymin>321</ymin>
			<xmax>401</xmax>
			<ymax>1290</ymax>
		</rectangle>
	</object>
	<object>
		<name>6</name>
		<pose>Unspecified</pose>
		<truncated>0</truncated>
		<difficult>0</difficult>
		<rectangle>
			<xmin>2129</xmin>
			<ymin>551</ymin>
			<xmax>2287</xmax>
			<ymax>884</ymax>
		</rectangle>
	</object>
	<object>
		<name>7</name>
		<pose>Unspecified</pose>
		<truncated>0</truncated>
		<difficult>0</difficult>
		<rectangle>
			<xmin>946</xmin>
			<ymin>457</ymin>
			<xmax>1102</xmax>
			<ymax>926</ymax>
		</rectangle>
	</object>
</annotation>
