<annotation>
	<folder>V0-S_canteen_0-G_1_hor</folder>
	<filename>0143.jpg</filename>
	<source>
		<database>My Database</database>
		<annotation>VOC2007</annotation>
		<image>flickr</image>
		<flickrid>NULL</flickrid>
	</source>
	<owner>
		<flickrid>NULL</flickrid>
		<name>dcx</name>
	</owner>
	<size>
		<width>2704</width>
		<height>1520</height>
		<depth>3</depth>
	</size>
	<segmented>0</segmented>
	<object>
		<name>3</name>
		<pose>Unspecified</pose>
		<truncated>0</truncated>
		<difficult>0</difficult>
		<rectangle>
			<xmin>1331</xmin>
			<ymin>478</ymin>
			<xmax>1408</xmax>
			<ymax>704</ymax>
		</rectangle>
	</object>
	<object>
		<name>4</name>
		<pose>Unspecified</pose>
		<truncated>0</truncated>
		<difficult>0</difficult>
		<rectangle>
			<xmin>1813</xmin>
			<ymin>540</ymin>
			<xmax>2112</xmax>
			<ymax>1248</ymax>
		</rectangle>
	</object>
	<object>
		<name>5</name>
		<pose>Unspecified</pose>
		<truncated>0</truncated>
		<difficult>0</difficult>
		<rectangle>
			<xmin>14</xmin>
			<ymin>325</ymin>
			<xmax>412</xmax>
			<ymax>1299</ymax>
		</rectangle>
	</object>
	<object>
		<name>6</name>
		<pose>Unspecified</pose>
		<truncated>0</truncated>
		<difficult>0</difficult>
		<rectangle>
			<xmin>2132</xmin>
			<ymin>550</ymin>
			<xmax>2289</xmax>
			<ymax>885</ymax>
		</rectangle>
	</object>
	<object>
		<name>7</name>
		<pose>Unspecified</pose>
		<truncated>0</truncated>
		<difficult>0</difficult>
		<rectangle>
			<xmin>944</xmin>
			<ymin>453</ymin>
			<xmax>1098</xmax>
			<ymax>918</ymax>
		</rectangle>
	</object>
</annotation>
