<annotation>
	<folder>V0-S_canteen_0-G_1_hor</folder>
	<filename>0144.jpg</filename>
	<source>
		<database>My Database</database>
		<annotation>VOC2007</annotation>
		<image>flickr</image>
		<flickrid>NULL</flickrid>
	</source>
	<owner>
		<flickrid>NULL</flickrid>
		<name>dcx</name>
	</owner>
	<size>
		<width>2704</width>
		<height>1520</height>
		<depth>3</depth>
	</size>
	<segmented>0</segmented>
	<object>
		<name>3</name>
		<pose>Unspecified</pose>
		<truncated>0</truncated>
		<difficult>0</difficult>
		<rectangle>
			<xmin>1334</xmin>
			<ymin>478</ymin>
			<xmax>1411</xmax>
			<ymax>704</ymax>
		</rectangle>
	</object>
	<object>
		<name>4</name>
		<pose>Unspecified</pose>
		<truncated>0</truncated>
		<difficult>0</difficult>
		<rectangle>
			<xmin>1795</xmin>
			<ymin>539</ymin>
			<xmax>2105</xmax>
			<ymax>1246</ymax>
		</rectangle>
	</object>
	<object>
		<name>5</name>
		<pose>Unspecified</pose>
		<truncated>0</truncated>
		<difficult>0</difficult>
		<rectangle>
			<xmin>20</xmin>
			<ymin>329</ymin>
			<xmax>423</xmax>
			<ymax>1309</ymax>
		</rectangle>
	</object>
	<object>
		<name>6</name>
		<pose>Unspecified</pose>
		<truncated>0</truncated>
		<difficult>0</difficult>
		<rectangle>
			<xmin>2134</xmin>
			<ymin>549</ymin>
			<xmax>2291</xmax>
			<ymax>885</ymax>
		</rectangle>
	</object>
	<object>
		<name>7</name>
		<pose>Unspecified</pose>
		<truncated>0</truncated>
		<difficult>0</difficult>
		<rectangle>
			<xmin>941</xmin>
			<ymin>448</ymin>
			<xmax>1095</xmax>
			<ymax>911</ymax>
		</rectangle>
	</object>
</annotation>
