<annotation>
	<folder>V0-S_canteen_0-G_1_hor</folder>
	<filename>0145.jpg</filename>
	<source>
		<database>My Database</database>
		<annotation>VOC2007</annotation>
		<image>flickr</image>
		<flickrid>NULL</flickrid>
	</source>
	<owner>
		<flickrid>NULL</flickrid>
		<name>dcx</name>
	</owner>
	<size>
		<width>2704</width>
		<height>1520</height>
		<depth>3</depth>
	</size>
	<segmented>0</segmented>
	<object>
		<name>3</name>
		<pose>Unspecified</pose>
		<truncated>0</truncated>
		<difficult>0</difficult>
		<rectangle>
			<xmin>1337</xmin>
			<ymin>478</ymin>
			<xmax>1413</xmax>
			<ymax>704</ymax>
		</rectangle>
	</object>
	<object>
		<name>4</name>
		<pose>Unspecified</pose>
		<truncated>0</truncated>
		<difficult>0</difficult>
		<rectangle>
			<xmin>1778</xmin>
			<ymin>538</ymin>
			<xmax>2099</xmax>
			<ymax>1245</ymax>
		</rectangle>
	</object>
	<object>
		<name>5</name>
		<pose>Unspecified</pose>
		<truncated>0</truncated>
		<difficult>0</difficult>
		<rectangle>
			<xmin>27</xmin>
			<ymin>333</ymin>
			<xmax>434</xmax>
			<ymax>1318</ymax>
		</rectangle>
	</object>
	<object>
		<name>6</name>
		<pose>Unspecified</pose>
		<truncated>0</truncated>
		<difficult>0</difficult>
		<rectangle>
			<xmin>2137</xmin>
			<ymin>548</ymin>
			<xmax>2293</xmax>
			<ymax>886</ymax>
		</rectangle>
	</object>
	<object>
		<name>7</name>
		<pose>Unspecified</pose>
		<truncated>0</truncated>
		<difficult>0</difficult>
		<rectangle>
			<xmin>939</xmin>
			<ymin>444</ymin>
			<xmax>1091</xmax>
			<ymax>903</ymax>
		</rectangle>
	</object>
</annotation>
