<annotation>
	<folder>V0-S_canteen_0-G_1_hor</folder>
	<filename>0146.jpg</filename>
	<source>
		<database>My Database</database>
		<annotation>VOC2007</annotation>
		<image>flickr</image>
		<flickrid>NULL</flickrid>
	</source>
	<owner>
		<flickrid>NULL</flickrid>
		<name>dcx</name>
	</owner>
	<size>
		<width>2704</width>
		<height>1520</height>
		<depth>3</depth>
	</size>
	<segmented>0</segmented>
	<object>
		<name>6</name>
		<pose>Unspecified</pose>
		<truncated>0</truncated>
		<difficult>0</difficult>
		<rectangle>
			<xmin>2139</xmin>
			<ymin>547</ymin>
			<xmax>2295</xmax>
			<ymax>886</ymax>
		</rectangle>
	</object>
	<object>
		<name>4</name>
		<pose>Unspecified</pose>
		<truncated>0</truncated>
		<difficult>0</difficult>
		<rectangle>
			<xmin>1760</xmin>
			<ymin>537</ymin>
			<xmax>2093</xmax>
			<ymax>1244</ymax>
		</rectangle>
	</object>
	<object>
		<name>7</name>
		<pose>Unspecified</pose>
		<truncated>0</truncated>
		<difficult>0</difficult>
		<rectangle>
			<xmin>936</xmin>
			<ymin>440</ymin>
			<xmax>1087</xmax>
			<ymax>896</ymax>
		</rectangle>
	</object>
	<object>
		<name>3</name>
		<pose>Unspecified</pose>
		<truncated>0</truncated>
		<difficult>0</difficult>
		<rectangle>
			<xmin>1340</xmin>
			<ymin>478</ymin>
			<xmax>1416</xmax>
			<ymax>704</ymax>
		</rectangle>
	</object>
	<object>
		<name>5</name>
		<pose>Unspecified</pose>
		<truncated>0</truncated>
		<difficult>0</difficult>
		<rectangle>
			<xmin>34</xmin>
			<ymin>337</ymin>
			<xmax>445</xmax>
			<ymax>1328</ymax>
		</rectangle>
	</object>
	<object>
		<name>1</name>
		<pose>Unspecified</pose>
		<truncated>0</truncated>
		<difficult>0</difficult>
		<rectangle>
			<xmin>2047</xmin>
			<ymin>540</ymin>
			<xmax>2119</xmax>
			<ymax>738</ymax>
		</rectangle>
	</object>
</annotation>
