<annotation>
	<folder>V0-S_canteen_0-G_1_hor</folder>
	<filename>0147.jpg</filename>
	<source>
		<database>My Database</database>
		<annotation>VOC2007</annotation>
		<image>flickr</image>
		<flickrid>NULL</flickrid>
	</source>
	<owner>
		<flickrid>NULL</flickrid>
		<name>dcx</name>
	</owner>
	<size>
		<width>2704</width>
		<height>1520</height>
		<depth>3</depth>
	</size>
	<segmented>0</segmented>
	<object>
		<name>1</name>
		<pose>Unspecified</pose>
		<truncated>0</truncated>
		<difficult>0</difficult>
		<rectangle>
			<xmin>2044</xmin>
			<ymin>538</ymin>
			<xmax>2118</xmax>
			<ymax>743</ymax>
		</rectangle>
	</object>
	<object>
		<name>3</name>
		<pose>Unspecified</pose>
		<truncated>0</truncated>
		<difficult>0</difficult>
		<rectangle>
			<xmin>1340</xmin>
			<ymin>477</ymin>
			<xmax>1417</xmax>
			<ymax>702</ymax>
		</rectangle>
	</object>
	<object>
		<name>4</name>
		<pose>Unspecified</pose>
		<truncated>0</truncated>
		<difficult>0</difficult>
		<rectangle>
			<xmin>1742</xmin>
			<ymin>535</ymin>
			<xmax>2080</xmax>
			<ymax>1243</ymax>
		</rectangle>
	</object>
	<object>
		<name>5</name>
		<pose>Unspecified</pose>
		<truncated>0</truncated>
		<difficult>0</difficult>
		<rectangle>
			<xmin>43</xmin>
			<ymin>334</ymin>
			<xmax>446</xmax>
			<ymax>1333</ymax>
		</rectangle>
	</object>
	<object>
		<name>6</name>
		<pose>Unspecified</pose>
		<truncated>0</truncated>
		<difficult>0</difficult>
		<rectangle>
			<xmin>2139</xmin>
			<ymin>548</ymin>
			<xmax>2294</xmax>
			<ymax>886</ymax>
		</rectangle>
	</object>
	<object>
		<name>7</name>
		<pose>Unspecified</pose>
		<truncated>0</truncated>
		<difficult>0</difficult>
		<rectangle>
			<xmin>931</xmin>
			<ymin>439</ymin>
			<xmax>1084</xmax>
			<ymax>892</ymax>
		</rectangle>
	</object>
</annotation>
