<annotation>
	<folder>V0-S_canteen_0-G_1_hor</folder>
	<filename>0148.jpg</filename>
	<source>
		<database>My Database</database>
		<annotation>VOC2007</annotation>
		<image>flickr</image>
		<flickrid>NULL</flickrid>
	</source>
	<owner>
		<flickrid>NULL</flickrid>
		<name>dcx</name>
	</owner>
	<size>
		<width>2704</width>
		<height>1520</height>
		<depth>3</depth>
	</size>
	<segmented>0</segmented>
	<object>
		<name>1</name>
		<pose>Unspecified</pose>
		<truncated>0</truncated>
		<difficult>0</difficult>
		<rectangle>
			<xmin>2041</xmin>
			<ymin>536</ymin>
			<xmax>2117</xmax>
			<ymax>748</ymax>
		</rectangle>
	</object>
	<object>
		<name>3</name>
		<pose>Unspecified</pose>
		<truncated>0</truncated>
		<difficult>0</difficult>
		<rectangle>
			<xmin>1340</xmin>
			<ymin>476</ymin>
			<xmax>1418</xmax>
			<ymax>700</ymax>
		</rectangle>
	</object>
	<object>
		<name>4</name>
		<pose>Unspecified</pose>
		<truncated>0</truncated>
		<difficult>0</difficult>
		<rectangle>
			<xmin>1724</xmin>
			<ymin>533</ymin>
			<xmax>2067</xmax>
			<ymax>1242</ymax>
		</rectangle>
	</object>
	<object>
		<name>5</name>
		<pose>Unspecified</pose>
		<truncated>0</truncated>
		<difficult>0</difficult>
		<rectangle>
			<xmin>53</xmin>
			<ymin>332</ymin>
			<xmax>447</xmax>
			<ymax>1338</ymax>
		</rectangle>
	</object>
	<object>
		<name>6</name>
		<pose>Unspecified</pose>
		<truncated>0</truncated>
		<difficult>0</difficult>
		<rectangle>
			<xmin>2139</xmin>
			<ymin>549</ymin>
			<xmax>2292</xmax>
			<ymax>885</ymax>
		</rectangle>
	</object>
	<object>
		<name>7</name>
		<pose>Unspecified</pose>
		<truncated>0</truncated>
		<difficult>0</difficult>
		<rectangle>
			<xmin>926</xmin>
			<ymin>439</ymin>
			<xmax>1081</xmax>
			<ymax>887</ymax>
		</rectangle>
	</object>
</annotation>
