<annotation>
	<folder>V0-S_canteen_0-G_1_hor</folder>
	<filename>0149.jpg</filename>
	<source>
		<database>My Database</database>
		<annotation>VOC2007</annotation>
		<image>flickr</image>
		<flickrid>NULL</flickrid>
	</source>
	<owner>
		<flickrid>NULL</flickrid>
		<name>dcx</name>
	</owner>
	<size>
		<width>2704</width>
		<height>1520</height>
		<depth>3</depth>
	</size>
	<segmented>0</segmented>
	<object>
		<name>1</name>
		<pose>Unspecified</pose>
		<truncated>0</truncated>
		<difficult>0</difficult>
		<rectangle>
			<xmin>2037</xmin>
			<ymin>535</ymin>
			<xmax>2116</xmax>
			<ymax>752</ymax>
		</rectangle>
	</object>
	<object>
		<name>3</name>
		<pose>Unspecified</pose>
		<truncated>0</truncated>
		<difficult>0</difficult>
		<rectangle>
			<xmin>1339</xmin>
			<ymin>476</ymin>
			<xmax>1420</xmax>
			<ymax>699</ymax>
		</rectangle>
	</object>
	<object>
		<name>4</name>
		<pose>Unspecified</pose>
		<truncated>0</truncated>
		<difficult>0</difficult>
		<rectangle>
			<xmin>1706</xmin>
			<ymin>532</ymin>
			<xmax>2055</xmax>
			<ymax>1242</ymax>
		</rectangle>
	</object>
	<object>
		<name>5</name>
		<pose>Unspecified</pose>
		<truncated>0</truncated>
		<difficult>0</difficult>
		<rectangle>
			<xmin>62</xmin>
			<ymin>329</ymin>
			<xmax>449</xmax>
			<ymax>1344</ymax>
		</rectangle>
	</object>
	<object>
		<name>6</name>
		<pose>Unspecified</pose>
		<truncated>0</truncated>
		<difficult>0</difficult>
		<rectangle>
			<xmin>2140</xmin>
			<ymin>550</ymin>
			<xmax>2291</xmax>
			<ymax>885</ymax>
		</rectangle>
	</object>
	<object>
		<name>7</name>
		<pose>Unspecified</pose>
		<truncated>0</truncated>
		<difficult>0</difficult>
		<rectangle>
			<xmin>922</xmin>
			<ymin>438</ymin>
			<xmax>1079</xmax>
			<ymax>883</ymax>
		</rectangle>
	</object>
</annotation>
