<annotation>
	<folder>V0-S_canteen_0-G_1_hor</folder>
	<filename>0150.jpg</filename>
	<source>
		<database>My Database</database>
		<annotation>VOC2007</annotation>
		<image>flickr</image>
		<flickrid>NULL</flickrid>
	</source>
	<owner>
		<flickrid>NULL</flickrid>
		<name>dcx</name>
	</owner>
	<size>
		<width>2704</width>
		<height>1520</height>
		<depth>3</depth>
	</size>
	<segmented>0</segmented>
	<object>
		<name>1</name>
		<pose>Unspecified</pose>
		<truncated>0</truncated>
		<difficult>0</difficult>
		<rectangle>
			<xmin>2034</xmin>
			<ymin>533</ymin>
			<xmax>2115</xmax>
			<ymax>757</ymax>
		</rectangle>
	</object>
	<object>
		<name>3</name>
		<pose>Unspecified</pose>
		<truncated>0</truncated>
		<difficult>0</difficult>
		<rectangle>
			<xmin>1339</xmin>
			<ymin>475</ymin>
			<xmax>1421</xmax>
			<ymax>697</ymax>
		</rectangle>
	</object>
	<object>
		<name>4</name>
		<pose>Unspecified</pose>
		<truncated>0</truncated>
		<difficult>0</difficult>
		<rectangle>
			<xmin>1688</xmin>
			<ymin>530</ymin>
			<xmax>2042</xmax>
			<ymax>1241</ymax>
		</rectangle>
	</object>
	<object>
		<name>5</name>
		<pose>Unspecified</pose>
		<truncated>0</truncated>
		<difficult>0</difficult>
		<rectangle>
			<xmin>72</xmin>
			<ymin>327</ymin>
			<xmax>450</xmax>
			<ymax>1349</ymax>
		</rectangle>
	</object>
	<object>
		<name>6</name>
		<pose>Unspecified</pose>
		<truncated>0</truncated>
		<difficult>0</difficult>
		<rectangle>
			<xmin>2140</xmin>
			<ymin>551</ymin>
			<xmax>2289</xmax>
			<ymax>884</ymax>
		</rectangle>
	</object>
	<object>
		<name>7</name>
		<pose>Unspecified</pose>
		<truncated>0</truncated>
		<difficult>0</difficult>
		<rectangle>
			<xmin>917</xmin>
			<ymin>438</ymin>
			<xmax>1076</xmax>
			<ymax>878</ymax>
		</rectangle>
	</object>
</annotation>
