<annotation>
	<folder>V0-S_canteen_0-G_1_hor</folder>
	<filename>0151.jpg</filename>
	<source>
		<database>My Database</database>
		<annotation>VOC2007</annotation>
		<image>flickr</image>
		<flickrid>NULL</flickrid>
	</source>
	<owner>
		<flickrid>NULL</flickrid>
		<name>dcx</name>
	</owner>
	<size>
		<width>2704</width>
		<height>1520</height>
		<depth>3</depth>
	</size>
	<segmented>0</segmented>
	<object>
		<name>6</name>
		<pose>Unspecified</pose>
		<truncated>0</truncated>
		<difficult>0</difficult>
		<rectangle>
			<xmin>2140</xmin>
			<ymin>552</ymin>
			<xmax>2288</xmax>
			<ymax>884</ymax>
		</rectangle>
	</object>
	<object>
		<name>4</name>
		<pose>Unspecified</pose>
		<truncated>0</truncated>
		<difficult>0</difficult>
		<rectangle>
			<xmin>1670</xmin>
			<ymin>528</ymin>
			<xmax>2029</xmax>
			<ymax>1240</ymax>
		</rectangle>
	</object>
	<object>
		<name>7</name>
		<pose>Unspecified</pose>
		<truncated>0</truncated>
		<difficult>0</difficult>
		<rectangle>
			<xmin>912</xmin>
			<ymin>437</ymin>
			<xmax>1073</xmax>
			<ymax>874</ymax>
		</rectangle>
	</object>
	<object>
		<name>3</name>
		<pose>Unspecified</pose>
		<truncated>0</truncated>
		<difficult>0</difficult>
		<rectangle>
			<xmin>1339</xmin>
			<ymin>474</ymin>
			<xmax>1422</xmax>
			<ymax>695</ymax>
		</rectangle>
	</object>
	<object>
		<name>5</name>
		<pose>Unspecified</pose>
		<truncated>0</truncated>
		<difficult>0</difficult>
		<rectangle>
			<xmin>81</xmin>
			<ymin>324</ymin>
			<xmax>451</xmax>
			<ymax>1354</ymax>
		</rectangle>
	</object>
	<object>
		<name>1</name>
		<pose>Unspecified</pose>
		<truncated>0</truncated>
		<difficult>0</difficult>
		<rectangle>
			<xmin>2031</xmin>
			<ymin>531</ymin>
			<xmax>2114</xmax>
			<ymax>762</ymax>
		</rectangle>
	</object>
</annotation>
