<annotation>
	<folder>V0-S_canteen_0-G_1_hor</folder>
	<filename>0152.jpg</filename>
	<source>
		<database>My Database</database>
		<annotation>VOC2007</annotation>
		<image>flickr</image>
		<flickrid>NULL</flickrid>
	</source>
	<owner>
		<flickrid>NULL</flickrid>
		<name>dcx</name>
	</owner>
	<size>
		<width>2704</width>
		<height>1520</height>
		<depth>3</depth>
	</size>
	<segmented>0</segmented>
	<object>
		<name>1</name>
		<pose>Unspecified</pose>
		<truncated>0</truncated>
		<difficult>0</difficult>
		<rectangle>
			<xmin>2026</xmin>
			<ymin>531</ymin>
			<xmax>2114</xmax>
			<ymax>762</ymax>
		</rectangle>
	</object>
	<object>
		<name>3</name>
		<pose>Unspecified</pose>
		<truncated>0</truncated>
		<difficult>0</difficult>
		<rectangle>
			<xmin>1341</xmin>
			<ymin>473</ymin>
			<xmax>1424</xmax>
			<ymax>695</ymax>
		</rectangle>
	</object>
	<object>
		<name>4</name>
		<pose>Unspecified</pose>
		<truncated>0</truncated>
		<difficult>0</difficult>
		<rectangle>
			<xmin>1668</xmin>
			<ymin>525</ymin>
			<xmax>2017</xmax>
			<ymax>1240</ymax>
		</rectangle>
	</object>
	<object>
		<name>5</name>
		<pose>Unspecified</pose>
		<truncated>0</truncated>
		<difficult>0</difficult>
		<rectangle>
			<xmin>90</xmin>
			<ymin>323</ymin>
			<xmax>460</xmax>
			<ymax>1353</ymax>
		</rectangle>
	</object>
	<object>
		<name>6</name>
		<pose>Unspecified</pose>
		<truncated>0</truncated>
		<difficult>0</difficult>
		<rectangle>
			<xmin>2138</xmin>
			<ymin>551</ymin>
			<xmax>2287</xmax>
			<ymax>881</ymax>
		</rectangle>
	</object>
	<object>
		<name>7</name>
		<pose>Unspecified</pose>
		<truncated>0</truncated>
		<difficult>0</difficult>
		<rectangle>
			<xmin>902</xmin>
			<ymin>437</ymin>
			<xmax>1068</xmax>
			<ymax>874</ymax>
		</rectangle>
	</object>
</annotation>
