<annotation>
	<folder>V0-S_canteen_0-G_1_hor</folder>
	<filename>0154.jpg</filename>
	<source>
		<database>My Database</database>
		<annotation>VOC2007</annotation>
		<image>flickr</image>
		<flickrid>NULL</flickrid>
	</source>
	<owner>
		<flickrid>NULL</flickrid>
		<name>dcx</name>
	</owner>
	<size>
		<width>2704</width>
		<height>1520</height>
		<depth>3</depth>
	</size>
	<segmented>0</segmented>
	<object>
		<name>1</name>
		<pose>Unspecified</pose>
		<truncated>0</truncated>
		<difficult>0</difficult>
		<rectangle>
			<xmin>2017</xmin>
			<ymin>532</ymin>
			<xmax>2113</xmax>
			<ymax>761</ymax>
		</rectangle>
	</object>
	<object>
		<name>3</name>
		<pose>Unspecified</pose>
		<truncated>0</truncated>
		<difficult>0</difficult>
		<rectangle>
			<xmin>1346</xmin>
			<ymin>472</ymin>
			<xmax>1429</xmax>
			<ymax>694</ymax>
		</rectangle>
	</object>
	<object>
		<name>4</name>
		<pose>Unspecified</pose>
		<truncated>0</truncated>
		<difficult>0</difficult>
		<rectangle>
			<xmin>1664</xmin>
			<ymin>520</ymin>
			<xmax>1992</xmax>
			<ymax>1240</ymax>
		</rectangle>
	</object>
	<object>
		<name>5</name>
		<pose>Unspecified</pose>
		<truncated>0</truncated>
		<difficult>0</difficult>
		<rectangle>
			<xmin>108</xmin>
			<ymin>320</ymin>
			<xmax>479</xmax>
			<ymax>1352</ymax>
		</rectangle>
	</object>
	<object>
		<name>6</name>
		<pose>Unspecified</pose>
		<truncated>0</truncated>
		<difficult>0</difficult>
		<rectangle>
			<xmin>2133</xmin>
			<ymin>548</ymin>
			<xmax>2284</xmax>
			<ymax>874</ymax>
		</rectangle>
	</object>
	<object>
		<name>7</name>
		<pose>Unspecified</pose>
		<truncated>0</truncated>
		<difficult>0</difficult>
		<rectangle>
			<xmin>881</xmin>
			<ymin>437</ymin>
			<xmax>1058</xmax>
			<ymax>873</ymax>
		</rectangle>
	</object>
</annotation>
