<annotation>
	<folder>V0-S_canteen_0-G_1_hor</folder>
	<filename>0155.jpg</filename>
	<source>
		<database>My Database</database>
		<annotation>VOC2007</annotation>
		<image>flickr</image>
		<flickrid>NULL</flickrid>
	</source>
	<owner>
		<flickrid>NULL</flickrid>
		<name>dcx</name>
	</owner>
	<size>
		<width>2704</width>
		<height>1520</height>
		<depth>3</depth>
	</size>
	<segmented>0</segmented>
	<object>
		<name>1</name>
		<pose>Unspecified</pose>
		<truncated>0</truncated>
		<difficult>0</difficult>
		<rectangle>
			<xmin>2012</xmin>
			<ymin>532</ymin>
			<xmax>2113</xmax>
			<ymax>760</ymax>
		</rectangle>
	</object>
	<object>
		<name>3</name>
		<pose>Unspecified</pose>
		<truncated>0</truncated>
		<difficult>0</difficult>
		<rectangle>
			<xmin>1348</xmin>
			<ymin>472</ymin>
			<xmax>1431</xmax>
			<ymax>693</ymax>
		</rectangle>
	</object>
	<object>
		<name>4</name>
		<pose>Unspecified</pose>
		<truncated>0</truncated>
		<difficult>0</difficult>
		<rectangle>
			<xmin>1662</xmin>
			<ymin>518</ymin>
			<xmax>1980</xmax>
			<ymax>1240</ymax>
		</rectangle>
	</object>
	<object>
		<name>5</name>
		<pose>Unspecified</pose>
		<truncated>0</truncated>
		<difficult>0</difficult>
		<rectangle>
			<xmin>117</xmin>
			<ymin>319</ymin>
			<xmax>488</xmax>
			<ymax>1351</ymax>
		</rectangle>
	</object>
	<object>
		<name>6</name>
		<pose>Unspecified</pose>
		<truncated>0</truncated>
		<difficult>0</difficult>
		<rectangle>
			<xmin>2130</xmin>
			<ymin>547</ymin>
			<xmax>2283</xmax>
			<ymax>870</ymax>
		</rectangle>
	</object>
	<object>
		<name>7</name>
		<pose>Unspecified</pose>
		<truncated>0</truncated>
		<difficult>0</difficult>
		<rectangle>
			<xmin>870</xmin>
			<ymin>437</ymin>
			<xmax>1053</xmax>
			<ymax>872</ymax>
		</rectangle>
	</object>
</annotation>
