<annotation>
	<folder>V0-S_canteen_0-G_1_hor</folder>
	<filename>0156.jpg</filename>
	<source>
		<database>My Database</database>
		<annotation>VOC2007</annotation>
		<image>flickr</image>
		<flickrid>NULL</flickrid>
	</source>
	<owner>
		<flickrid>NULL</flickrid>
		<name>dcx</name>
	</owner>
	<size>
		<width>2704</width>
		<height>1520</height>
		<depth>3</depth>
	</size>
	<segmented>0</segmented>
	<object>
		<name>6</name>
		<pose>Unspecified</pose>
		<truncated>0</truncated>
		<difficult>0</difficult>
		<rectangle>
			<xmin>2128</xmin>
			<ymin>546</ymin>
			<xmax>2282</xmax>
			<ymax>867</ymax>
		</rectangle>
	</object>
	<object>
		<name>4</name>
		<pose>Unspecified</pose>
		<truncated>0</truncated>
		<difficult>0</difficult>
		<rectangle>
			<xmin>1660</xmin>
			<ymin>515</ymin>
			<xmax>1968</xmax>
			<ymax>1240</ymax>
		</rectangle>
	</object>
	<object>
		<name>7</name>
		<pose>Unspecified</pose>
		<truncated>0</truncated>
		<difficult>0</difficult>
		<rectangle>
			<xmin>860</xmin>
			<ymin>437</ymin>
			<xmax>1048</xmax>
			<ymax>872</ymax>
		</rectangle>
	</object>
	<object>
		<name>3</name>
		<pose>Unspecified</pose>
		<truncated>0</truncated>
		<difficult>0</difficult>
		<rectangle>
			<xmin>1350</xmin>
			<ymin>471</ymin>
			<xmax>1433</xmax>
			<ymax>693</ymax>
		</rectangle>
	</object>
	<object>
		<name>5</name>
		<pose>Unspecified</pose>
		<truncated>0</truncated>
		<difficult>0</difficult>
		<rectangle>
			<xmin>126</xmin>
			<ymin>318</ymin>
			<xmax>497</xmax>
			<ymax>1350</ymax>
		</rectangle>
	</object>
	<object>
		<name>1</name>
		<pose>Unspecified</pose>
		<truncated>0</truncated>
		<difficult>0</difficult>
		<rectangle>
			<xmin>2007</xmin>
			<ymin>532</ymin>
			<xmax>2113</xmax>
			<ymax>760</ymax>
		</rectangle>
	</object>
</annotation>
