<annotation>
	<folder>V0-S_canteen_0-G_1_hor</folder>
	<filename>0157.jpg</filename>
	<source>
		<database>My Database</database>
		<annotation>VOC2007</annotation>
		<image>flickr</image>
		<flickrid>NULL</flickrid>
	</source>
	<owner>
		<flickrid>NULL</flickrid>
		<name>dcx</name>
	</owner>
	<size>
		<width>2704</width>
		<height>1520</height>
		<depth>3</depth>
	</size>
	<segmented>0</segmented>
	<object>
		<name>1</name>
		<pose>Unspecified</pose>
		<truncated>0</truncated>
		<difficult>0</difficult>
		<rectangle>
			<xmin>2008</xmin>
			<ymin>532</ymin>
			<xmax>2113</xmax>
			<ymax>760</ymax>
		</rectangle>
	</object>
	<object>
		<name>3</name>
		<pose>Unspecified</pose>
		<truncated>0</truncated>
		<difficult>0</difficult>
		<rectangle>
			<xmin>1356</xmin>
			<ymin>471</ymin>
			<xmax>1436</xmax>
			<ymax>694</ymax>
		</rectangle>
	</object>
	<object>
		<name>4</name>
		<pose>Unspecified</pose>
		<truncated>0</truncated>
		<difficult>0</difficult>
		<rectangle>
			<xmin>1661</xmin>
			<ymin>515</ymin>
			<xmax>1959</xmax>
			<ymax>1240</ymax>
		</rectangle>
	</object>
	<object>
		<name>5</name>
		<pose>Unspecified</pose>
		<truncated>0</truncated>
		<difficult>0</difficult>
		<rectangle>
			<xmin>139</xmin>
			<ymin>320</ymin>
			<xmax>507</xmax>
			<ymax>1367</ymax>
		</rectangle>
	</object>
	<object>
		<name>6</name>
		<pose>Unspecified</pose>
		<truncated>0</truncated>
		<difficult>0</difficult>
		<rectangle>
			<xmin>2132</xmin>
			<ymin>546</ymin>
			<xmax>2282</xmax>
			<ymax>865</ymax>
		</rectangle>
	</object>
	<object>
		<name>7</name>
		<pose>Unspecified</pose>
		<truncated>0</truncated>
		<difficult>0</difficult>
		<rectangle>
			<xmin>856</xmin>
			<ymin>436</ymin>
			<xmax>1043</xmax>
			<ymax>870</ymax>
		</rectangle>
	</object>
</annotation>
