<annotation>
	<folder>V0-S_canteen_0-G_1_hor</folder>
	<filename>0158.jpg</filename>
	<source>
		<database>My Database</database>
		<annotation>VOC2007</annotation>
		<image>flickr</image>
		<flickrid>NULL</flickrid>
	</source>
	<owner>
		<flickrid>NULL</flickrid>
		<name>dcx</name>
	</owner>
	<size>
		<width>2704</width>
		<height>1520</height>
		<depth>3</depth>
	</size>
	<segmented>0</segmented>
	<object>
		<name>1</name>
		<pose>Unspecified</pose>
		<truncated>0</truncated>
		<difficult>0</difficult>
		<rectangle>
			<xmin>2008</xmin>
			<ymin>532</ymin>
			<xmax>2113</xmax>
			<ymax>760</ymax>
		</rectangle>
	</object>
	<object>
		<name>3</name>
		<pose>Unspecified</pose>
		<truncated>0</truncated>
		<difficult>0</difficult>
		<rectangle>
			<xmin>1362</xmin>
			<ymin>471</ymin>
			<xmax>1439</xmax>
			<ymax>695</ymax>
		</rectangle>
	</object>
	<object>
		<name>4</name>
		<pose>Unspecified</pose>
		<truncated>0</truncated>
		<difficult>0</difficult>
		<rectangle>
			<xmin>1662</xmin>
			<ymin>515</ymin>
			<xmax>1950</xmax>
			<ymax>1240</ymax>
		</rectangle>
	</object>
	<object>
		<name>5</name>
		<pose>Unspecified</pose>
		<truncated>0</truncated>
		<difficult>0</difficult>
		<rectangle>
			<xmin>152</xmin>
			<ymin>321</ymin>
			<xmax>516</xmax>
			<ymax>1384</ymax>
		</rectangle>
	</object>
	<object>
		<name>6</name>
		<pose>Unspecified</pose>
		<truncated>0</truncated>
		<difficult>0</difficult>
		<rectangle>
			<xmin>2136</xmin>
			<ymin>546</ymin>
			<xmax>2282</xmax>
			<ymax>864</ymax>
		</rectangle>
	</object>
	<object>
		<name>7</name>
		<pose>Unspecified</pose>
		<truncated>0</truncated>
		<difficult>0</difficult>
		<rectangle>
			<xmin>851</xmin>
			<ymin>434</ymin>
			<xmax>1037</xmax>
			<ymax>868</ymax>
		</rectangle>
	</object>
</annotation>
