<annotation>
	<folder>V0-S_canteen_0-G_1_hor</folder>
	<filename>0159.jpg</filename>
	<source>
		<database>My Database</database>
		<annotation>VOC2007</annotation>
		<image>flickr</image>
		<flickrid>NULL</flickrid>
	</source>
	<owner>
		<flickrid>NULL</flickrid>
		<name>dcx</name>
	</owner>
	<size>
		<width>2704</width>
		<height>1520</height>
		<depth>3</depth>
	</size>
	<segmented>0</segmented>
	<object>
		<name>1</name>
		<pose>Unspecified</pose>
		<truncated>0</truncated>
		<difficult>0</difficult>
		<rectangle>
			<xmin>2009</xmin>
			<ymin>532</ymin>
			<xmax>2112</xmax>
			<ymax>761</ymax>
		</rectangle>
	</object>
	<object>
		<name>3</name>
		<pose>Unspecified</pose>
		<truncated>0</truncated>
		<difficult>0</difficult>
		<rectangle>
			<xmin>1368</xmin>
			<ymin>472</ymin>
			<xmax>1441</xmax>
			<ymax>696</ymax>
		</rectangle>
	</object>
	<object>
		<name>4</name>
		<pose>Unspecified</pose>
		<truncated>0</truncated>
		<difficult>0</difficult>
		<rectangle>
			<xmin>1663</xmin>
			<ymin>514</ymin>
			<xmax>1941</xmax>
			<ymax>1240</ymax>
		</rectangle>
	</object>
	<object>
		<name>5</name>
		<pose>Unspecified</pose>
		<truncated>0</truncated>
		<difficult>0</difficult>
		<rectangle>
			<xmin>164</xmin>
			<ymin>323</ymin>
			<xmax>526</xmax>
			<ymax>1402</ymax>
		</rectangle>
	</object>
	<object>
		<name>6</name>
		<pose>Unspecified</pose>
		<truncated>0</truncated>
		<difficult>0</difficult>
		<rectangle>
			<xmin>2140</xmin>
			<ymin>545</ymin>
			<xmax>2282</xmax>
			<ymax>862</ymax>
		</rectangle>
	</object>
	<object>
		<name>7</name>
		<pose>Unspecified</pose>
		<truncated>0</truncated>
		<difficult>0</difficult>
		<rectangle>
			<xmin>847</xmin>
			<ymin>433</ymin>
			<xmax>1032</xmax>
			<ymax>865</ymax>
		</rectangle>
	</object>
</annotation>
