<annotation>
	<folder>V0-S_canteen_0-G_1_hor</folder>
	<filename>0161.jpg</filename>
	<source>
		<database>My Database</database>
		<annotation>VOC2007</annotation>
		<image>flickr</image>
		<flickrid>NULL</flickrid>
	</source>
	<owner>
		<flickrid>NULL</flickrid>
		<name>dcx</name>
	</owner>
	<size>
		<width>2704</width>
		<height>1520</height>
		<depth>3</depth>
	</size>
	<segmented>0</segmented>
	<object>
		<name>6</name>
		<pose>Unspecified</pose>
		<truncated>0</truncated>
		<difficult>0</difficult>
		<rectangle>
			<xmin>2148</xmin>
			<ymin>545</ymin>
			<xmax>2282</xmax>
			<ymax>859</ymax>
		</rectangle>
	</object>
	<object>
		<name>4</name>
		<pose>Unspecified</pose>
		<truncated>0</truncated>
		<difficult>0</difficult>
		<rectangle>
			<xmin>1665</xmin>
			<ymin>514</ymin>
			<xmax>1923</xmax>
			<ymax>1240</ymax>
		</rectangle>
	</object>
	<object>
		<name>7</name>
		<pose>Unspecified</pose>
		<truncated>0</truncated>
		<difficult>0</difficult>
		<rectangle>
			<xmin>838</xmin>
			<ymin>430</ymin>
			<xmax>1021</xmax>
			<ymax>861</ymax>
		</rectangle>
	</object>
	<object>
		<name>3</name>
		<pose>Unspecified</pose>
		<truncated>0</truncated>
		<difficult>0</difficult>
		<rectangle>
			<xmin>1380</xmin>
			<ymin>472</ymin>
			<xmax>1447</xmax>
			<ymax>698</ymax>
		</rectangle>
	</object>
	<object>
		<name>5</name>
		<pose>Unspecified</pose>
		<truncated>0</truncated>
		<difficult>0</difficult>
		<rectangle>
			<xmin>190</xmin>
			<ymin>326</ymin>
			<xmax>545</xmax>
			<ymax>1436</ymax>
		</rectangle>
	</object>
	<object>
		<name>1</name>
		<pose>Unspecified</pose>
		<truncated>0</truncated>
		<difficult>0</difficult>
		<rectangle>
			<xmin>2010</xmin>
			<ymin>532</ymin>
			<xmax>2112</xmax>
			<ymax>761</ymax>
		</rectangle>
	</object>
</annotation>
