<annotation>
	<folder>V0-S_canteen_0-G_1_hor</folder>
	<filename>0162.jpg</filename>
	<source>
		<database>My Database</database>
		<annotation>VOC2007</annotation>
		<image>flickr</image>
		<flickrid>NULL</flickrid>
	</source>
	<owner>
		<flickrid>NULL</flickrid>
		<name>dcx</name>
	</owner>
	<size>
		<width>2704</width>
		<height>1520</height>
		<depth>3</depth>
	</size>
	<segmented>0</segmented>
	<object>
		<name>1</name>
		<pose>Unspecified</pose>
		<truncated>0</truncated>
		<difficult>0</difficult>
		<rectangle>
			<xmin>2012</xmin>
			<ymin>532</ymin>
			<xmax>2113</xmax>
			<ymax>761</ymax>
		</rectangle>
	</object>
	<object>
		<name>3</name>
		<pose>Unspecified</pose>
		<truncated>0</truncated>
		<difficult>0</difficult>
		<rectangle>
			<xmin>1380</xmin>
			<ymin>472</ymin>
			<xmax>1453</xmax>
			<ymax>699</ymax>
		</rectangle>
	</object>
	<object>
		<name>4</name>
		<pose>Unspecified</pose>
		<truncated>0</truncated>
		<difficult>0</difficult>
		<rectangle>
			<xmin>1641</xmin>
			<ymin>514</ymin>
			<xmax>1912</xmax>
			<ymax>1243</ymax>
		</rectangle>
	</object>
	<object>
		<name>5</name>
		<pose>Unspecified</pose>
		<truncated>0</truncated>
		<difficult>0</difficult>
		<rectangle>
			<xmin>205</xmin>
			<ymin>330</ymin>
			<xmax>565</xmax>
			<ymax>1440</ymax>
		</rectangle>
	</object>
	<object>
		<name>6</name>
		<pose>Unspecified</pose>
		<truncated>0</truncated>
		<difficult>0</difficult>
		<rectangle>
			<xmin>2150</xmin>
			<ymin>545</ymin>
			<xmax>2285</xmax>
			<ymax>859</ymax>
		</rectangle>
	</object>
	<object>
		<name>7</name>
		<pose>Unspecified</pose>
		<truncated>0</truncated>
		<difficult>0</difficult>
		<rectangle>
			<xmin>837</xmin>
			<ymin>432</ymin>
			<xmax>1016</xmax>
			<ymax>861</ymax>
		</rectangle>
	</object>
</annotation>
