<annotation>
	<folder>V0-S_canteen_0-G_1_hor</folder>
	<filename>0163.jpg</filename>
	<source>
		<database>My Database</database>
		<annotation>VOC2007</annotation>
		<image>flickr</image>
		<flickrid>NULL</flickrid>
	</source>
	<owner>
		<flickrid>NULL</flickrid>
		<name>dcx</name>
	</owner>
	<size>
		<width>2704</width>
		<height>1520</height>
		<depth>3</depth>
	</size>
	<segmented>0</segmented>
	<object>
		<name>1</name>
		<pose>Unspecified</pose>
		<truncated>0</truncated>
		<difficult>0</difficult>
		<rectangle>
			<xmin>2014</xmin>
			<ymin>532</ymin>
			<xmax>2114</xmax>
			<ymax>762</ymax>
		</rectangle>
	</object>
	<object>
		<name>3</name>
		<pose>Unspecified</pose>
		<truncated>0</truncated>
		<difficult>0</difficult>
		<rectangle>
			<xmin>1381</xmin>
			<ymin>473</ymin>
			<xmax>1459</xmax>
			<ymax>700</ymax>
		</rectangle>
	</object>
	<object>
		<name>4</name>
		<pose>Unspecified</pose>
		<truncated>0</truncated>
		<difficult>0</difficult>
		<rectangle>
			<xmin>1618</xmin>
			<ymin>515</ymin>
			<xmax>1901</xmax>
			<ymax>1246</ymax>
		</rectangle>
	</object>
	<object>
		<name>5</name>
		<pose>Unspecified</pose>
		<truncated>0</truncated>
		<difficult>0</difficult>
		<rectangle>
			<xmin>221</xmin>
			<ymin>334</ymin>
			<xmax>586</xmax>
			<ymax>1444</ymax>
		</rectangle>
	</object>
	<object>
		<name>6</name>
		<pose>Unspecified</pose>
		<truncated>0</truncated>
		<difficult>0</difficult>
		<rectangle>
			<xmin>2153</xmin>
			<ymin>545</ymin>
			<xmax>2287</xmax>
			<ymax>858</ymax>
		</rectangle>
	</object>
	<object>
		<name>7</name>
		<pose>Unspecified</pose>
		<truncated>0</truncated>
		<difficult>0</difficult>
		<rectangle>
			<xmin>835</xmin>
			<ymin>433</ymin>
			<xmax>1011</xmax>
			<ymax>860</ymax>
		</rectangle>
	</object>
</annotation>
