<annotation>
	<folder>V0-S_canteen_0-G_1_hor</folder>
	<filename>0164.jpg</filename>
	<source>
		<database>My Database</database>
		<annotation>VOC2007</annotation>
		<image>flickr</image>
		<flickrid>NULL</flickrid>
	</source>
	<owner>
		<flickrid>NULL</flickrid>
		<name>dcx</name>
	</owner>
	<size>
		<width>2704</width>
		<height>1520</height>
		<depth>3</depth>
	</size>
	<segmented>0</segmented>
	<object>
		<name>1</name>
		<pose>Unspecified</pose>
		<truncated>0</truncated>
		<difficult>0</difficult>
		<rectangle>
			<xmin>2015</xmin>
			<ymin>533</ymin>
			<xmax>2114</xmax>
			<ymax>762</ymax>
		</rectangle>
	</object>
	<object>
		<name>3</name>
		<pose>Unspecified</pose>
		<truncated>0</truncated>
		<difficult>0</difficult>
		<rectangle>
			<xmin>1381</xmin>
			<ymin>473</ymin>
			<xmax>1466</xmax>
			<ymax>701</ymax>
		</rectangle>
	</object>
	<object>
		<name>4</name>
		<pose>Unspecified</pose>
		<truncated>0</truncated>
		<difficult>0</difficult>
		<rectangle>
			<xmin>1594</xmin>
			<ymin>515</ymin>
			<xmax>1890</xmax>
			<ymax>1249</ymax>
		</rectangle>
	</object>
	<object>
		<name>5</name>
		<pose>Unspecified</pose>
		<truncated>0</truncated>
		<difficult>0</difficult>
		<rectangle>
			<xmin>236</xmin>
			<ymin>338</ymin>
			<xmax>606</xmax>
			<ymax>1447</ymax>
		</rectangle>
	</object>
	<object>
		<name>6</name>
		<pose>Unspecified</pose>
		<truncated>0</truncated>
		<difficult>0</difficult>
		<rectangle>
			<xmin>2155</xmin>
			<ymin>545</ymin>
			<xmax>2290</xmax>
			<ymax>858</ymax>
		</rectangle>
	</object>
	<object>
		<name>7</name>
		<pose>Unspecified</pose>
		<truncated>0</truncated>
		<difficult>0</difficult>
		<rectangle>
			<xmin>834</xmin>
			<ymin>435</ymin>
			<xmax>1007</xmax>
			<ymax>860</ymax>
		</rectangle>
	</object>
</annotation>
