<annotation>
	<folder>V0-S_canteen_0-G_1_hor</folder>
	<filename>0165.jpg</filename>
	<source>
		<database>My Database</database>
		<annotation>VOC2007</annotation>
		<image>flickr</image>
		<flickrid>NULL</flickrid>
	</source>
	<owner>
		<flickrid>NULL</flickrid>
		<name>dcx</name>
	</owner>
	<size>
		<width>2704</width>
		<height>1520</height>
		<depth>3</depth>
	</size>
	<segmented>0</segmented>
	<object>
		<name>1</name>
		<pose>Unspecified</pose>
		<truncated>0</truncated>
		<difficult>0</difficult>
		<rectangle>
			<xmin>2017</xmin>
			<ymin>533</ymin>
			<xmax>2115</xmax>
			<ymax>763</ymax>
		</rectangle>
	</object>
	<object>
		<name>3</name>
		<pose>Unspecified</pose>
		<truncated>0</truncated>
		<difficult>0</difficult>
		<rectangle>
			<xmin>1382</xmin>
			<ymin>474</ymin>
			<xmax>1472</xmax>
			<ymax>702</ymax>
		</rectangle>
	</object>
	<object>
		<name>4</name>
		<pose>Unspecified</pose>
		<truncated>0</truncated>
		<difficult>0</difficult>
		<rectangle>
			<xmin>1571</xmin>
			<ymin>516</ymin>
			<xmax>1879</xmax>
			<ymax>1252</ymax>
		</rectangle>
	</object>
	<object>
		<name>5</name>
		<pose>Unspecified</pose>
		<truncated>0</truncated>
		<difficult>0</difficult>
		<rectangle>
			<xmin>252</xmin>
			<ymin>342</ymin>
			<xmax>627</xmax>
			<ymax>1451</ymax>
		</rectangle>
	</object>
	<object>
		<name>6</name>
		<pose>Unspecified</pose>
		<truncated>0</truncated>
		<difficult>0</difficult>
		<rectangle>
			<xmin>2158</xmin>
			<ymin>545</ymin>
			<xmax>2292</xmax>
			<ymax>857</ymax>
		</rectangle>
	</object>
	<object>
		<name>7</name>
		<pose>Unspecified</pose>
		<truncated>0</truncated>
		<difficult>0</difficult>
		<rectangle>
			<xmin>832</xmin>
			<ymin>436</ymin>
			<xmax>1002</xmax>
			<ymax>859</ymax>
		</rectangle>
	</object>
</annotation>
