<annotation>
	<folder>V0-S_canteen_0-G_1_hor</folder>
	<filename>0166.jpg</filename>
	<source>
		<database>My Database</database>
		<annotation>VOC2007</annotation>
		<image>flickr</image>
		<flickrid>NULL</flickrid>
	</source>
	<owner>
		<flickrid>NULL</flickrid>
		<name>dcx</name>
	</owner>
	<size>
		<width>2704</width>
		<height>1520</height>
		<depth>3</depth>
	</size>
	<segmented>0</segmented>
	<object>
		<name>6</name>
		<pose>Unspecified</pose>
		<truncated>0</truncated>
		<difficult>0</difficult>
		<rectangle>
			<xmin>2160</xmin>
			<ymin>545</ymin>
			<xmax>2295</xmax>
			<ymax>857</ymax>
		</rectangle>
	</object>
	<object>
		<name>4</name>
		<pose>Unspecified</pose>
		<truncated>0</truncated>
		<difficult>0</difficult>
		<rectangle>
			<xmin>1547</xmin>
			<ymin>516</ymin>
			<xmax>1868</xmax>
			<ymax>1255</ymax>
		</rectangle>
	</object>
	<object>
		<name>7</name>
		<pose>Unspecified</pose>
		<truncated>0</truncated>
		<difficult>0</difficult>
		<rectangle>
			<xmin>831</xmin>
			<ymin>438</ymin>
			<xmax>997</xmax>
			<ymax>859</ymax>
		</rectangle>
	</object>
	<object>
		<name>3</name>
		<pose>Unspecified</pose>
		<truncated>0</truncated>
		<difficult>0</difficult>
		<rectangle>
			<xmin>1382</xmin>
			<ymin>474</ymin>
			<xmax>1478</xmax>
			<ymax>703</ymax>
		</rectangle>
	</object>
	<object>
		<name>5</name>
		<pose>Unspecified</pose>
		<truncated>0</truncated>
		<difficult>0</difficult>
		<rectangle>
			<xmin>267</xmin>
			<ymin>346</ymin>
			<xmax>647</xmax>
			<ymax>1455</ymax>
		</rectangle>
	</object>
	<object>
		<name>1</name>
		<pose>Unspecified</pose>
		<truncated>0</truncated>
		<difficult>0</difficult>
		<rectangle>
			<xmin>2019</xmin>
			<ymin>533</ymin>
			<xmax>2116</xmax>
			<ymax>763</ymax>
		</rectangle>
	</object>
</annotation>
