<annotation>
	<folder>V0-S_canteen_0-G_1_hor</folder>
	<filename>0167.jpg</filename>
	<source>
		<database>My Database</database>
		<annotation>VOC2007</annotation>
		<image>flickr</image>
		<flickrid>NULL</flickrid>
	</source>
	<owner>
		<flickrid>NULL</flickrid>
		<name>dcx</name>
	</owner>
	<size>
		<width>2704</width>
		<height>1520</height>
		<depth>3</depth>
	</size>
	<segmented>0</segmented>
	<object>
		<name>1</name>
		<pose>Unspecified</pose>
		<truncated>0</truncated>
		<difficult>0</difficult>
		<rectangle>
			<xmin>2019</xmin>
			<ymin>534</ymin>
			<xmax>2117</xmax>
			<ymax>762</ymax>
		</rectangle>
	</object>
	<object>
		<name>3</name>
		<pose>Unspecified</pose>
		<truncated>0</truncated>
		<difficult>0</difficult>
		<rectangle>
			<xmin>1383</xmin>
			<ymin>474</ymin>
			<xmax>1479</xmax>
			<ymax>704</ymax>
		</rectangle>
	</object>
	<object>
		<name>4</name>
		<pose>Unspecified</pose>
		<truncated>0</truncated>
		<difficult>0</difficult>
		<rectangle>
			<xmin>1538</xmin>
			<ymin>516</ymin>
			<xmax>1859</xmax>
			<ymax>1259</ymax>
		</rectangle>
	</object>
	<object>
		<name>5</name>
		<pose>Unspecified</pose>
		<truncated>0</truncated>
		<difficult>0</difficult>
		<rectangle>
			<xmin>284</xmin>
			<ymin>346</ymin>
			<xmax>654</xmax>
			<ymax>1461</ymax>
		</rectangle>
	</object>
	<object>
		<name>6</name>
		<pose>Unspecified</pose>
		<truncated>0</truncated>
		<difficult>0</difficult>
		<rectangle>
			<xmin>2160</xmin>
			<ymin>547</ymin>
			<xmax>2298</xmax>
			<ymax>857</ymax>
		</rectangle>
	</object>
	<object>
		<name>7</name>
		<pose>Unspecified</pose>
		<truncated>0</truncated>
		<difficult>0</difficult>
		<rectangle>
			<xmin>832</xmin>
			<ymin>435</ymin>
			<xmax>992</xmax>
			<ymax>854</ymax>
		</rectangle>
	</object>
</annotation>
