<annotation>
	<folder>V0-S_canteen_0-G_1_hor</folder>
	<filename>0169.jpg</filename>
	<source>
		<database>My Database</database>
		<annotation>VOC2007</annotation>
		<image>flickr</image>
		<flickrid>NULL</flickrid>
	</source>
	<owner>
		<flickrid>NULL</flickrid>
		<name>dcx</name>
	</owner>
	<size>
		<width>2704</width>
		<height>1520</height>
		<depth>3</depth>
	</size>
	<segmented>0</segmented>
	<object>
		<name>1</name>
		<pose>Unspecified</pose>
		<truncated>0</truncated>
		<difficult>0</difficult>
		<rectangle>
			<xmin>2019</xmin>
			<ymin>535</ymin>
			<xmax>2118</xmax>
			<ymax>761</ymax>
		</rectangle>
	</object>
	<object>
		<name>3</name>
		<pose>Unspecified</pose>
		<truncated>0</truncated>
		<difficult>0</difficult>
		<rectangle>
			<xmin>1384</xmin>
			<ymin>475</ymin>
			<xmax>1480</xmax>
			<ymax>705</ymax>
		</rectangle>
	</object>
	<object>
		<name>4</name>
		<pose>Unspecified</pose>
		<truncated>0</truncated>
		<difficult>0</difficult>
		<rectangle>
			<xmin>1519</xmin>
			<ymin>515</ymin>
			<xmax>1841</xmax>
			<ymax>1267</ymax>
		</rectangle>
	</object>
	<object>
		<name>5</name>
		<pose>Unspecified</pose>
		<truncated>0</truncated>
		<difficult>0</difficult>
		<rectangle>
			<xmin>319</xmin>
			<ymin>345</ymin>
			<xmax>668</xmax>
			<ymax>1473</ymax>
		</rectangle>
	</object>
	<object>
		<name>6</name>
		<pose>Unspecified</pose>
		<truncated>0</truncated>
		<difficult>0</difficult>
		<rectangle>
			<xmin>2160</xmin>
			<ymin>550</ymin>
			<xmax>2303</xmax>
			<ymax>857</ymax>
		</rectangle>
	</object>
	<object>
		<name>7</name>
		<pose>Unspecified</pose>
		<truncated>0</truncated>
		<difficult>0</difficult>
		<rectangle>
			<xmin>834</xmin>
			<ymin>430</ymin>
			<xmax>981</xmax>
			<ymax>843</ymax>
		</rectangle>
	</object>
</annotation>
