<annotation>
	<folder>V0-S_canteen_0-G_1_hor</folder>
	<filename>0170.jpg</filename>
	<source>
		<database>My Database</database>
		<annotation>VOC2007</annotation>
		<image>flickr</image>
		<flickrid>NULL</flickrid>
	</source>
	<owner>
		<flickrid>NULL</flickrid>
		<name>dcx</name>
	</owner>
	<size>
		<width>2704</width>
		<height>1520</height>
		<depth>3</depth>
	</size>
	<segmented>0</segmented>
	<object>
		<name>1</name>
		<pose>Unspecified</pose>
		<truncated>0</truncated>
		<difficult>0</difficult>
		<rectangle>
			<xmin>2019</xmin>
			<ymin>535</ymin>
			<xmax>2118</xmax>
			<ymax>761</ymax>
		</rectangle>
	</object>
	<object>
		<name>3</name>
		<pose>Unspecified</pose>
		<truncated>0</truncated>
		<difficult>0</difficult>
		<rectangle>
			<xmin>1384</xmin>
			<ymin>476</ymin>
			<xmax>1480</xmax>
			<ymax>705</ymax>
		</rectangle>
	</object>
	<object>
		<name>4</name>
		<pose>Unspecified</pose>
		<truncated>0</truncated>
		<difficult>0</difficult>
		<rectangle>
			<xmin>1509</xmin>
			<ymin>514</ymin>
			<xmax>1832</xmax>
			<ymax>1271</ymax>
		</rectangle>
	</object>
	<object>
		<name>5</name>
		<pose>Unspecified</pose>
		<truncated>0</truncated>
		<difficult>0</difficult>
		<rectangle>
			<xmin>337</xmin>
			<ymin>344</ymin>
			<xmax>675</xmax>
			<ymax>1479</ymax>
		</rectangle>
	</object>
	<object>
		<name>6</name>
		<pose>Unspecified</pose>
		<truncated>0</truncated>
		<difficult>0</difficult>
		<rectangle>
			<xmin>2160</xmin>
			<ymin>552</ymin>
			<xmax>2306</xmax>
			<ymax>857</ymax>
		</rectangle>
	</object>
	<object>
		<name>7</name>
		<pose>Unspecified</pose>
		<truncated>0</truncated>
		<difficult>0</difficult>
		<rectangle>
			<xmin>835</xmin>
			<ymin>427</ymin>
			<xmax>976</xmax>
			<ymax>838</ymax>
		</rectangle>
	</object>
</annotation>
