<annotation>
	<folder>V0-S_canteen_0-G_1_hor</folder>
	<filename>0171.jpg</filename>
	<source>
		<database>My Database</database>
		<annotation>VOC2007</annotation>
		<image>flickr</image>
		<flickrid>NULL</flickrid>
	</source>
	<owner>
		<flickrid>NULL</flickrid>
		<name>dcx</name>
	</owner>
	<size>
		<width>2704</width>
		<height>1520</height>
		<depth>3</depth>
	</size>
	<segmented>0</segmented>
	<object>
		<name>6</name>
		<pose>Unspecified</pose>
		<truncated>0</truncated>
		<difficult>0</difficult>
		<rectangle>
			<xmin>2160</xmin>
			<ymin>554</ymin>
			<xmax>2309</xmax>
			<ymax>857</ymax>
		</rectangle>
	</object>
	<object>
		<name>4</name>
		<pose>Unspecified</pose>
		<truncated>0</truncated>
		<difficult>0</difficult>
		<rectangle>
			<xmin>1500</xmin>
			<ymin>514</ymin>
			<xmax>1823</xmax>
			<ymax>1275</ymax>
		</rectangle>
	</object>
	<object>
		<name>7</name>
		<pose>Unspecified</pose>
		<truncated>0</truncated>
		<difficult>0</difficult>
		<rectangle>
			<xmin>836</xmin>
			<ymin>424</ymin>
			<xmax>971</xmax>
			<ymax>833</ymax>
		</rectangle>
	</object>
	<object>
		<name>3</name>
		<pose>Unspecified</pose>
		<truncated>0</truncated>
		<difficult>0</difficult>
		<rectangle>
			<xmin>1385</xmin>
			<ymin>476</ymin>
			<xmax>1481</xmax>
			<ymax>706</ymax>
		</rectangle>
	</object>
	<object>
		<name>5</name>
		<pose>Unspecified</pose>
		<truncated>0</truncated>
		<difficult>0</difficult>
		<rectangle>
			<xmin>354</xmin>
			<ymin>344</ymin>
			<xmax>682</xmax>
			<ymax>1485</ymax>
		</rectangle>
	</object>
	<object>
		<name>1</name>
		<pose>Unspecified</pose>
		<truncated>0</truncated>
		<difficult>0</difficult>
		<rectangle>
			<xmin>2019</xmin>
			<ymin>536</ymin>
			<xmax>2119</xmax>
			<ymax>760</ymax>
		</rectangle>
	</object>
</annotation>
