<annotation>
	<folder>V0-S_canteen_0-G_1_hor</folder>
	<filename>0174.jpg</filename>
	<source>
		<database>My Database</database>
		<annotation>VOC2007</annotation>
		<image>flickr</image>
		<flickrid>NULL</flickrid>
	</source>
	<owner>
		<flickrid>NULL</flickrid>
		<name>dcx</name>
	</owner>
	<size>
		<width>2704</width>
		<height>1520</height>
		<depth>3</depth>
	</size>
	<segmented>0</segmented>
	<object>
		<name>1</name>
		<pose>Unspecified</pose>
		<truncated>0</truncated>
		<difficult>0</difficult>
		<rectangle>
			<xmin>2019</xmin>
			<ymin>536</ymin>
			<xmax>2120</xmax>
			<ymax>763</ymax>
		</rectangle>
	</object>
	<object>
		<name>3</name>
		<pose>Unspecified</pose>
		<truncated>0</truncated>
		<difficult>0</difficult>
		<rectangle>
			<xmin>1394</xmin>
			<ymin>477</ymin>
			<xmax>1480</xmax>
			<ymax>709</ymax>
		</rectangle>
	</object>
	<object>
		<name>4</name>
		<pose>Unspecified</pose>
		<truncated>0</truncated>
		<difficult>0</difficult>
		<rectangle>
			<xmin>1504</xmin>
			<ymin>509</ymin>
			<xmax>1787</xmax>
			<ymax>1275</ymax>
		</rectangle>
	</object>
	<object>
		<name>5</name>
		<pose>Unspecified</pose>
		<truncated>0</truncated>
		<difficult>0</difficult>
		<rectangle>
			<xmin>409</xmin>
			<ymin>343</ymin>
			<xmax>731</xmax>
			<ymax>1486</ymax>
		</rectangle>
	</object>
	<object>
		<name>6</name>
		<pose>Unspecified</pose>
		<truncated>0</truncated>
		<difficult>0</difficult>
		<rectangle>
			<xmin>2149</xmin>
			<ymin>553</ymin>
			<xmax>2300</xmax>
			<ymax>849</ymax>
		</rectangle>
	</object>
	<object>
		<name>7</name>
		<pose>Unspecified</pose>
		<truncated>0</truncated>
		<difficult>0</difficult>
		<rectangle>
			<xmin>832</xmin>
			<ymin>427</ymin>
			<xmax>970</xmax>
			<ymax>831</ymax>
		</rectangle>
	</object>
</annotation>
