<annotation>
	<folder>V0-S_canteen_0-G_1_hor</folder>
	<filename>0175.jpg</filename>
	<source>
		<database>My Database</database>
		<annotation>VOC2007</annotation>
		<image>flickr</image>
		<flickrid>NULL</flickrid>
	</source>
	<owner>
		<flickrid>NULL</flickrid>
		<name>dcx</name>
	</owner>
	<size>
		<width>2704</width>
		<height>1520</height>
		<depth>3</depth>
	</size>
	<segmented>0</segmented>
	<object>
		<name>1</name>
		<pose>Unspecified</pose>
		<truncated>0</truncated>
		<difficult>0</difficult>
		<rectangle>
			<xmin>2019</xmin>
			<ymin>536</ymin>
			<xmax>2121</xmax>
			<ymax>764</ymax>
		</rectangle>
	</object>
	<object>
		<name>3</name>
		<pose>Unspecified</pose>
		<truncated>0</truncated>
		<difficult>0</difficult>
		<rectangle>
			<xmin>1397</xmin>
			<ymin>478</ymin>
			<xmax>1480</xmax>
			<ymax>710</ymax>
		</rectangle>
	</object>
	<object>
		<name>4</name>
		<pose>Unspecified</pose>
		<truncated>0</truncated>
		<difficult>0</difficult>
		<rectangle>
			<xmin>1505</xmin>
			<ymin>507</ymin>
			<xmax>1775</xmax>
			<ymax>1275</ymax>
		</rectangle>
	</object>
	<object>
		<name>5</name>
		<pose>Unspecified</pose>
		<truncated>0</truncated>
		<difficult>0</difficult>
		<rectangle>
			<xmin>427</xmin>
			<ymin>342</ymin>
			<xmax>748</xmax>
			<ymax>1487</ymax>
		</rectangle>
	</object>
	<object>
		<name>6</name>
		<pose>Unspecified</pose>
		<truncated>0</truncated>
		<difficult>0</difficult>
		<rectangle>
			<xmin>2146</xmin>
			<ymin>552</ymin>
			<xmax>2297</xmax>
			<ymax>846</ymax>
		</rectangle>
	</object>
	<object>
		<name>7</name>
		<pose>Unspecified</pose>
		<truncated>0</truncated>
		<difficult>0</difficult>
		<rectangle>
			<xmin>831</xmin>
			<ymin>428</ymin>
			<xmax>969</xmax>
			<ymax>830</ymax>
		</rectangle>
	</object>
</annotation>
