<annotation>
	<folder>V0-S_canteen_0-G_1_hor</folder>
	<filename>0176.jpg</filename>
	<source>
		<database>My Database</database>
		<annotation>VOC2007</annotation>
		<image>flickr</image>
		<flickrid>NULL</flickrid>
	</source>
	<owner>
		<flickrid>NULL</flickrid>
		<name>dcx</name>
	</owner>
	<size>
		<width>2704</width>
		<height>1520</height>
		<depth>3</depth>
	</size>
	<segmented>0</segmented>
	<object>
		<name>6</name>
		<pose>Unspecified</pose>
		<truncated>0</truncated>
		<difficult>0</difficult>
		<rectangle>
			<xmin>2142</xmin>
			<ymin>552</ymin>
			<xmax>2294</xmax>
			<ymax>843</ymax>
		</rectangle>
	</object>
	<object>
		<name>4</name>
		<pose>Unspecified</pose>
		<truncated>0</truncated>
		<difficult>0</difficult>
		<rectangle>
			<xmin>1506</xmin>
			<ymin>505</ymin>
			<xmax>1763</xmax>
			<ymax>1275</ymax>
		</rectangle>
	</object>
	<object>
		<name>7</name>
		<pose>Unspecified</pose>
		<truncated>0</truncated>
		<difficult>0</difficult>
		<rectangle>
			<xmin>830</xmin>
			<ymin>429</ymin>
			<xmax>969</xmax>
			<ymax>829</ymax>
		</rectangle>
	</object>
	<object>
		<name>3</name>
		<pose>Unspecified</pose>
		<truncated>0</truncated>
		<difficult>0</difficult>
		<rectangle>
			<xmin>1400</xmin>
			<ymin>478</ymin>
			<xmax>1480</xmax>
			<ymax>711</ymax>
		</rectangle>
	</object>
	<object>
		<name>5</name>
		<pose>Unspecified</pose>
		<truncated>0</truncated>
		<difficult>0</difficult>
		<rectangle>
			<xmin>445</xmin>
			<ymin>342</ymin>
			<xmax>764</xmax>
			<ymax>1487</ymax>
		</rectangle>
	</object>
	<object>
		<name>1</name>
		<pose>Unspecified</pose>
		<truncated>0</truncated>
		<difficult>0</difficult>
		<rectangle>
			<xmin>2019</xmin>
			<ymin>536</ymin>
			<xmax>2121</xmax>
			<ymax>765</ymax>
		</rectangle>
	</object>
</annotation>
