<annotation>
	<folder>V0-S_canteen_0-G_1_hor</folder>
	<filename>0177.jpg</filename>
	<source>
		<database>My Database</database>
		<annotation>VOC2007</annotation>
		<image>flickr</image>
		<flickrid>NULL</flickrid>
	</source>
	<owner>
		<flickrid>NULL</flickrid>
		<name>dcx</name>
	</owner>
	<size>
		<width>2704</width>
		<height>1520</height>
		<depth>3</depth>
	</size>
	<segmented>0</segmented>
	<object>
		<name>1</name>
		<pose>Unspecified</pose>
		<truncated>0</truncated>
		<difficult>0</difficult>
		<rectangle>
			<xmin>2020</xmin>
			<ymin>537</ymin>
			<xmax>2121</xmax>
			<ymax>765</ymax>
		</rectangle>
	</object>
	<object>
		<name>3</name>
		<pose>Unspecified</pose>
		<truncated>0</truncated>
		<difficult>0</difficult>
		<rectangle>
			<xmin>1406</xmin>
			<ymin>479</ymin>
			<xmax>1482</xmax>
			<ymax>712</ymax>
		</rectangle>
	</object>
	<object>
		<name>4</name>
		<pose>Unspecified</pose>
		<truncated>0</truncated>
		<difficult>0</difficult>
		<rectangle>
			<xmin>1492</xmin>
			<ymin>504</ymin>
			<xmax>1752</xmax>
			<ymax>1276</ymax>
		</rectangle>
	</object>
	<object>
		<name>5</name>
		<pose>Unspecified</pose>
		<truncated>0</truncated>
		<difficult>0</difficult>
		<rectangle>
			<xmin>460</xmin>
			<ymin>346</ymin>
			<xmax>804</xmax>
			<ymax>1487</ymax>
		</rectangle>
	</object>
	<object>
		<name>6</name>
		<pose>Unspecified</pose>
		<truncated>0</truncated>
		<difficult>0</difficult>
		<rectangle>
			<xmin>2141</xmin>
			<ymin>552</ymin>
			<xmax>2287</xmax>
			<ymax>845</ymax>
		</rectangle>
	</object>
	<object>
		<name>7</name>
		<pose>Unspecified</pose>
		<truncated>0</truncated>
		<difficult>0</difficult>
		<rectangle>
			<xmin>831</xmin>
			<ymin>431</ymin>
			<xmax>971</xmax>
			<ymax>828</ymax>
		</rectangle>
	</object>
</annotation>
