<annotation>
	<folder>V0-S_canteen_0-G_1_hor</folder>
	<filename>0178.jpg</filename>
	<source>
		<database>My Database</database>
		<annotation>VOC2007</annotation>
		<image>flickr</image>
		<flickrid>NULL</flickrid>
	</source>
	<owner>
		<flickrid>NULL</flickrid>
		<name>dcx</name>
	</owner>
	<size>
		<width>2704</width>
		<height>1520</height>
		<depth>3</depth>
	</size>
	<segmented>0</segmented>
	<object>
		<name>1</name>
		<pose>Unspecified</pose>
		<truncated>0</truncated>
		<difficult>0</difficult>
		<rectangle>
			<xmin>2020</xmin>
			<ymin>538</ymin>
			<xmax>2121</xmax>
			<ymax>766</ymax>
		</rectangle>
	</object>
	<object>
		<name>3</name>
		<pose>Unspecified</pose>
		<truncated>0</truncated>
		<difficult>0</difficult>
		<rectangle>
			<xmin>1412</xmin>
			<ymin>480</ymin>
			<xmax>1484</xmax>
			<ymax>713</ymax>
		</rectangle>
	</object>
	<object>
		<name>4</name>
		<pose>Unspecified</pose>
		<truncated>0</truncated>
		<difficult>0</difficult>
		<rectangle>
			<xmin>1478</xmin>
			<ymin>502</ymin>
			<xmax>1741</xmax>
			<ymax>1276</ymax>
		</rectangle>
	</object>
	<object>
		<name>5</name>
		<pose>Unspecified</pose>
		<truncated>0</truncated>
		<difficult>0</difficult>
		<rectangle>
			<xmin>475</xmin>
			<ymin>350</ymin>
			<xmax>845</xmax>
			<ymax>1486</ymax>
		</rectangle>
	</object>
	<object>
		<name>6</name>
		<pose>Unspecified</pose>
		<truncated>0</truncated>
		<difficult>0</difficult>
		<rectangle>
			<xmin>2140</xmin>
			<ymin>552</ymin>
			<xmax>2280</xmax>
			<ymax>846</ymax>
		</rectangle>
	</object>
	<object>
		<name>7</name>
		<pose>Unspecified</pose>
		<truncated>0</truncated>
		<difficult>0</difficult>
		<rectangle>
			<xmin>833</xmin>
			<ymin>433</ymin>
			<xmax>974</xmax>
			<ymax>827</ymax>
		</rectangle>
	</object>
</annotation>
