<annotation>
	<folder>V0-S_canteen_0-G_1_hor</folder>
	<filename>0179.jpg</filename>
	<source>
		<database>My Database</database>
		<annotation>VOC2007</annotation>
		<image>flickr</image>
		<flickrid>NULL</flickrid>
	</source>
	<owner>
		<flickrid>NULL</flickrid>
		<name>dcx</name>
	</owner>
	<size>
		<width>2704</width>
		<height>1520</height>
		<depth>3</depth>
	</size>
	<segmented>0</segmented>
	<object>
		<name>1</name>
		<pose>Unspecified</pose>
		<truncated>0</truncated>
		<difficult>0</difficult>
		<rectangle>
			<xmin>2021</xmin>
			<ymin>538</ymin>
			<xmax>2120</xmax>
			<ymax>766</ymax>
		</rectangle>
	</object>
	<object>
		<name>3</name>
		<pose>Unspecified</pose>
		<truncated>0</truncated>
		<difficult>0</difficult>
		<rectangle>
			<xmin>1418</xmin>
			<ymin>480</ymin>
			<xmax>1487</xmax>
			<ymax>713</ymax>
		</rectangle>
	</object>
	<object>
		<name>4</name>
		<pose>Unspecified</pose>
		<truncated>0</truncated>
		<difficult>0</difficult>
		<rectangle>
			<xmin>1464</xmin>
			<ymin>501</ymin>
			<xmax>1731</xmax>
			<ymax>1277</ymax>
		</rectangle>
	</object>
	<object>
		<name>5</name>
		<pose>Unspecified</pose>
		<truncated>0</truncated>
		<difficult>0</difficult>
		<rectangle>
			<xmin>491</xmin>
			<ymin>355</ymin>
			<xmax>885</xmax>
			<ymax>1486</ymax>
		</rectangle>
	</object>
	<object>
		<name>6</name>
		<pose>Unspecified</pose>
		<truncated>0</truncated>
		<difficult>0</difficult>
		<rectangle>
			<xmin>2138</xmin>
			<ymin>551</ymin>
			<xmax>2272</xmax>
			<ymax>848</ymax>
		</rectangle>
	</object>
	<object>
		<name>7</name>
		<pose>Unspecified</pose>
		<truncated>0</truncated>
		<difficult>0</difficult>
		<rectangle>
			<xmin>834</xmin>
			<ymin>434</ymin>
			<xmax>976</xmax>
			<ymax>827</ymax>
		</rectangle>
	</object>
</annotation>
