<annotation>
	<folder>V0-S_canteen_0-G_1_hor</folder>
	<filename>0180.jpg</filename>
	<source>
		<database>My Database</database>
		<annotation>VOC2007</annotation>
		<image>flickr</image>
		<flickrid>NULL</flickrid>
	</source>
	<owner>
		<flickrid>NULL</flickrid>
		<name>dcx</name>
	</owner>
	<size>
		<width>2704</width>
		<height>1520</height>
		<depth>3</depth>
	</size>
	<segmented>0</segmented>
	<object>
		<name>1</name>
		<pose>Unspecified</pose>
		<truncated>0</truncated>
		<difficult>0</difficult>
		<rectangle>
			<xmin>2021</xmin>
			<ymin>539</ymin>
			<xmax>2120</xmax>
			<ymax>767</ymax>
		</rectangle>
	</object>
	<object>
		<name>3</name>
		<pose>Unspecified</pose>
		<truncated>0</truncated>
		<difficult>0</difficult>
		<rectangle>
			<xmin>1424</xmin>
			<ymin>481</ymin>
			<xmax>1489</xmax>
			<ymax>714</ymax>
		</rectangle>
	</object>
	<object>
		<name>4</name>
		<pose>Unspecified</pose>
		<truncated>0</truncated>
		<difficult>0</difficult>
		<rectangle>
			<xmin>1450</xmin>
			<ymin>499</ymin>
			<xmax>1720</xmax>
			<ymax>1277</ymax>
		</rectangle>
	</object>
	<object>
		<name>5</name>
		<pose>Unspecified</pose>
		<truncated>0</truncated>
		<difficult>0</difficult>
		<rectangle>
			<xmin>506</xmin>
			<ymin>359</ymin>
			<xmax>926</xmax>
			<ymax>1485</ymax>
		</rectangle>
	</object>
	<object>
		<name>6</name>
		<pose>Unspecified</pose>
		<truncated>0</truncated>
		<difficult>0</difficult>
		<rectangle>
			<xmin>2137</xmin>
			<ymin>551</ymin>
			<xmax>2265</xmax>
			<ymax>849</ymax>
		</rectangle>
	</object>
	<object>
		<name>7</name>
		<pose>Unspecified</pose>
		<truncated>0</truncated>
		<difficult>0</difficult>
		<rectangle>
			<xmin>836</xmin>
			<ymin>436</ymin>
			<xmax>979</xmax>
			<ymax>826</ymax>
		</rectangle>
	</object>
</annotation>
