<annotation>
	<folder>V0-S_canteen_0-G_1_hor</folder>
	<filename>0181.jpg</filename>
	<source>
		<database>My Database</database>
		<annotation>VOC2007</annotation>
		<image>flickr</image>
		<flickrid>NULL</flickrid>
	</source>
	<owner>
		<flickrid>NULL</flickrid>
		<name>dcx</name>
	</owner>
	<size>
		<width>2704</width>
		<height>1520</height>
		<depth>3</depth>
	</size>
	<segmented>0</segmented>
	<object>
		<name>6</name>
		<pose>Unspecified</pose>
		<truncated>0</truncated>
		<difficult>0</difficult>
		<rectangle>
			<xmin>2136</xmin>
			<ymin>551</ymin>
			<xmax>2258</xmax>
			<ymax>851</ymax>
		</rectangle>
	</object>
	<object>
		<name>4</name>
		<pose>Unspecified</pose>
		<truncated>0</truncated>
		<difficult>0</difficult>
		<rectangle>
			<xmin>1436</xmin>
			<ymin>498</ymin>
			<xmax>1709</xmax>
			<ymax>1278</ymax>
		</rectangle>
	</object>
	<object>
		<name>7</name>
		<pose>Unspecified</pose>
		<truncated>0</truncated>
		<difficult>0</difficult>
		<rectangle>
			<xmin>837</xmin>
			<ymin>438</ymin>
			<xmax>981</xmax>
			<ymax>825</ymax>
		</rectangle>
	</object>
	<object>
		<name>3</name>
		<pose>Unspecified</pose>
		<truncated>0</truncated>
		<difficult>0</difficult>
		<rectangle>
			<xmin>1430</xmin>
			<ymin>482</ymin>
			<xmax>1491</xmax>
			<ymax>715</ymax>
		</rectangle>
	</object>
	<object>
		<name>5</name>
		<pose>Unspecified</pose>
		<truncated>0</truncated>
		<difficult>0</difficult>
		<rectangle>
			<xmin>521</xmin>
			<ymin>363</ymin>
			<xmax>966</xmax>
			<ymax>1485</ymax>
		</rectangle>
	</object>
	<object>
		<name>1</name>
		<pose>Unspecified</pose>
		<truncated>0</truncated>
		<difficult>0</difficult>
		<rectangle>
			<xmin>2022</xmin>
			<ymin>540</ymin>
			<xmax>2120</xmax>
			<ymax>767</ymax>
		</rectangle>
	</object>
</annotation>
