<annotation>
	<folder>V0-S_canteen_0-G_1_hor</folder>
	<filename>0182.jpg</filename>
	<source>
		<database>My Database</database>
		<annotation>VOC2007</annotation>
		<image>flickr</image>
		<flickrid>NULL</flickrid>
	</source>
	<owner>
		<flickrid>NULL</flickrid>
		<name>dcx</name>
	</owner>
	<size>
		<width>2704</width>
		<height>1520</height>
		<depth>3</depth>
	</size>
	<segmented>0</segmented>
	<object>
		<name>1</name>
		<pose>Unspecified</pose>
		<truncated>0</truncated>
		<difficult>0</difficult>
		<rectangle>
			<xmin>2020</xmin>
			<ymin>541</ymin>
			<xmax>2119</xmax>
			<ymax>768</ymax>
		</rectangle>
	</object>
	<object>
		<name>3</name>
		<pose>Unspecified</pose>
		<truncated>0</truncated>
		<difficult>0</difficult>
		<rectangle>
			<xmin>1430</xmin>
			<ymin>484</ymin>
			<xmax>1491</xmax>
			<ymax>716</ymax>
		</rectangle>
	</object>
	<object>
		<name>4</name>
		<pose>Unspecified</pose>
		<truncated>0</truncated>
		<difficult>0</difficult>
		<rectangle>
			<xmin>1402</xmin>
			<ymin>498</ymin>
			<xmax>1695</xmax>
			<ymax>1277</ymax>
		</rectangle>
	</object>
	<object>
		<name>5</name>
		<pose>Unspecified</pose>
		<truncated>0</truncated>
		<difficult>0</difficult>
		<rectangle>
			<xmin>521</xmin>
			<ymin>369</ymin>
			<xmax>977</xmax>
			<ymax>1489</ymax>
		</rectangle>
	</object>
	<object>
		<name>6</name>
		<pose>Unspecified</pose>
		<truncated>0</truncated>
		<difficult>0</difficult>
		<rectangle>
			<xmin>2125</xmin>
			<ymin>553</ymin>
			<xmax>2252</xmax>
			<ymax>851</ymax>
		</rectangle>
	</object>
	<object>
		<name>7</name>
		<pose>Unspecified</pose>
		<truncated>0</truncated>
		<difficult>0</difficult>
		<rectangle>
			<xmin>844</xmin>
			<ymin>438</ymin>
			<xmax>983</xmax>
			<ymax>822</ymax>
		</rectangle>
	</object>
</annotation>
