<annotation>
	<folder>V0-S_canteen_0-G_1_hor</folder>
	<filename>0183.jpg</filename>
	<source>
		<database>My Database</database>
		<annotation>VOC2007</annotation>
		<image>flickr</image>
		<flickrid>NULL</flickrid>
	</source>
	<owner>
		<flickrid>NULL</flickrid>
		<name>dcx</name>
	</owner>
	<size>
		<width>2704</width>
		<height>1520</height>
		<depth>3</depth>
	</size>
	<segmented>0</segmented>
	<object>
		<name>1</name>
		<pose>Unspecified</pose>
		<truncated>0</truncated>
		<difficult>0</difficult>
		<rectangle>
			<xmin>2019</xmin>
			<ymin>542</ymin>
			<xmax>2117</xmax>
			<ymax>769</ymax>
		</rectangle>
	</object>
	<object>
		<name>3</name>
		<pose>Unspecified</pose>
		<truncated>0</truncated>
		<difficult>0</difficult>
		<rectangle>
			<xmin>1430</xmin>
			<ymin>486</ymin>
			<xmax>1491</xmax>
			<ymax>716</ymax>
		</rectangle>
	</object>
	<object>
		<name>4</name>
		<pose>Unspecified</pose>
		<truncated>0</truncated>
		<difficult>0</difficult>
		<rectangle>
			<xmin>1367</xmin>
			<ymin>498</ymin>
			<xmax>1681</xmax>
			<ymax>1277</ymax>
		</rectangle>
	</object>
	<object>
		<name>5</name>
		<pose>Unspecified</pose>
		<truncated>0</truncated>
		<difficult>0</difficult>
		<rectangle>
			<xmin>521</xmin>
			<ymin>375</ymin>
			<xmax>988</xmax>
			<ymax>1493</ymax>
		</rectangle>
	</object>
	<object>
		<name>6</name>
		<pose>Unspecified</pose>
		<truncated>0</truncated>
		<difficult>0</difficult>
		<rectangle>
			<xmin>2114</xmin>
			<ymin>554</ymin>
			<xmax>2246</xmax>
			<ymax>851</ymax>
		</rectangle>
	</object>
	<object>
		<name>7</name>
		<pose>Unspecified</pose>
		<truncated>0</truncated>
		<difficult>0</difficult>
		<rectangle>
			<xmin>851</xmin>
			<ymin>438</ymin>
			<xmax>985</xmax>
			<ymax>819</ymax>
		</rectangle>
	</object>
</annotation>
