<annotation>
	<folder>V0-S_canteen_0-G_1_hor</folder>
	<filename>0184.jpg</filename>
	<source>
		<database>My Database</database>
		<annotation>VOC2007</annotation>
		<image>flickr</image>
		<flickrid>NULL</flickrid>
	</source>
	<owner>
		<flickrid>NULL</flickrid>
		<name>dcx</name>
	</owner>
	<size>
		<width>2704</width>
		<height>1520</height>
		<depth>3</depth>
	</size>
	<segmented>0</segmented>
	<object>
		<name>1</name>
		<pose>Unspecified</pose>
		<truncated>0</truncated>
		<difficult>0</difficult>
		<rectangle>
			<xmin>2017</xmin>
			<ymin>543</ymin>
			<xmax>2116</xmax>
			<ymax>771</ymax>
		</rectangle>
	</object>
	<object>
		<name>3</name>
		<pose>Unspecified</pose>
		<truncated>0</truncated>
		<difficult>0</difficult>
		<rectangle>
			<xmin>1431</xmin>
			<ymin>487</ymin>
			<xmax>1491</xmax>
			<ymax>717</ymax>
		</rectangle>
	</object>
	<object>
		<name>4</name>
		<pose>Unspecified</pose>
		<truncated>0</truncated>
		<difficult>0</difficult>
		<rectangle>
			<xmin>1333</xmin>
			<ymin>497</ymin>
			<xmax>1667</xmax>
			<ymax>1276</ymax>
		</rectangle>
	</object>
	<object>
		<name>5</name>
		<pose>Unspecified</pose>
		<truncated>0</truncated>
		<difficult>0</difficult>
		<rectangle>
			<xmin>520</xmin>
			<ymin>380</ymin>
			<xmax>998</xmax>
			<ymax>1497</ymax>
		</rectangle>
	</object>
	<object>
		<name>6</name>
		<pose>Unspecified</pose>
		<truncated>0</truncated>
		<difficult>0</difficult>
		<rectangle>
			<xmin>2102</xmin>
			<ymin>556</ymin>
			<xmax>2239</xmax>
			<ymax>850</ymax>
		</rectangle>
	</object>
	<object>
		<name>7</name>
		<pose>Unspecified</pose>
		<truncated>0</truncated>
		<difficult>0</difficult>
		<rectangle>
			<xmin>858</xmin>
			<ymin>437</ymin>
			<xmax>986</xmax>
			<ymax>816</ymax>
		</rectangle>
	</object>
</annotation>
