<annotation>
	<folder>V0-S_canteen_0-G_1_hor</folder>
	<filename>0185.jpg</filename>
	<source>
		<database>My Database</database>
		<annotation>VOC2007</annotation>
		<image>flickr</image>
		<flickrid>NULL</flickrid>
	</source>
	<owner>
		<flickrid>NULL</flickrid>
		<name>dcx</name>
	</owner>
	<size>
		<width>2704</width>
		<height>1520</height>
		<depth>3</depth>
	</size>
	<segmented>0</segmented>
	<object>
		<name>1</name>
		<pose>Unspecified</pose>
		<truncated>0</truncated>
		<difficult>0</difficult>
		<rectangle>
			<xmin>2016</xmin>
			<ymin>544</ymin>
			<xmax>2114</xmax>
			<ymax>772</ymax>
		</rectangle>
	</object>
	<object>
		<name>3</name>
		<pose>Unspecified</pose>
		<truncated>0</truncated>
		<difficult>0</difficult>
		<rectangle>
			<xmin>1431</xmin>
			<ymin>489</ymin>
			<xmax>1491</xmax>
			<ymax>717</ymax>
		</rectangle>
	</object>
	<object>
		<name>4</name>
		<pose>Unspecified</pose>
		<truncated>0</truncated>
		<difficult>0</difficult>
		<rectangle>
			<xmin>1298</xmin>
			<ymin>497</ymin>
			<xmax>1653</xmax>
			<ymax>1276</ymax>
		</rectangle>
	</object>
	<object>
		<name>5</name>
		<pose>Unspecified</pose>
		<truncated>0</truncated>
		<difficult>0</difficult>
		<rectangle>
			<xmin>520</xmin>
			<ymin>386</ymin>
			<xmax>1009</xmax>
			<ymax>1501</ymax>
		</rectangle>
	</object>
	<object>
		<name>6</name>
		<pose>Unspecified</pose>
		<truncated>0</truncated>
		<difficult>0</difficult>
		<rectangle>
			<xmin>2091</xmin>
			<ymin>557</ymin>
			<xmax>2233</xmax>
			<ymax>850</ymax>
		</rectangle>
	</object>
	<object>
		<name>7</name>
		<pose>Unspecified</pose>
		<truncated>0</truncated>
		<difficult>0</difficult>
		<rectangle>
			<xmin>865</xmin>
			<ymin>437</ymin>
			<xmax>988</xmax>
			<ymax>813</ymax>
		</rectangle>
	</object>
</annotation>
