<annotation>
	<folder>V0-S_canteen_0-G_1_hor</folder>
	<filename>0186.jpg</filename>
	<source>
		<database>My Database</database>
		<annotation>VOC2007</annotation>
		<image>flickr</image>
		<flickrid>NULL</flickrid>
	</source>
	<owner>
		<flickrid>NULL</flickrid>
		<name>dcx</name>
	</owner>
	<size>
		<width>2704</width>
		<height>1520</height>
		<depth>3</depth>
	</size>
	<segmented>0</segmented>
	<object>
		<name>6</name>
		<pose>Unspecified</pose>
		<truncated>0</truncated>
		<difficult>0</difficult>
		<rectangle>
			<xmin>2080</xmin>
			<ymin>559</ymin>
			<xmax>2227</xmax>
			<ymax>850</ymax>
		</rectangle>
	</object>
	<object>
		<name>4</name>
		<pose>Unspecified</pose>
		<truncated>0</truncated>
		<difficult>0</difficult>
		<rectangle>
			<xmin>1264</xmin>
			<ymin>497</ymin>
			<xmax>1639</xmax>
			<ymax>1275</ymax>
		</rectangle>
	</object>
	<object>
		<name>7</name>
		<pose>Unspecified</pose>
		<truncated>0</truncated>
		<difficult>0</difficult>
		<rectangle>
			<xmin>872</xmin>
			<ymin>437</ymin>
			<xmax>990</xmax>
			<ymax>810</ymax>
		</rectangle>
	</object>
	<object>
		<name>3</name>
		<pose>Unspecified</pose>
		<truncated>0</truncated>
		<difficult>0</difficult>
		<rectangle>
			<xmin>1431</xmin>
			<ymin>491</ymin>
			<xmax>1491</xmax>
			<ymax>718</ymax>
		</rectangle>
	</object>
	<object>
		<name>5</name>
		<pose>Unspecified</pose>
		<truncated>0</truncated>
		<difficult>0</difficult>
		<rectangle>
			<xmin>520</xmin>
			<ymin>392</ymin>
			<xmax>1020</xmax>
			<ymax>1505</ymax>
		</rectangle>
	</object>
	<object>
		<name>1</name>
		<pose>Unspecified</pose>
		<truncated>0</truncated>
		<difficult>0</difficult>
		<rectangle>
			<xmin>2014</xmin>
			<ymin>545</ymin>
			<xmax>2113</xmax>
			<ymax>773</ymax>
		</rectangle>
	</object>
</annotation>
