<annotation>
	<folder>V0-S_canteen_0-G_1_hor</folder>
	<filename>0187.jpg</filename>
	<source>
		<database>My Database</database>
		<annotation>VOC2007</annotation>
		<image>flickr</image>
		<flickrid>NULL</flickrid>
	</source>
	<owner>
		<flickrid>NULL</flickrid>
		<name>dcx</name>
	</owner>
	<size>
		<width>2704</width>
		<height>1520</height>
		<depth>3</depth>
	</size>
	<segmented>0</segmented>
	<object>
		<name>1</name>
		<pose>Unspecified</pose>
		<truncated>0</truncated>
		<difficult>0</difficult>
		<rectangle>
			<xmin>2013</xmin>
			<ymin>546</ymin>
			<xmax>2113</xmax>
			<ymax>774</ymax>
		</rectangle>
	</object>
	<object>
		<name>4</name>
		<pose>Unspecified</pose>
		<truncated>0</truncated>
		<difficult>0</difficult>
		<rectangle>
			<xmin>1258</xmin>
			<ymin>497</ymin>
			<xmax>1628</xmax>
			<ymax>1277</ymax>
		</rectangle>
	</object>
	<object>
		<name>5</name>
		<pose>Unspecified</pose>
		<truncated>0</truncated>
		<difficult>0</difficult>
		<rectangle>
			<xmin>543</xmin>
			<ymin>393</ymin>
			<xmax>1028</xmax>
			<ymax>1505</ymax>
		</rectangle>
	</object>
	<object>
		<name>6</name>
		<pose>Unspecified</pose>
		<truncated>0</truncated>
		<difficult>0</difficult>
		<rectangle>
			<xmin>2080</xmin>
			<ymin>559</ymin>
			<xmax>2222</xmax>
			<ymax>849</ymax>
		</rectangle>
	</object>
</annotation>
