<annotation>
	<folder>V0-S_canteen_0-G_1_hor</folder>
	<filename>0188.jpg</filename>
	<source>
		<database>My Database</database>
		<annotation>VOC2007</annotation>
		<image>flickr</image>
		<flickrid>NULL</flickrid>
	</source>
	<owner>
		<flickrid>NULL</flickrid>
		<name>dcx</name>
	</owner>
	<size>
		<width>2704</width>
		<height>1520</height>
		<depth>3</depth>
	</size>
	<segmented>0</segmented>
	<object>
		<name>1</name>
		<pose>Unspecified</pose>
		<truncated>0</truncated>
		<difficult>0</difficult>
		<rectangle>
			<xmin>2012</xmin>
			<ymin>547</ymin>
			<xmax>2112</xmax>
			<ymax>774</ymax>
		</rectangle>
	</object>
	<object>
		<name>4</name>
		<pose>Unspecified</pose>
		<truncated>0</truncated>
		<difficult>0</difficult>
		<rectangle>
			<xmin>1252</xmin>
			<ymin>497</ymin>
			<xmax>1617</xmax>
			<ymax>1278</ymax>
		</rectangle>
	</object>
	<object>
		<name>5</name>
		<pose>Unspecified</pose>
		<truncated>0</truncated>
		<difficult>0</difficult>
		<rectangle>
			<xmin>566</xmin>
			<ymin>394</ymin>
			<xmax>1036</xmax>
			<ymax>1505</ymax>
		</rectangle>
	</object>
	<object>
		<name>6</name>
		<pose>Unspecified</pose>
		<truncated>0</truncated>
		<difficult>0</difficult>
		<rectangle>
			<xmin>2079</xmin>
			<ymin>560</ymin>
			<xmax>2217</xmax>
			<ymax>848</ymax>
		</rectangle>
	</object>
</annotation>
