<annotation>
	<folder>V0-S_canteen_0-G_1_hor</folder>
	<filename>0189.jpg</filename>
	<source>
		<database>My Database</database>
		<annotation>VOC2007</annotation>
		<image>flickr</image>
		<flickrid>NULL</flickrid>
	</source>
	<owner>
		<flickrid>NULL</flickrid>
		<name>dcx</name>
	</owner>
	<size>
		<width>2704</width>
		<height>1520</height>
		<depth>3</depth>
	</size>
	<segmented>0</segmented>
	<object>
		<name>1</name>
		<pose>Unspecified</pose>
		<truncated>0</truncated>
		<difficult>0</difficult>
		<rectangle>
			<xmin>2012</xmin>
			<ymin>547</ymin>
			<xmax>2112</xmax>
			<ymax>775</ymax>
		</rectangle>
	</object>
	<object>
		<name>4</name>
		<pose>Unspecified</pose>
		<truncated>0</truncated>
		<difficult>0</difficult>
		<rectangle>
			<xmin>1246</xmin>
			<ymin>498</ymin>
			<xmax>1606</xmax>
			<ymax>1280</ymax>
		</rectangle>
	</object>
	<object>
		<name>5</name>
		<pose>Unspecified</pose>
		<truncated>0</truncated>
		<difficult>0</difficult>
		<rectangle>
			<xmin>588</xmin>
			<ymin>394</ymin>
			<xmax>1043</xmax>
			<ymax>1505</ymax>
		</rectangle>
	</object>
	<object>
		<name>6</name>
		<pose>Unspecified</pose>
		<truncated>0</truncated>
		<difficult>0</difficult>
		<rectangle>
			<xmin>2079</xmin>
			<ymin>560</ymin>
			<xmax>2212</xmax>
			<ymax>847</ymax>
		</rectangle>
	</object>
</annotation>
