<annotation>
	<folder>V0-S_canteen_0-G_1_hor</folder>
	<filename>0191.jpg</filename>
	<source>
		<database>My Database</database>
		<annotation>VOC2007</annotation>
		<image>flickr</image>
		<flickrid>NULL</flickrid>
	</source>
	<owner>
		<flickrid>NULL</flickrid>
		<name>dcx</name>
	</owner>
	<size>
		<width>2704</width>
		<height>1520</height>
		<depth>3</depth>
	</size>
	<segmented>0</segmented>
	<object>
		<name>6</name>
		<pose>Unspecified</pose>
		<truncated>0</truncated>
		<difficult>0</difficult>
		<rectangle>
			<xmin>2078</xmin>
			<ymin>561</ymin>
			<xmax>2202</xmax>
			<ymax>845</ymax>
		</rectangle>
	</object>
	<object>
		<name>4</name>
		<pose>Unspecified</pose>
		<truncated>0</truncated>
		<difficult>0</difficult>
		<rectangle>
			<xmin>1234</xmin>
			<ymin>498</ymin>
			<xmax>1584</xmax>
			<ymax>1283</ymax>
		</rectangle>
	</object>
	<object>
		<name>5</name>
		<pose>Unspecified</pose>
		<truncated>0</truncated>
		<difficult>0</difficult>
		<rectangle>
			<xmin>634</xmin>
			<ymin>396</ymin>
			<xmax>1059</xmax>
			<ymax>1505</ymax>
		</rectangle>
	</object>
	<object>
		<name>1</name>
		<pose>Unspecified</pose>
		<truncated>0</truncated>
		<difficult>0</difficult>
		<rectangle>
			<xmin>2010</xmin>
			<ymin>549</ymin>
			<xmax>2111</xmax>
			<ymax>776</ymax>
		</rectangle>
	</object>
</annotation>
