<annotation>
	<folder>V0-S_canteen_0-G_1_hor</folder>
	<filename>0192.jpg</filename>
	<source>
		<database>My Database</database>
		<annotation>VOC2007</annotation>
		<image>flickr</image>
		<flickrid>NULL</flickrid>
	</source>
	<owner>
		<flickrid>NULL</flickrid>
		<name>dcx</name>
	</owner>
	<size>
		<width>2704</width>
		<height>1520</height>
		<depth>3</depth>
	</size>
	<segmented>0</segmented>
	<object>
		<name>1</name>
		<pose>Unspecified</pose>
		<truncated>0</truncated>
		<difficult>0</difficult>
		<rectangle>
			<xmin>2011</xmin>
			<ymin>549</ymin>
			<xmax>2112</xmax>
			<ymax>776</ymax>
		</rectangle>
	</object>
	<object>
		<name>4</name>
		<pose>Unspecified</pose>
		<truncated>0</truncated>
		<difficult>0</difficult>
		<rectangle>
			<xmin>1233</xmin>
			<ymin>496</ymin>
			<xmax>1568</xmax>
			<ymax>1281</ymax>
		</rectangle>
	</object>
	<object>
		<name>5</name>
		<pose>Unspecified</pose>
		<truncated>0</truncated>
		<difficult>0</difficult>
		<rectangle>
			<xmin>675</xmin>
			<ymin>397</ymin>
			<xmax>1081</xmax>
			<ymax>1505</ymax>
		</rectangle>
	</object>
	<object>
		<name>6</name>
		<pose>Unspecified</pose>
		<truncated>0</truncated>
		<difficult>0</difficult>
		<rectangle>
			<xmin>2075</xmin>
			<ymin>561</ymin>
			<xmax>2196</xmax>
			<ymax>843</ymax>
		</rectangle>
	</object>
</annotation>
