<annotation>
	<folder>V0-S_canteen_0-G_1_hor</folder>
	<filename>0195.jpg</filename>
	<source>
		<database>My Database</database>
		<annotation>VOC2007</annotation>
		<image>flickr</image>
		<flickrid>NULL</flickrid>
	</source>
	<owner>
		<flickrid>NULL</flickrid>
		<name>dcx</name>
	</owner>
	<size>
		<width>2704</width>
		<height>1520</height>
		<depth>3</depth>
	</size>
	<segmented>0</segmented>
	<object>
		<name>1</name>
		<pose>Unspecified</pose>
		<truncated>0</truncated>
		<difficult>0</difficult>
		<rectangle>
			<xmin>2013</xmin>
			<ymin>550</ymin>
			<xmax>2115</xmax>
			<ymax>776</ymax>
		</rectangle>
	</object>
	<object>
		<name>4</name>
		<pose>Unspecified</pose>
		<truncated>0</truncated>
		<difficult>0</difficult>
		<rectangle>
			<xmin>1232</xmin>
			<ymin>489</ymin>
			<xmax>1519</xmax>
			<ymax>1273</ymax>
		</rectangle>
	</object>
	<object>
		<name>5</name>
		<pose>Unspecified</pose>
		<truncated>0</truncated>
		<difficult>0</difficult>
		<rectangle>
			<xmin>799</xmin>
			<ymin>400</ymin>
			<xmax>1148</xmax>
			<ymax>1507</ymax>
		</rectangle>
	</object>
	<object>
		<name>6</name>
		<pose>Unspecified</pose>
		<truncated>0</truncated>
		<difficult>0</difficult>
		<rectangle>
			<xmin>2068</xmin>
			<ymin>559</ymin>
			<xmax>2179</xmax>
			<ymax>839</ymax>
		</rectangle>
	</object>
</annotation>
