<annotation>
	<folder>V0-S_canteen_0-G_1_hor</folder>
	<filename>0196.jpg</filename>
	<source>
		<database>My Database</database>
		<annotation>VOC2007</annotation>
		<image>flickr</image>
		<flickrid>NULL</flickrid>
	</source>
	<owner>
		<flickrid>NULL</flickrid>
		<name>dcx</name>
	</owner>
	<size>
		<width>2704</width>
		<height>1520</height>
		<depth>3</depth>
	</size>
	<segmented>0</segmented>
	<object>
		<name>6</name>
		<pose>Unspecified</pose>
		<truncated>0</truncated>
		<difficult>0</difficult>
		<rectangle>
			<xmin>2065</xmin>
			<ymin>559</ymin>
			<xmax>2173</xmax>
			<ymax>837</ymax>
		</rectangle>
	</object>
	<object>
		<name>4</name>
		<pose>Unspecified</pose>
		<truncated>0</truncated>
		<difficult>0</difficult>
		<rectangle>
			<xmin>1231</xmin>
			<ymin>487</ymin>
			<xmax>1503</xmax>
			<ymax>1271</ymax>
		</rectangle>
	</object>
	<object>
		<name>3</name>
		<pose>Unspecified</pose>
		<truncated>0</truncated>
		<difficult>0</difficult>
		<rectangle>
			<xmin>1458</xmin>
			<ymin>493</ymin>
			<xmax>1530</xmax>
			<ymax>737</ymax>
		</rectangle>
	</object>
	<object>
		<name>5</name>
		<pose>Unspecified</pose>
		<truncated>0</truncated>
		<difficult>0</difficult>
		<rectangle>
			<xmin>840</xmin>
			<ymin>401</ymin>
			<xmax>1170</xmax>
			<ymax>1507</ymax>
		</rectangle>
	</object>
	<object>
		<name>1</name>
		<pose>Unspecified</pose>
		<truncated>0</truncated>
		<difficult>0</difficult>
		<rectangle>
			<xmin>2014</xmin>
			<ymin>550</ymin>
			<xmax>2116</xmax>
			<ymax>776</ymax>
		</rectangle>
	</object>
</annotation>
