<annotation>
	<folder>V0-S_canteen_0-G_1_hor</folder>
	<filename>0199.jpg</filename>
	<source>
		<database>My Database</database>
		<annotation>VOC2007</annotation>
		<image>flickr</image>
		<flickrid>NULL</flickrid>
	</source>
	<owner>
		<flickrid>NULL</flickrid>
		<name>dcx</name>
	</owner>
	<size>
		<width>2704</width>
		<height>1520</height>
		<depth>3</depth>
	</size>
	<segmented>0</segmented>
	<object>
		<name>1</name>
		<pose>Unspecified</pose>
		<truncated>0</truncated>
		<difficult>0</difficult>
		<rectangle>
			<xmin>2016</xmin>
			<ymin>550</ymin>
			<xmax>2110</xmax>
			<ymax>776</ymax>
		</rectangle>
	</object>
	<object>
		<name>3</name>
		<pose>Unspecified</pose>
		<truncated>0</truncated>
		<difficult>0</difficult>
		<rectangle>
			<xmin>1461</xmin>
			<ymin>495</ymin>
			<xmax>1540</xmax>
			<ymax>738</ymax>
		</rectangle>
	</object>
	<object>
		<name>4</name>
		<pose>Unspecified</pose>
		<truncated>0</truncated>
		<difficult>0</difficult>
		<rectangle>
			<xmin>1223</xmin>
			<ymin>486</ymin>
			<xmax>1468</xmax>
			<ymax>1291</ymax>
		</rectangle>
	</object>
	<object>
		<name>5</name>
		<pose>Unspecified</pose>
		<truncated>0</truncated>
		<difficult>0</difficult>
		<rectangle>
			<xmin>845</xmin>
			<ymin>418</ymin>
			<xmax>1234</xmax>
			<ymax>1506</ymax>
		</rectangle>
	</object>
	<object>
		<name>6</name>
		<pose>Unspecified</pose>
		<truncated>0</truncated>
		<difficult>0</difficult>
		<rectangle>
			<xmin>2062</xmin>
			<ymin>559</ymin>
			<xmax>2163</xmax>
			<ymax>837</ymax>
		</rectangle>
	</object>
</annotation>
