<annotation>
	<folder>V0-S_canteen_0-G_1_hor</folder>
	<filename>0201.jpg</filename>
	<source>
		<database>My Database</database>
		<annotation>VOC2007</annotation>
		<image>flickr</image>
		<flickrid>NULL</flickrid>
	</source>
	<owner>
		<flickrid>NULL</flickrid>
		<name>dcx</name>
	</owner>
	<size>
		<width>2704</width>
		<height>1520</height>
		<depth>3</depth>
	</size>
	<segmented>0</segmented>
	<object>
		<name>6</name>
		<pose>Unspecified</pose>
		<truncated>0</truncated>
		<difficult>0</difficult>
		<rectangle>
			<xmin>2060</xmin>
			<ymin>559</ymin>
			<xmax>2156</xmax>
			<ymax>837</ymax>
		</rectangle>
	</object>
	<object>
		<name>4</name>
		<pose>Unspecified</pose>
		<truncated>0</truncated>
		<difficult>0</difficult>
		<rectangle>
			<xmin>1218</xmin>
			<ymin>485</ymin>
			<xmax>1445</xmax>
			<ymax>1305</ymax>
		</rectangle>
	</object>
	<object>
		<name>7</name>
		<pose>Unspecified</pose>
		<truncated>0</truncated>
		<difficult>0</difficult>
		<rectangle>
			<xmin>911</xmin>
			<ymin>453</ymin>
			<xmax>1030</xmax>
			<ymax>810</ymax>
		</rectangle>
	</object>
	<object>
		<name>3</name>
		<pose>Unspecified</pose>
		<truncated>0</truncated>
		<difficult>0</difficult>
		<rectangle>
			<xmin>1463</xmin>
			<ymin>496</ymin>
			<xmax>1547</xmax>
			<ymax>738</ymax>
		</rectangle>
	</object>
	<object>
		<name>5</name>
		<pose>Unspecified</pose>
		<truncated>0</truncated>
		<difficult>0</difficult>
		<rectangle>
			<xmin>848</xmin>
			<ymin>430</ymin>
			<xmax>1276</xmax>
			<ymax>1505</ymax>
		</rectangle>
	</object>
	<object>
		<name>1</name>
		<pose>Unspecified</pose>
		<truncated>0</truncated>
		<difficult>0</difficult>
		<rectangle>
			<xmin>2018</xmin>
			<ymin>550</ymin>
			<xmax>2106</xmax>
			<ymax>776</ymax>
		</rectangle>
	</object>
</annotation>
