<annotation>
	<folder>V0-S_canteen_0-G_1_hor</folder>
	<filename>0205.jpg</filename>
	<source>
		<database>My Database</database>
		<annotation>VOC2007</annotation>
		<image>flickr</image>
		<flickrid>NULL</flickrid>
	</source>
	<owner>
		<flickrid>NULL</flickrid>
		<name>dcx</name>
	</owner>
	<size>
		<width>2704</width>
		<height>1520</height>
		<depth>3</depth>
	</size>
	<segmented>0</segmented>
	<object>
		<name>3</name>
		<pose>Unspecified</pose>
		<truncated>0</truncated>
		<difficult>0</difficult>
		<rectangle>
			<xmin>1467</xmin>
			<ymin>496</ymin>
			<xmax>1555</xmax>
			<ymax>745</ymax>
		</rectangle>
	</object>
	<object>
		<name>5</name>
		<pose>Unspecified</pose>
		<truncated>0</truncated>
		<difficult>0</difficult>
		<rectangle>
			<xmin>893</xmin>
			<ymin>440</ymin>
			<xmax>1380</xmax>
			<ymax>1507</ymax>
		</rectangle>
	</object>
	<object>
		<name>6</name>
		<pose>Unspecified</pose>
		<truncated>0</truncated>
		<difficult>0</difficult>
		<rectangle>
			<xmin>2011</xmin>
			<ymin>561</ymin>
			<xmax>2162</xmax>
			<ymax>837</ymax>
		</rectangle>
	</object>
	<object>
		<name>7</name>
		<pose>Unspecified</pose>
		<truncated>0</truncated>
		<difficult>0</difficult>
		<rectangle>
			<xmin>935</xmin>
			<ymin>453</ymin>
			<xmax>1039</xmax>
			<ymax>798</ymax>
		</rectangle>
	</object>
</annotation>
