<annotation>
	<folder>V0-S_canteen_0-G_1_hor</folder>
	<filename>0206.jpg</filename>
	<source>
		<database>My Database</database>
		<annotation>VOC2007</annotation>
		<image>flickr</image>
		<flickrid>NULL</flickrid>
	</source>
	<owner>
		<flickrid>NULL</flickrid>
		<name>dcx</name>
	</owner>
	<size>
		<width>2704</width>
		<height>1520</height>
		<depth>3</depth>
	</size>
	<segmented>0</segmented>
	<object>
		<name>6</name>
		<pose>Unspecified</pose>
		<truncated>0</truncated>
		<difficult>0</difficult>
		<rectangle>
			<xmin>1999</xmin>
			<ymin>561</ymin>
			<xmax>2163</xmax>
			<ymax>837</ymax>
		</rectangle>
	</object>
	<object>
		<name>7</name>
		<pose>Unspecified</pose>
		<truncated>0</truncated>
		<difficult>0</difficult>
		<rectangle>
			<xmin>941</xmin>
			<ymin>453</ymin>
			<xmax>1041</xmax>
			<ymax>795</ymax>
		</rectangle>
	</object>
	<object>
		<name>3</name>
		<pose>Unspecified</pose>
		<truncated>0</truncated>
		<difficult>0</difficult>
		<rectangle>
			<xmin>1468</xmin>
			<ymin>496</ymin>
			<xmax>1557</xmax>
			<ymax>747</ymax>
		</rectangle>
	</object>
	<object>
		<name>5</name>
		<pose>Unspecified</pose>
		<truncated>0</truncated>
		<difficult>0</difficult>
		<rectangle>
			<xmin>904</xmin>
			<ymin>442</ymin>
			<xmax>1406</xmax>
			<ymax>1507</ymax>
		</rectangle>
	</object>
</annotation>
