<annotation>
	<folder>V0-S_canteen_0-G_1_hor</folder>
	<filename>0212.jpg</filename>
	<source>
		<database>My Database</database>
		<annotation>VOC2007</annotation>
		<image>flickr</image>
		<flickrid>NULL</flickrid>
	</source>
	<owner>
		<flickrid>NULL</flickrid>
		<name>dcx</name>
	</owner>
	<size>
		<width>2704</width>
		<height>1520</height>
		<depth>3</depth>
	</size>
	<segmented>0</segmented>
	<object>
		<name>4</name>
		<pose>Unspecified</pose>
		<truncated>0</truncated>
		<difficult>0</difficult>
		<rectangle>
			<xmin>1009</xmin>
			<ymin>477</ymin>
			<xmax>1292</xmax>
			<ymax>1299</ymax>
		</rectangle>
	</object>
	<object>
		<name>5</name>
		<pose>Unspecified</pose>
		<truncated>0</truncated>
		<difficult>0</difficult>
		<rectangle>
			<xmin>1122</xmin>
			<ymin>447</ymin>
			<xmax>1530</xmax>
			<ymax>1504</ymax>
		</rectangle>
	</object>
	<object>
		<name>6</name>
		<pose>Unspecified</pose>
		<truncated>0</truncated>
		<difficult>0</difficult>
		<rectangle>
			<xmin>1981</xmin>
			<ymin>559</ymin>
			<xmax>2127</xmax>
			<ymax>834</ymax>
		</rectangle>
	</object>
	<object>
		<name>7</name>
		<pose>Unspecified</pose>
		<truncated>0</truncated>
		<difficult>0</difficult>
		<rectangle>
			<xmin>951</xmin>
			<ymin>458</ymin>
			<xmax>1063</xmax>
			<ymax>791</ymax>
		</rectangle>
	</object>
</annotation>
