<annotation>
	<folder>V0-S_canteen_0-G_1_hor</folder>
	<filename>0213.jpg</filename>
	<source>
		<database>My Database</database>
		<annotation>VOC2007</annotation>
		<image>flickr</image>
		<flickrid>NULL</flickrid>
	</source>
	<owner>
		<flickrid>NULL</flickrid>
		<name>dcx</name>
	</owner>
	<size>
		<width>2704</width>
		<height>1520</height>
		<depth>3</depth>
	</size>
	<segmented>0</segmented>
	<object>
		<name>4</name>
		<pose>Unspecified</pose>
		<truncated>0</truncated>
		<difficult>0</difficult>
		<rectangle>
			<xmin>1006</xmin>
			<ymin>476</ymin>
			<xmax>1281</xmax>
			<ymax>1302</ymax>
		</rectangle>
	</object>
	<object>
		<name>5</name>
		<pose>Unspecified</pose>
		<truncated>0</truncated>
		<difficult>0</difficult>
		<rectangle>
			<xmin>1151</xmin>
			<ymin>450</ymin>
			<xmax>1550</xmax>
			<ymax>1504</ymax>
		</rectangle>
	</object>
	<object>
		<name>6</name>
		<pose>Unspecified</pose>
		<truncated>0</truncated>
		<difficult>0</difficult>
		<rectangle>
			<xmin>1979</xmin>
			<ymin>560</ymin>
			<xmax>2115</xmax>
			<ymax>831</ymax>
		</rectangle>
	</object>
	<object>
		<name>7</name>
		<pose>Unspecified</pose>
		<truncated>0</truncated>
		<difficult>0</difficult>
		<rectangle>
			<xmin>952</xmin>
			<ymin>460</ymin>
			<xmax>1069</xmax>
			<ymax>790</ymax>
		</rectangle>
	</object>
</annotation>
