<annotation>
	<folder>V0-S_canteen_0-G_1_hor</folder>
	<filename>0214.jpg</filename>
	<source>
		<database>My Database</database>
		<annotation>VOC2007</annotation>
		<image>flickr</image>
		<flickrid>NULL</flickrid>
	</source>
	<owner>
		<flickrid>NULL</flickrid>
		<name>dcx</name>
	</owner>
	<size>
		<width>2704</width>
		<height>1520</height>
		<depth>3</depth>
	</size>
	<segmented>0</segmented>
	<object>
		<name>4</name>
		<pose>Unspecified</pose>
		<truncated>0</truncated>
		<difficult>0</difficult>
		<rectangle>
			<xmin>1002</xmin>
			<ymin>476</ymin>
			<xmax>1269</xmax>
			<ymax>1306</ymax>
		</rectangle>
	</object>
	<object>
		<name>5</name>
		<pose>Unspecified</pose>
		<truncated>0</truncated>
		<difficult>0</difficult>
		<rectangle>
			<xmin>1180</xmin>
			<ymin>454</ymin>
			<xmax>1569</xmax>
			<ymax>1503</ymax>
		</rectangle>
	</object>
	<object>
		<name>6</name>
		<pose>Unspecified</pose>
		<truncated>0</truncated>
		<difficult>0</difficult>
		<rectangle>
			<xmin>1978</xmin>
			<ymin>560</ymin>
			<xmax>2103</xmax>
			<ymax>829</ymax>
		</rectangle>
	</object>
	<object>
		<name>7</name>
		<pose>Unspecified</pose>
		<truncated>0</truncated>
		<difficult>0</difficult>
		<rectangle>
			<xmin>952</xmin>
			<ymin>462</ymin>
			<xmax>1076</xmax>
			<ymax>790</ymax>
		</rectangle>
	</object>
</annotation>
