<annotation>
	<folder>V0-S_canteen_0-G_1_hor</folder>
	<filename>0215.jpg</filename>
	<source>
		<database>My Database</database>
		<annotation>VOC2007</annotation>
		<image>flickr</image>
		<flickrid>NULL</flickrid>
	</source>
	<owner>
		<flickrid>NULL</flickrid>
		<name>dcx</name>
	</owner>
	<size>
		<width>2704</width>
		<height>1520</height>
		<depth>3</depth>
	</size>
	<segmented>0</segmented>
	<object>
		<name>4</name>
		<pose>Unspecified</pose>
		<truncated>0</truncated>
		<difficult>0</difficult>
		<rectangle>
			<xmin>999</xmin>
			<ymin>475</ymin>
			<xmax>1258</xmax>
			<ymax>1309</ymax>
		</rectangle>
	</object>
	<object>
		<name>5</name>
		<pose>Unspecified</pose>
		<truncated>0</truncated>
		<difficult>0</difficult>
		<rectangle>
			<xmin>1209</xmin>
			<ymin>457</ymin>
			<xmax>1589</xmax>
			<ymax>1503</ymax>
		</rectangle>
	</object>
	<object>
		<name>6</name>
		<pose>Unspecified</pose>
		<truncated>0</truncated>
		<difficult>0</difficult>
		<rectangle>
			<xmin>1976</xmin>
			<ymin>561</ymin>
			<xmax>2091</xmax>
			<ymax>826</ymax>
		</rectangle>
	</object>
	<object>
		<name>7</name>
		<pose>Unspecified</pose>
		<truncated>0</truncated>
		<difficult>0</difficult>
		<rectangle>
			<xmin>953</xmin>
			<ymin>464</ymin>
			<xmax>1082</xmax>
			<ymax>789</ymax>
		</rectangle>
	</object>
</annotation>
