<annotation>
	<folder>V0-S_canteen_0-G_1_hor</folder>
	<filename>0216.jpg</filename>
	<source>
		<database>My Database</database>
		<annotation>VOC2007</annotation>
		<image>flickr</image>
		<flickrid>NULL</flickrid>
	</source>
	<owner>
		<flickrid>NULL</flickrid>
		<name>dcx</name>
	</owner>
	<size>
		<width>2704</width>
		<height>1520</height>
		<depth>3</depth>
	</size>
	<segmented>0</segmented>
	<object>
		<name>6</name>
		<pose>Unspecified</pose>
		<truncated>0</truncated>
		<difficult>0</difficult>
		<rectangle>
			<xmin>1974</xmin>
			<ymin>561</ymin>
			<xmax>2079</xmax>
			<ymax>823</ymax>
		</rectangle>
	</object>
	<object>
		<name>4</name>
		<pose>Unspecified</pose>
		<truncated>0</truncated>
		<difficult>0</difficult>
		<rectangle>
			<xmin>996</xmin>
			<ymin>475</ymin>
			<xmax>1247</xmax>
			<ymax>1312</ymax>
		</rectangle>
	</object>
	<object>
		<name>7</name>
		<pose>Unspecified</pose>
		<truncated>0</truncated>
		<difficult>0</difficult>
		<rectangle>
			<xmin>953</xmin>
			<ymin>466</ymin>
			<xmax>1088</xmax>
			<ymax>789</ymax>
		</rectangle>
	</object>
	<object>
		<name>5</name>
		<pose>Unspecified</pose>
		<truncated>0</truncated>
		<difficult>0</difficult>
		<rectangle>
			<xmin>1238</xmin>
			<ymin>460</ymin>
			<xmax>1608</xmax>
			<ymax>1502</ymax>
		</rectangle>
	</object>
	<object>
		<name>1</name>
		<pose>Unspecified</pose>
		<truncated>0</truncated>
		<difficult>0</difficult>
		<rectangle>
			<xmin>2042</xmin>
			<ymin>560</ymin>
			<xmax>2123</xmax>
			<ymax>789</ymax>
		</rectangle>
	</object>
</annotation>
