<annotation>
	<folder>V0-S_canteen_0-G_1_hor</folder>
	<filename>0217.jpg</filename>
	<source>
		<database>My Database</database>
		<annotation>VOC2007</annotation>
		<image>flickr</image>
		<flickrid>NULL</flickrid>
	</source>
	<owner>
		<flickrid>NULL</flickrid>
		<name>dcx</name>
	</owner>
	<size>
		<width>2704</width>
		<height>1520</height>
		<depth>3</depth>
	</size>
	<segmented>0</segmented>
	<object>
		<name>1</name>
		<pose>Unspecified</pose>
		<truncated>0</truncated>
		<difficult>0</difficult>
		<rectangle>
			<xmin>2040</xmin>
			<ymin>560</ymin>
			<xmax>2125</xmax>
			<ymax>790</ymax>
		</rectangle>
	</object>
	<object>
		<name>4</name>
		<pose>Unspecified</pose>
		<truncated>0</truncated>
		<difficult>0</difficult>
		<rectangle>
			<xmin>982</xmin>
			<ymin>472</ymin>
			<xmax>1231</xmax>
			<ymax>1312</ymax>
		</rectangle>
	</object>
	<object>
		<name>5</name>
		<pose>Unspecified</pose>
		<truncated>0</truncated>
		<difficult>0</difficult>
		<rectangle>
			<xmin>1238</xmin>
			<ymin>465</ymin>
			<xmax>1623</xmax>
			<ymax>1503</ymax>
		</rectangle>
	</object>
	<object>
		<name>6</name>
		<pose>Unspecified</pose>
		<truncated>0</truncated>
		<difficult>0</difficult>
		<rectangle>
			<xmin>1969</xmin>
			<ymin>561</ymin>
			<xmax>2078</xmax>
			<ymax>823</ymax>
		</rectangle>
	</object>
</annotation>
