<annotation>
	<folder>V0-S_canteen_0-G_1_hor</folder>
	<filename>0218.jpg</filename>
	<source>
		<database>My Database</database>
		<annotation>VOC2007</annotation>
		<image>flickr</image>
		<flickrid>NULL</flickrid>
	</source>
	<owner>
		<flickrid>NULL</flickrid>
		<name>dcx</name>
	</owner>
	<size>
		<width>2704</width>
		<height>1520</height>
		<depth>3</depth>
	</size>
	<segmented>0</segmented>
	<object>
		<name>1</name>
		<pose>Unspecified</pose>
		<truncated>0</truncated>
		<difficult>0</difficult>
		<rectangle>
			<xmin>2039</xmin>
			<ymin>561</ymin>
			<xmax>2127</xmax>
			<ymax>790</ymax>
		</rectangle>
	</object>
	<object>
		<name>4</name>
		<pose>Unspecified</pose>
		<truncated>0</truncated>
		<difficult>0</difficult>
		<rectangle>
			<xmin>968</xmin>
			<ymin>469</ymin>
			<xmax>1216</xmax>
			<ymax>1312</ymax>
		</rectangle>
	</object>
	<object>
		<name>5</name>
		<pose>Unspecified</pose>
		<truncated>0</truncated>
		<difficult>0</difficult>
		<rectangle>
			<xmin>1239</xmin>
			<ymin>471</ymin>
			<xmax>1638</xmax>
			<ymax>1504</ymax>
		</rectangle>
	</object>
	<object>
		<name>6</name>
		<pose>Unspecified</pose>
		<truncated>0</truncated>
		<difficult>0</difficult>
		<rectangle>
			<xmin>1964</xmin>
			<ymin>561</ymin>
			<xmax>2078</xmax>
			<ymax>823</ymax>
		</rectangle>
	</object>
</annotation>
