<annotation>
	<folder>V0-S_canteen_0-G_1_hor</folder>
	<filename>0220.jpg</filename>
	<source>
		<database>My Database</database>
		<annotation>VOC2007</annotation>
		<image>flickr</image>
		<flickrid>NULL</flickrid>
	</source>
	<owner>
		<flickrid>NULL</flickrid>
		<name>dcx</name>
	</owner>
	<size>
		<width>2704</width>
		<height>1520</height>
		<depth>3</depth>
	</size>
	<segmented>0</segmented>
	<object>
		<name>1</name>
		<pose>Unspecified</pose>
		<truncated>0</truncated>
		<difficult>0</difficult>
		<rectangle>
			<xmin>2036</xmin>
			<ymin>562</ymin>
			<xmax>2131</xmax>
			<ymax>791</ymax>
		</rectangle>
	</object>
	<object>
		<name>4</name>
		<pose>Unspecified</pose>
		<truncated>0</truncated>
		<difficult>0</difficult>
		<rectangle>
			<xmin>940</xmin>
			<ymin>464</ymin>
			<xmax>1185</xmax>
			<ymax>1312</ymax>
		</rectangle>
	</object>
	<object>
		<name>5</name>
		<pose>Unspecified</pose>
		<truncated>0</truncated>
		<difficult>0</difficult>
		<rectangle>
			<xmin>1240</xmin>
			<ymin>482</ymin>
			<xmax>1669</xmax>
			<ymax>1506</ymax>
		</rectangle>
	</object>
	<object>
		<name>6</name>
		<pose>Unspecified</pose>
		<truncated>0</truncated>
		<difficult>0</difficult>
		<rectangle>
			<xmin>1955</xmin>
			<ymin>561</ymin>
			<xmax>2077</xmax>
			<ymax>824</ymax>
		</rectangle>
	</object>
</annotation>
