<annotation>
	<folder>V0-S_canteen_0-G_1_hor</folder>
	<filename>0221.jpg</filename>
	<source>
		<database>My Database</database>
		<annotation>VOC2007</annotation>
		<image>flickr</image>
		<flickrid>NULL</flickrid>
	</source>
	<owner>
		<flickrid>NULL</flickrid>
		<name>dcx</name>
	</owner>
	<size>
		<width>2704</width>
		<height>1520</height>
		<depth>3</depth>
	</size>
	<segmented>0</segmented>
	<object>
		<name>6</name>
		<pose>Unspecified</pose>
		<truncated>0</truncated>
		<difficult>0</difficult>
		<rectangle>
			<xmin>1950</xmin>
			<ymin>561</ymin>
			<xmax>2076</xmax>
			<ymax>824</ymax>
		</rectangle>
	</object>
	<object>
		<name>4</name>
		<pose>Unspecified</pose>
		<truncated>0</truncated>
		<difficult>0</difficult>
		<rectangle>
			<xmin>926</xmin>
			<ymin>461</ymin>
			<xmax>1169</xmax>
			<ymax>1312</ymax>
		</rectangle>
	</object>
	<object>
		<name>5</name>
		<pose>Unspecified</pose>
		<truncated>0</truncated>
		<difficult>0</difficult>
		<rectangle>
			<xmin>1240</xmin>
			<ymin>487</ymin>
			<xmax>1684</xmax>
			<ymax>1507</ymax>
		</rectangle>
	</object>
	<object>
		<name>1</name>
		<pose>Unspecified</pose>
		<truncated>0</truncated>
		<difficult>0</difficult>
		<rectangle>
			<xmin>2034</xmin>
			<ymin>562</ymin>
			<xmax>2133</xmax>
			<ymax>792</ymax>
		</rectangle>
	</object>
</annotation>
