<annotation>
	<folder>V0-S_canteen_0-G_1_hor</folder>
	<filename>0224.jpg</filename>
	<source>
		<database>My Database</database>
		<annotation>VOC2007</annotation>
		<image>flickr</image>
		<flickrid>NULL</flickrid>
	</source>
	<owner>
		<flickrid>NULL</flickrid>
		<name>dcx</name>
	</owner>
	<size>
		<width>2704</width>
		<height>1520</height>
		<depth>3</depth>
	</size>
	<segmented>0</segmented>
	<object>
		<name>1</name>
		<pose>Unspecified</pose>
		<truncated>0</truncated>
		<difficult>0</difficult>
		<rectangle>
			<xmin>2039</xmin>
			<ymin>562</ymin>
			<xmax>2140</xmax>
			<ymax>793</ymax>
		</rectangle>
	</object>
	<object>
		<name>4</name>
		<pose>Unspecified</pose>
		<truncated>0</truncated>
		<difficult>0</difficult>
		<rectangle>
			<xmin>846</xmin>
			<ymin>463</ymin>
			<xmax>1152</xmax>
			<ymax>1313</ymax>
		</rectangle>
	</object>
	<object>
		<name>5</name>
		<pose>Unspecified</pose>
		<truncated>0</truncated>
		<difficult>0</difficult>
		<rectangle>
			<xmin>1293</xmin>
			<ymin>486</ymin>
			<xmax>1734</xmax>
			<ymax>1503</ymax>
		</rectangle>
	</object>
	<object>
		<name>6</name>
		<pose>Unspecified</pose>
		<truncated>0</truncated>
		<difficult>0</difficult>
		<rectangle>
			<xmin>1916</xmin>
			<ymin>563</ymin>
			<xmax>2089</xmax>
			<ymax>824</ymax>
		</rectangle>
	</object>
</annotation>
