<annotation>
	<folder>V0-S_canteen_0-G_1_hor</folder>
	<filename>0225.jpg</filename>
	<source>
		<database>My Database</database>
		<annotation>VOC2007</annotation>
		<image>flickr</image>
		<flickrid>NULL</flickrid>
	</source>
	<owner>
		<flickrid>NULL</flickrid>
		<name>dcx</name>
	</owner>
	<size>
		<width>2704</width>
		<height>1520</height>
		<depth>3</depth>
	</size>
	<segmented>0</segmented>
	<object>
		<name>1</name>
		<pose>Unspecified</pose>
		<truncated>0</truncated>
		<difficult>0</difficult>
		<rectangle>
			<xmin>2041</xmin>
			<ymin>562</ymin>
			<xmax>2142</xmax>
			<ymax>793</ymax>
		</rectangle>
	</object>
	<object>
		<name>4</name>
		<pose>Unspecified</pose>
		<truncated>0</truncated>
		<difficult>0</difficult>
		<rectangle>
			<xmin>819</xmin>
			<ymin>464</ymin>
			<xmax>1147</xmax>
			<ymax>1314</ymax>
		</rectangle>
	</object>
	<object>
		<name>5</name>
		<pose>Unspecified</pose>
		<truncated>0</truncated>
		<difficult>0</difficult>
		<rectangle>
			<xmin>1311</xmin>
			<ymin>485</ymin>
			<xmax>1750</xmax>
			<ymax>1502</ymax>
		</rectangle>
	</object>
	<object>
		<name>6</name>
		<pose>Unspecified</pose>
		<truncated>0</truncated>
		<difficult>0</difficult>
		<rectangle>
			<xmin>1905</xmin>
			<ymin>563</ymin>
			<xmax>2093</xmax>
			<ymax>824</ymax>
		</rectangle>
	</object>
</annotation>
