<annotation>
	<folder>V0-S_canteen_0-G_1_hor</folder>
	<filename>0226.jpg</filename>
	<source>
		<database>My Database</database>
		<annotation>VOC2007</annotation>
		<image>flickr</image>
		<flickrid>NULL</flickrid>
	</source>
	<owner>
		<flickrid>NULL</flickrid>
		<name>dcx</name>
	</owner>
	<size>
		<width>2704</width>
		<height>1520</height>
		<depth>3</depth>
	</size>
	<segmented>0</segmented>
	<object>
		<name>6</name>
		<pose>Unspecified</pose>
		<truncated>0</truncated>
		<difficult>0</difficult>
		<rectangle>
			<xmin>1894</xmin>
			<ymin>564</ymin>
			<xmax>2097</xmax>
			<ymax>824</ymax>
		</rectangle>
	</object>
	<object>
		<name>4</name>
		<pose>Unspecified</pose>
		<truncated>0</truncated>
		<difficult>0</difficult>
		<rectangle>
			<xmin>792</xmin>
			<ymin>465</ymin>
			<xmax>1141</xmax>
			<ymax>1314</ymax>
		</rectangle>
	</object>
	<object>
		<name>7</name>
		<pose>Unspecified</pose>
		<truncated>0</truncated>
		<difficult>0</difficult>
		<rectangle>
			<xmin>1065</xmin>
			<ymin>464</ymin>
			<xmax>1150</xmax>
			<ymax>793</ymax>
		</rectangle>
	</object>
	<object>
		<name>3</name>
		<pose>Unspecified</pose>
		<truncated>0</truncated>
		<difficult>0</difficult>
		<rectangle>
			<xmin>1486</xmin>
			<ymin>508</ymin>
			<xmax>1575</xmax>
			<ymax>756</ymax>
		</rectangle>
	</object>
	<object>
		<name>5</name>
		<pose>Unspecified</pose>
		<truncated>0</truncated>
		<difficult>0</difficult>
		<rectangle>
			<xmin>1329</xmin>
			<ymin>485</ymin>
			<xmax>1767</xmax>
			<ymax>1501</ymax>
		</rectangle>
	</object>
	<object>
		<name>1</name>
		<pose>Unspecified</pose>
		<truncated>0</truncated>
		<difficult>0</difficult>
		<rectangle>
			<xmin>2043</xmin>
			<ymin>562</ymin>
			<xmax>2144</xmax>
			<ymax>793</ymax>
		</rectangle>
	</object>
</annotation>
