<annotation>
	<folder>V0-S_canteen_0-G_1_hor</folder>
	<filename>0227.jpg</filename>
	<source>
		<database>My Database</database>
		<annotation>VOC2007</annotation>
		<image>flickr</image>
		<flickrid>NULL</flickrid>
	</source>
	<owner>
		<flickrid>NULL</flickrid>
		<name>dcx</name>
	</owner>
	<size>
		<width>2704</width>
		<height>1520</height>
		<depth>3</depth>
	</size>
	<segmented>0</segmented>
	<object>
		<name>1</name>
		<pose>Unspecified</pose>
		<truncated>0</truncated>
		<difficult>0</difficult>
		<rectangle>
			<xmin>2044</xmin>
			<ymin>562</ymin>
			<xmax>2145</xmax>
			<ymax>793</ymax>
		</rectangle>
	</object>
	<object>
		<name>3</name>
		<pose>Unspecified</pose>
		<truncated>0</truncated>
		<difficult>0</difficult>
		<rectangle>
			<xmin>1486</xmin>
			<ymin>508</ymin>
			<xmax>1576</xmax>
			<ymax>760</ymax>
		</rectangle>
	</object>
	<object>
		<name>4</name>
		<pose>Unspecified</pose>
		<truncated>0</truncated>
		<difficult>0</difficult>
		<rectangle>
			<xmin>794</xmin>
			<ymin>460</ymin>
			<xmax>1133</xmax>
			<ymax>1311</ymax>
		</rectangle>
	</object>
	<object>
		<name>5</name>
		<pose>Unspecified</pose>
		<truncated>0</truncated>
		<difficult>0</difficult>
		<rectangle>
			<xmin>1370</xmin>
			<ymin>486</ymin>
			<xmax>1783</xmax>
			<ymax>1502</ymax>
		</rectangle>
	</object>
	<object>
		<name>6</name>
		<pose>Unspecified</pose>
		<truncated>0</truncated>
		<difficult>0</difficult>
		<rectangle>
			<xmin>1891</xmin>
			<ymin>563</ymin>
			<xmax>2090</xmax>
			<ymax>822</ymax>
		</rectangle>
	</object>
	<object>
		<name>7</name>
		<pose>Unspecified</pose>
		<truncated>0</truncated>
		<difficult>0</difficult>
		<rectangle>
			<xmin>1070</xmin>
			<ymin>465</ymin>
			<xmax>1156</xmax>
			<ymax>793</ymax>
		</rectangle>
	</object>
</annotation>
