<annotation>
	<folder>V0-S_canteen_0-G_1_hor</folder>
	<filename>0228.jpg</filename>
	<source>
		<database>My Database</database>
		<annotation>VOC2007</annotation>
		<image>flickr</image>
		<flickrid>NULL</flickrid>
	</source>
	<owner>
		<flickrid>NULL</flickrid>
		<name>dcx</name>
	</owner>
	<size>
		<width>2704</width>
		<height>1520</height>
		<depth>3</depth>
	</size>
	<segmented>0</segmented>
	<object>
		<name>1</name>
		<pose>Unspecified</pose>
		<truncated>0</truncated>
		<difficult>0</difficult>
		<rectangle>
			<xmin>2045</xmin>
			<ymin>562</ymin>
			<xmax>2146</xmax>
			<ymax>793</ymax>
		</rectangle>
	</object>
	<object>
		<name>3</name>
		<pose>Unspecified</pose>
		<truncated>0</truncated>
		<difficult>0</difficult>
		<rectangle>
			<xmin>1486</xmin>
			<ymin>508</ymin>
			<xmax>1577</xmax>
			<ymax>764</ymax>
		</rectangle>
	</object>
	<object>
		<name>4</name>
		<pose>Unspecified</pose>
		<truncated>0</truncated>
		<difficult>0</difficult>
		<rectangle>
			<xmin>797</xmin>
			<ymin>454</ymin>
			<xmax>1125</xmax>
			<ymax>1309</ymax>
		</rectangle>
	</object>
	<object>
		<name>5</name>
		<pose>Unspecified</pose>
		<truncated>0</truncated>
		<difficult>0</difficult>
		<rectangle>
			<xmin>1412</xmin>
			<ymin>487</ymin>
			<xmax>1798</xmax>
			<ymax>1503</ymax>
		</rectangle>
	</object>
	<object>
		<name>6</name>
		<pose>Unspecified</pose>
		<truncated>0</truncated>
		<difficult>0</difficult>
		<rectangle>
			<xmin>1887</xmin>
			<ymin>562</ymin>
			<xmax>2082</xmax>
			<ymax>821</ymax>
		</rectangle>
	</object>
	<object>
		<name>7</name>
		<pose>Unspecified</pose>
		<truncated>0</truncated>
		<difficult>0</difficult>
		<rectangle>
			<xmin>1074</xmin>
			<ymin>467</ymin>
			<xmax>1161</xmax>
			<ymax>793</ymax>
		</rectangle>
	</object>
</annotation>
