<annotation>
	<folder>V0-S_canteen_0-G_1_hor</folder>
	<filename>0229.jpg</filename>
	<source>
		<database>My Database</database>
		<annotation>VOC2007</annotation>
		<image>flickr</image>
		<flickrid>NULL</flickrid>
	</source>
	<owner>
		<flickrid>NULL</flickrid>
		<name>dcx</name>
	</owner>
	<size>
		<width>2704</width>
		<height>1520</height>
		<depth>3</depth>
	</size>
	<segmented>0</segmented>
	<object>
		<name>1</name>
		<pose>Unspecified</pose>
		<truncated>0</truncated>
		<difficult>0</difficult>
		<rectangle>
			<xmin>2046</xmin>
			<ymin>563</ymin>
			<xmax>2146</xmax>
			<ymax>793</ymax>
		</rectangle>
	</object>
	<object>
		<name>3</name>
		<pose>Unspecified</pose>
		<truncated>0</truncated>
		<difficult>0</difficult>
		<rectangle>
			<xmin>1485</xmin>
			<ymin>508</ymin>
			<xmax>1577</xmax>
			<ymax>769</ymax>
		</rectangle>
	</object>
	<object>
		<name>4</name>
		<pose>Unspecified</pose>
		<truncated>0</truncated>
		<difficult>0</difficult>
		<rectangle>
			<xmin>799</xmin>
			<ymin>449</ymin>
			<xmax>1116</xmax>
			<ymax>1306</ymax>
		</rectangle>
	</object>
	<object>
		<name>5</name>
		<pose>Unspecified</pose>
		<truncated>0</truncated>
		<difficult>0</difficult>
		<rectangle>
			<xmin>1453</xmin>
			<ymin>487</ymin>
			<xmax>1814</xmax>
			<ymax>1505</ymax>
		</rectangle>
	</object>
	<object>
		<name>6</name>
		<pose>Unspecified</pose>
		<truncated>0</truncated>
		<difficult>0</difficult>
		<rectangle>
			<xmin>1884</xmin>
			<ymin>560</ymin>
			<xmax>2075</xmax>
			<ymax>819</ymax>
		</rectangle>
	</object>
	<object>
		<name>7</name>
		<pose>Unspecified</pose>
		<truncated>0</truncated>
		<difficult>0</difficult>
		<rectangle>
			<xmin>1079</xmin>
			<ymin>468</ymin>
			<xmax>1167</xmax>
			<ymax>792</ymax>
		</rectangle>
	</object>
</annotation>
