<annotation>
	<folder>V0-S_canteen_0-G_1_hor</folder>
	<filename>0230.jpg</filename>
	<source>
		<database>My Database</database>
		<annotation>VOC2007</annotation>
		<image>flickr</image>
		<flickrid>NULL</flickrid>
	</source>
	<owner>
		<flickrid>NULL</flickrid>
		<name>dcx</name>
	</owner>
	<size>
		<width>2704</width>
		<height>1520</height>
		<depth>3</depth>
	</size>
	<segmented>0</segmented>
	<object>
		<name>1</name>
		<pose>Unspecified</pose>
		<truncated>0</truncated>
		<difficult>0</difficult>
		<rectangle>
			<xmin>2047</xmin>
			<ymin>563</ymin>
			<xmax>2147</xmax>
			<ymax>793</ymax>
		</rectangle>
	</object>
	<object>
		<name>3</name>
		<pose>Unspecified</pose>
		<truncated>0</truncated>
		<difficult>0</difficult>
		<rectangle>
			<xmin>1485</xmin>
			<ymin>508</ymin>
			<xmax>1578</xmax>
			<ymax>773</ymax>
		</rectangle>
	</object>
	<object>
		<name>4</name>
		<pose>Unspecified</pose>
		<truncated>0</truncated>
		<difficult>0</difficult>
		<rectangle>
			<xmin>802</xmin>
			<ymin>443</ymin>
			<xmax>1108</xmax>
			<ymax>1304</ymax>
		</rectangle>
	</object>
	<object>
		<name>5</name>
		<pose>Unspecified</pose>
		<truncated>0</truncated>
		<difficult>0</difficult>
		<rectangle>
			<xmin>1495</xmin>
			<ymin>488</ymin>
			<xmax>1829</xmax>
			<ymax>1506</ymax>
		</rectangle>
	</object>
	<object>
		<name>6</name>
		<pose>Unspecified</pose>
		<truncated>0</truncated>
		<difficult>0</difficult>
		<rectangle>
			<xmin>1880</xmin>
			<ymin>559</ymin>
			<xmax>2067</xmax>
			<ymax>818</ymax>
		</rectangle>
	</object>
	<object>
		<name>7</name>
		<pose>Unspecified</pose>
		<truncated>0</truncated>
		<difficult>0</difficult>
		<rectangle>
			<xmin>1083</xmin>
			<ymin>470</ymin>
			<xmax>1172</xmax>
			<ymax>792</ymax>
		</rectangle>
	</object>
</annotation>
