<annotation>
	<folder>V0-S_canteen_0-G_1_hor</folder>
	<filename>0231.jpg</filename>
	<source>
		<database>My Database</database>
		<annotation>VOC2007</annotation>
		<image>flickr</image>
		<flickrid>NULL</flickrid>
	</source>
	<owner>
		<flickrid>NULL</flickrid>
		<name>dcx</name>
	</owner>
	<size>
		<width>2704</width>
		<height>1520</height>
		<depth>3</depth>
	</size>
	<segmented>0</segmented>
	<object>
		<name>6</name>
		<pose>Unspecified</pose>
		<truncated>0</truncated>
		<difficult>0</difficult>
		<rectangle>
			<xmin>1877</xmin>
			<ymin>558</ymin>
			<xmax>2060</xmax>
			<ymax>816</ymax>
		</rectangle>
	</object>
	<object>
		<name>4</name>
		<pose>Unspecified</pose>
		<truncated>0</truncated>
		<difficult>0</difficult>
		<rectangle>
			<xmin>804</xmin>
			<ymin>438</ymin>
			<xmax>1100</xmax>
			<ymax>1301</ymax>
		</rectangle>
	</object>
	<object>
		<name>7</name>
		<pose>Unspecified</pose>
		<truncated>0</truncated>
		<difficult>0</difficult>
		<rectangle>
			<xmin>1088</xmin>
			<ymin>471</ymin>
			<xmax>1178</xmax>
			<ymax>792</ymax>
		</rectangle>
	</object>
	<object>
		<name>3</name>
		<pose>Unspecified</pose>
		<truncated>0</truncated>
		<difficult>0</difficult>
		<rectangle>
			<xmin>1485</xmin>
			<ymin>508</ymin>
			<xmax>1579</xmax>
			<ymax>777</ymax>
		</rectangle>
	</object>
	<object>
		<name>5</name>
		<pose>Unspecified</pose>
		<truncated>0</truncated>
		<difficult>0</difficult>
		<rectangle>
			<xmin>1536</xmin>
			<ymin>489</ymin>
			<xmax>1845</xmax>
			<ymax>1507</ymax>
		</rectangle>
	</object>
	<object>
		<name>1</name>
		<pose>Unspecified</pose>
		<truncated>0</truncated>
		<difficult>0</difficult>
		<rectangle>
			<xmin>2048</xmin>
			<ymin>563</ymin>
			<xmax>2148</xmax>
			<ymax>793</ymax>
		</rectangle>
	</object>
</annotation>
