<annotation>
	<folder>V0-S_canteen_0-G_1_hor</folder>
	<filename>0232.jpg</filename>
	<source>
		<database>My Database</database>
		<annotation>VOC2007</annotation>
		<image>flickr</image>
		<flickrid>NULL</flickrid>
	</source>
	<owner>
		<flickrid>NULL</flickrid>
		<name>dcx</name>
	</owner>
	<size>
		<width>2704</width>
		<height>1520</height>
		<depth>3</depth>
	</size>
	<segmented>0</segmented>
	<object>
		<name>1</name>
		<pose>Unspecified</pose>
		<truncated>0</truncated>
		<difficult>0</difficult>
		<rectangle>
			<xmin>2048</xmin>
			<ymin>563</ymin>
			<xmax>2148</xmax>
			<ymax>793</ymax>
		</rectangle>
	</object>
	<object>
		<name>3</name>
		<pose>Unspecified</pose>
		<truncated>0</truncated>
		<difficult>0</difficult>
		<rectangle>
			<xmin>1484</xmin>
			<ymin>507</ymin>
			<xmax>1578</xmax>
			<ymax>778</ymax>
		</rectangle>
	</object>
	<object>
		<name>4</name>
		<pose>Unspecified</pose>
		<truncated>0</truncated>
		<difficult>0</difficult>
		<rectangle>
			<xmin>792</xmin>
			<ymin>437</ymin>
			<xmax>1077</xmax>
			<ymax>1293</ymax>
		</rectangle>
	</object>
	<object>
		<name>5</name>
		<pose>Unspecified</pose>
		<truncated>0</truncated>
		<difficult>0</difficult>
		<rectangle>
			<xmin>1542</xmin>
			<ymin>492</ymin>
			<xmax>1859</xmax>
			<ymax>1507</ymax>
		</rectangle>
	</object>
	<object>
		<name>6</name>
		<pose>Unspecified</pose>
		<truncated>0</truncated>
		<difficult>0</difficult>
		<rectangle>
			<xmin>1876</xmin>
			<ymin>556</ymin>
			<xmax>2043</xmax>
			<ymax>813</ymax>
		</rectangle>
	</object>
	<object>
		<name>7</name>
		<pose>Unspecified</pose>
		<truncated>0</truncated>
		<difficult>0</difficult>
		<rectangle>
			<xmin>1088</xmin>
			<ymin>472</ymin>
			<xmax>1181</xmax>
			<ymax>792</ymax>
		</rectangle>
	</object>
</annotation>
