<annotation>
	<folder>V0-S_canteen_0-G_1_hor</folder>
	<filename>0234.jpg</filename>
	<source>
		<database>My Database</database>
		<annotation>VOC2007</annotation>
		<image>flickr</image>
		<flickrid>NULL</flickrid>
	</source>
	<owner>
		<flickrid>NULL</flickrid>
		<name>dcx</name>
	</owner>
	<size>
		<width>2704</width>
		<height>1520</height>
		<depth>3</depth>
	</size>
	<segmented>0</segmented>
	<object>
		<name>1</name>
		<pose>Unspecified</pose>
		<truncated>0</truncated>
		<difficult>0</difficult>
		<rectangle>
			<xmin>2049</xmin>
			<ymin>562</ymin>
			<xmax>2147</xmax>
			<ymax>793</ymax>
		</rectangle>
	</object>
	<object>
		<name>3</name>
		<pose>Unspecified</pose>
		<truncated>0</truncated>
		<difficult>0</difficult>
		<rectangle>
			<xmin>1482</xmin>
			<ymin>505</ymin>
			<xmax>1577</xmax>
			<ymax>780</ymax>
		</rectangle>
	</object>
	<object>
		<name>4</name>
		<pose>Unspecified</pose>
		<truncated>0</truncated>
		<difficult>0</difficult>
		<rectangle>
			<xmin>769</xmin>
			<ymin>434</ymin>
			<xmax>1032</xmax>
			<ymax>1278</ymax>
		</rectangle>
	</object>
	<object>
		<name>5</name>
		<pose>Unspecified</pose>
		<truncated>0</truncated>
		<difficult>0</difficult>
		<rectangle>
			<xmin>1554</xmin>
			<ymin>497</ymin>
			<xmax>1888</xmax>
			<ymax>1506</ymax>
		</rectangle>
	</object>
	<object>
		<name>6</name>
		<pose>Unspecified</pose>
		<truncated>0</truncated>
		<difficult>0</difficult>
		<rectangle>
			<xmin>1875</xmin>
			<ymin>552</ymin>
			<xmax>2010</xmax>
			<ymax>806</ymax>
		</rectangle>
	</object>
	<object>
		<name>7</name>
		<pose>Unspecified</pose>
		<truncated>0</truncated>
		<difficult>0</difficult>
		<rectangle>
			<xmin>1089</xmin>
			<ymin>475</ymin>
			<xmax>1188</xmax>
			<ymax>791</ymax>
		</rectangle>
	</object>
</annotation>
