<annotation>
	<folder>V0-S_canteen_0-G_1_hor</folder>
	<filename>0236.jpg</filename>
	<source>
		<database>My Database</database>
		<annotation>VOC2007</annotation>
		<image>flickr</image>
		<flickrid>NULL</flickrid>
	</source>
	<owner>
		<flickrid>NULL</flickrid>
		<name>dcx</name>
	</owner>
	<size>
		<width>2704</width>
		<height>1520</height>
		<depth>3</depth>
	</size>
	<segmented>0</segmented>
	<object>
		<name>6</name>
		<pose>Unspecified</pose>
		<truncated>0</truncated>
		<difficult>0</difficult>
		<rectangle>
			<xmin>1874</xmin>
			<ymin>548</ymin>
			<xmax>1976</xmax>
			<ymax>800</ymax>
		</rectangle>
	</object>
	<object>
		<name>4</name>
		<pose>Unspecified</pose>
		<truncated>0</truncated>
		<difficult>0</difficult>
		<rectangle>
			<xmin>745</xmin>
			<ymin>431</ymin>
			<xmax>987</xmax>
			<ymax>1262</ymax>
		</rectangle>
	</object>
	<object>
		<name>7</name>
		<pose>Unspecified</pose>
		<truncated>0</truncated>
		<difficult>0</difficult>
		<rectangle>
			<xmin>1090</xmin>
			<ymin>477</ymin>
			<xmax>1195</xmax>
			<ymax>791</ymax>
		</rectangle>
	</object>
	<object>
		<name>3</name>
		<pose>Unspecified</pose>
		<truncated>0</truncated>
		<difficult>0</difficult>
		<rectangle>
			<xmin>1480</xmin>
			<ymin>503</ymin>
			<xmax>1575</xmax>
			<ymax>782</ymax>
		</rectangle>
	</object>
	<object>
		<name>5</name>
		<pose>Unspecified</pose>
		<truncated>0</truncated>
		<difficult>0</difficult>
		<rectangle>
			<xmin>1566</xmin>
			<ymin>502</ymin>
			<xmax>1916</xmax>
			<ymax>1505</ymax>
		</rectangle>
	</object>
	<object>
		<name>1</name>
		<pose>Unspecified</pose>
		<truncated>0</truncated>
		<difficult>0</difficult>
		<rectangle>
			<xmin>2049</xmin>
			<ymin>562</ymin>
			<xmax>2147</xmax>
			<ymax>793</ymax>
		</rectangle>
	</object>
</annotation>
