<annotation>
	<folder>V0-S_canteen_0-G_1_hor</folder>
	<filename>0237.jpg</filename>
	<source>
		<database>My Database</database>
		<annotation>VOC2007</annotation>
		<image>flickr</image>
		<flickrid>NULL</flickrid>
	</source>
	<owner>
		<flickrid>NULL</flickrid>
		<name>dcx</name>
	</owner>
	<size>
		<width>2704</width>
		<height>1520</height>
		<depth>3</depth>
	</size>
	<segmented>0</segmented>
	<object>
		<name>1</name>
		<pose>Unspecified</pose>
		<truncated>0</truncated>
		<difficult>0</difficult>
		<rectangle>
			<xmin>2048</xmin>
			<ymin>563</ymin>
			<xmax>2147</xmax>
			<ymax>794</ymax>
		</rectangle>
	</object>
	<object>
		<name>3</name>
		<pose>Unspecified</pose>
		<truncated>0</truncated>
		<difficult>0</difficult>
		<rectangle>
			<xmin>1477</xmin>
			<ymin>503</ymin>
			<xmax>1573</xmax>
			<ymax>782</ymax>
		</rectangle>
	</object>
	<object>
		<name>4</name>
		<pose>Unspecified</pose>
		<truncated>0</truncated>
		<difficult>0</difficult>
		<rectangle>
			<xmin>714</xmin>
			<ymin>431</ymin>
			<xmax>976</xmax>
			<ymax>1257</ymax>
		</rectangle>
	</object>
	<object>
		<name>5</name>
		<pose>Unspecified</pose>
		<truncated>0</truncated>
		<difficult>0</difficult>
		<rectangle>
			<xmin>1566</xmin>
			<ymin>508</ymin>
			<xmax>1931</xmax>
			<ymax>1502</ymax>
		</rectangle>
	</object>
	<object>
		<name>7</name>
		<pose>Unspecified</pose>
		<truncated>0</truncated>
		<difficult>0</difficult>
		<rectangle>
			<xmin>1091</xmin>
			<ymin>478</ymin>
			<xmax>1199</xmax>
			<ymax>791</ymax>
		</rectangle>
	</object>
</annotation>
