<annotation>
	<folder>V0-S_canteen_0-G_1_hor</folder>
	<filename>0238.jpg</filename>
	<source>
		<database>My Database</database>
		<annotation>VOC2007</annotation>
		<image>flickr</image>
		<flickrid>NULL</flickrid>
	</source>
	<owner>
		<flickrid>NULL</flickrid>
		<name>dcx</name>
	</owner>
	<size>
		<width>2704</width>
		<height>1520</height>
		<depth>3</depth>
	</size>
	<segmented>0</segmented>
	<object>
		<name>1</name>
		<pose>Unspecified</pose>
		<truncated>0</truncated>
		<difficult>0</difficult>
		<rectangle>
			<xmin>2047</xmin>
			<ymin>563</ymin>
			<xmax>2146</xmax>
			<ymax>794</ymax>
		</rectangle>
	</object>
	<object>
		<name>3</name>
		<pose>Unspecified</pose>
		<truncated>0</truncated>
		<difficult>0</difficult>
		<rectangle>
			<xmin>1473</xmin>
			<ymin>503</ymin>
			<xmax>1571</xmax>
			<ymax>782</ymax>
		</rectangle>
	</object>
	<object>
		<name>4</name>
		<pose>Unspecified</pose>
		<truncated>0</truncated>
		<difficult>0</difficult>
		<rectangle>
			<xmin>684</xmin>
			<ymin>431</ymin>
			<xmax>965</xmax>
			<ymax>1252</ymax>
		</rectangle>
	</object>
	<object>
		<name>5</name>
		<pose>Unspecified</pose>
		<truncated>0</truncated>
		<difficult>0</difficult>
		<rectangle>
			<xmin>1566</xmin>
			<ymin>514</ymin>
			<xmax>1946</xmax>
			<ymax>1500</ymax>
		</rectangle>
	</object>
	<object>
		<name>7</name>
		<pose>Unspecified</pose>
		<truncated>0</truncated>
		<difficult>0</difficult>
		<rectangle>
			<xmin>1093</xmin>
			<ymin>479</ymin>
			<xmax>1202</xmax>
			<ymax>792</ymax>
		</rectangle>
	</object>
</annotation>
