<annotation>
	<folder>V0-S_canteen_0-G_1_hor</folder>
	<filename>0240.jpg</filename>
	<source>
		<database>My Database</database>
		<annotation>VOC2007</annotation>
		<image>flickr</image>
		<flickrid>NULL</flickrid>
	</source>
	<owner>
		<flickrid>NULL</flickrid>
		<name>dcx</name>
	</owner>
	<size>
		<width>2704</width>
		<height>1520</height>
		<depth>3</depth>
	</size>
	<segmented>0</segmented>
	<object>
		<name>1</name>
		<pose>Unspecified</pose>
		<truncated>0</truncated>
		<difficult>0</difficult>
		<rectangle>
			<xmin>2044</xmin>
			<ymin>564</ymin>
			<xmax>2145</xmax>
			<ymax>795</ymax>
		</rectangle>
	</object>
	<object>
		<name>3</name>
		<pose>Unspecified</pose>
		<truncated>0</truncated>
		<difficult>0</difficult>
		<rectangle>
			<xmin>1466</xmin>
			<ymin>502</ymin>
			<xmax>1567</xmax>
			<ymax>781</ymax>
		</rectangle>
	</object>
	<object>
		<name>4</name>
		<pose>Unspecified</pose>
		<truncated>0</truncated>
		<difficult>0</difficult>
		<rectangle>
			<xmin>623</xmin>
			<ymin>430</ymin>
			<xmax>942</xmax>
			<ymax>1243</ymax>
		</rectangle>
	</object>
	<object>
		<name>5</name>
		<pose>Unspecified</pose>
		<truncated>0</truncated>
		<difficult>0</difficult>
		<rectangle>
			<xmin>1566</xmin>
			<ymin>526</ymin>
			<xmax>1976</xmax>
			<ymax>1495</ymax>
		</rectangle>
	</object>
	<object>
		<name>7</name>
		<pose>Unspecified</pose>
		<truncated>0</truncated>
		<difficult>0</difficult>
		<rectangle>
			<xmin>1096</xmin>
			<ymin>482</ymin>
			<xmax>1209</xmax>
			<ymax>793</ymax>
		</rectangle>
	</object>
</annotation>
