<annotation>
	<folder>V0-S_canteen_0-G_1_hor</folder>
	<filename>0242.jpg</filename>
	<source>
		<database>My Database</database>
		<annotation>VOC2007</annotation>
		<image>flickr</image>
		<flickrid>NULL</flickrid>
	</source>
	<owner>
		<flickrid>NULL</flickrid>
		<name>dcx</name>
	</owner>
	<size>
		<width>2704</width>
		<height>1520</height>
		<depth>3</depth>
	</size>
	<segmented>0</segmented>
	<object>
		<name>1</name>
		<pose>Unspecified</pose>
		<truncated>0</truncated>
		<difficult>0</difficult>
		<rectangle>
			<xmin>2046</xmin>
			<ymin>565</ymin>
			<xmax>2145</xmax>
			<ymax>797</ymax>
		</rectangle>
	</object>
	<object>
		<name>3</name>
		<pose>Unspecified</pose>
		<truncated>0</truncated>
		<difficult>0</difficult>
		<rectangle>
			<xmin>1458</xmin>
			<ymin>503</ymin>
			<xmax>1563</xmax>
			<ymax>783</ymax>
		</rectangle>
	</object>
	<object>
		<name>4</name>
		<pose>Unspecified</pose>
		<truncated>0</truncated>
		<difficult>0</difficult>
		<rectangle>
			<xmin>582</xmin>
			<ymin>432</ymin>
			<xmax>927</xmax>
			<ymax>1238</ymax>
		</rectangle>
	</object>
	<object>
		<name>5</name>
		<pose>Unspecified</pose>
		<truncated>0</truncated>
		<difficult>0</difficult>
		<rectangle>
			<xmin>1584</xmin>
			<ymin>531</ymin>
			<xmax>2005</xmax>
			<ymax>1482</ymax>
		</rectangle>
	</object>
	<object>
		<name>7</name>
		<pose>Unspecified</pose>
		<truncated>0</truncated>
		<difficult>0</difficult>
		<rectangle>
			<xmin>1103</xmin>
			<ymin>483</ymin>
			<xmax>1215</xmax>
			<ymax>792</ymax>
		</rectangle>
	</object>
</annotation>
