<annotation>
	<folder>V0-S_canteen_0-G_1_hor</folder>
	<filename>0243.jpg</filename>
	<source>
		<database>My Database</database>
		<annotation>VOC2007</annotation>
		<image>flickr</image>
		<flickrid>NULL</flickrid>
	</source>
	<owner>
		<flickrid>NULL</flickrid>
		<name>dcx</name>
	</owner>
	<size>
		<width>2704</width>
		<height>1520</height>
		<depth>3</depth>
	</size>
	<segmented>0</segmented>
	<object>
		<name>1</name>
		<pose>Unspecified</pose>
		<truncated>0</truncated>
		<difficult>0</difficult>
		<rectangle>
			<xmin>2049</xmin>
			<ymin>566</ymin>
			<xmax>2145</xmax>
			<ymax>798</ymax>
		</rectangle>
	</object>
	<object>
		<name>3</name>
		<pose>Unspecified</pose>
		<truncated>0</truncated>
		<difficult>0</difficult>
		<rectangle>
			<xmin>1453</xmin>
			<ymin>505</ymin>
			<xmax>1560</xmax>
			<ymax>785</ymax>
		</rectangle>
	</object>
	<object>
		<name>4</name>
		<pose>Unspecified</pose>
		<truncated>0</truncated>
		<difficult>0</difficult>
		<rectangle>
			<xmin>572</xmin>
			<ymin>433</ymin>
			<xmax>923</xmax>
			<ymax>1238</ymax>
		</rectangle>
	</object>
	<object>
		<name>5</name>
		<pose>Unspecified</pose>
		<truncated>0</truncated>
		<difficult>0</difficult>
		<rectangle>
			<xmin>1601</xmin>
			<ymin>530</ymin>
			<xmax>2020</xmax>
			<ymax>1473</ymax>
		</rectangle>
	</object>
	<object>
		<name>7</name>
		<pose>Unspecified</pose>
		<truncated>0</truncated>
		<difficult>0</difficult>
		<rectangle>
			<xmin>1109</xmin>
			<ymin>483</ymin>
			<xmax>1218</xmax>
			<ymax>790</ymax>
		</rectangle>
	</object>
</annotation>
