<annotation>
	<folder>V0-S_canteen_0-G_1_hor</folder>
	<filename>0244.jpg</filename>
	<source>
		<database>My Database</database>
		<annotation>VOC2007</annotation>
		<image>flickr</image>
		<flickrid>NULL</flickrid>
	</source>
	<owner>
		<flickrid>NULL</flickrid>
		<name>dcx</name>
	</owner>
	<size>
		<width>2704</width>
		<height>1520</height>
		<depth>3</depth>
	</size>
	<segmented>0</segmented>
	<object>
		<name>1</name>
		<pose>Unspecified</pose>
		<truncated>0</truncated>
		<difficult>0</difficult>
		<rectangle>
			<xmin>2052</xmin>
			<ymin>566</ymin>
			<xmax>2144</xmax>
			<ymax>798</ymax>
		</rectangle>
	</object>
	<object>
		<name>3</name>
		<pose>Unspecified</pose>
		<truncated>0</truncated>
		<difficult>0</difficult>
		<rectangle>
			<xmin>1449</xmin>
			<ymin>506</ymin>
			<xmax>1558</xmax>
			<ymax>786</ymax>
		</rectangle>
	</object>
	<object>
		<name>4</name>
		<pose>Unspecified</pose>
		<truncated>0</truncated>
		<difficult>0</difficult>
		<rectangle>
			<xmin>563</xmin>
			<ymin>435</ymin>
			<xmax>919</xmax>
			<ymax>1238</ymax>
		</rectangle>
	</object>
	<object>
		<name>5</name>
		<pose>Unspecified</pose>
		<truncated>0</truncated>
		<difficult>0</difficult>
		<rectangle>
			<xmin>1619</xmin>
			<ymin>528</ymin>
			<xmax>2034</xmax>
			<ymax>1463</ymax>
		</rectangle>
	</object>
	<object>
		<name>7</name>
		<pose>Unspecified</pose>
		<truncated>0</truncated>
		<difficult>0</difficult>
		<rectangle>
			<xmin>1115</xmin>
			<ymin>482</ymin>
			<xmax>1220</xmax>
			<ymax>789</ymax>
		</rectangle>
	</object>
</annotation>
