<annotation>
	<folder>V0-S_canteen_0-G_1_hor</folder>
	<filename>0245.jpg</filename>
	<source>
		<database>My Database</database>
		<annotation>VOC2007</annotation>
		<image>flickr</image>
		<flickrid>NULL</flickrid>
	</source>
	<owner>
		<flickrid>NULL</flickrid>
		<name>dcx</name>
	</owner>
	<size>
		<width>2704</width>
		<height>1520</height>
		<depth>3</depth>
	</size>
	<segmented>0</segmented>
	<object>
		<name>1</name>
		<pose>Unspecified</pose>
		<truncated>0</truncated>
		<difficult>0</difficult>
		<rectangle>
			<xmin>2055</xmin>
			<ymin>567</ymin>
			<xmax>2144</xmax>
			<ymax>799</ymax>
		</rectangle>
	</object>
	<object>
		<name>3</name>
		<pose>Unspecified</pose>
		<truncated>0</truncated>
		<difficult>0</difficult>
		<rectangle>
			<xmin>1444</xmin>
			<ymin>508</ymin>
			<xmax>1555</xmax>
			<ymax>788</ymax>
		</rectangle>
	</object>
	<object>
		<name>4</name>
		<pose>Unspecified</pose>
		<truncated>0</truncated>
		<difficult>0</difficult>
		<rectangle>
			<xmin>553</xmin>
			<ymin>436</ymin>
			<xmax>915</xmax>
			<ymax>1238</ymax>
		</rectangle>
	</object>
	<object>
		<name>5</name>
		<pose>Unspecified</pose>
		<truncated>0</truncated>
		<difficult>0</difficult>
		<rectangle>
			<xmin>1636</xmin>
			<ymin>527</ymin>
			<xmax>2049</xmax>
			<ymax>1454</ymax>
		</rectangle>
	</object>
	<object>
		<name>7</name>
		<pose>Unspecified</pose>
		<truncated>0</truncated>
		<difficult>0</difficult>
		<rectangle>
			<xmin>1121</xmin>
			<ymin>482</ymin>
			<xmax>1223</xmax>
			<ymax>787</ymax>
		</rectangle>
	</object>
</annotation>
