<annotation>
	<folder>V0-S_canteen_0-G_1_hor</folder>
	<filename>0246.jpg</filename>
	<source>
		<database>My Database</database>
		<annotation>VOC2007</annotation>
		<image>flickr</image>
		<flickrid>NULL</flickrid>
	</source>
	<owner>
		<flickrid>NULL</flickrid>
		<name>dcx</name>
	</owner>
	<size>
		<width>2704</width>
		<height>1520</height>
		<depth>3</depth>
	</size>
	<segmented>0</segmented>
	<object>
		<name>4</name>
		<pose>Unspecified</pose>
		<truncated>0</truncated>
		<difficult>0</difficult>
		<rectangle>
			<xmin>543</xmin>
			<ymin>438</ymin>
			<xmax>911</xmax>
			<ymax>1238</ymax>
		</rectangle>
	</object>
	<object>
		<name>7</name>
		<pose>Unspecified</pose>
		<truncated>0</truncated>
		<difficult>0</difficult>
		<rectangle>
			<xmin>1127</xmin>
			<ymin>482</ymin>
			<xmax>1225</xmax>
			<ymax>786</ymax>
		</rectangle>
	</object>
	<object>
		<name>3</name>
		<pose>Unspecified</pose>
		<truncated>0</truncated>
		<difficult>0</difficult>
		<rectangle>
			<xmin>1439</xmin>
			<ymin>509</ymin>
			<xmax>1553</xmax>
			<ymax>790</ymax>
		</rectangle>
	</object>
	<object>
		<name>5</name>
		<pose>Unspecified</pose>
		<truncated>0</truncated>
		<difficult>0</difficult>
		<rectangle>
			<xmin>1654</xmin>
			<ymin>526</ymin>
			<xmax>2063</xmax>
			<ymax>1444</ymax>
		</rectangle>
	</object>
	<object>
		<name>1</name>
		<pose>Unspecified</pose>
		<truncated>0</truncated>
		<difficult>0</difficult>
		<rectangle>
			<xmin>2058</xmin>
			<ymin>567</ymin>
			<xmax>2144</xmax>
			<ymax>800</ymax>
		</rectangle>
	</object>
</annotation>
