<annotation>
	<folder>V0-S_canteen_0-G_1_hor</folder>
	<filename>0249.jpg</filename>
	<source>
		<database>My Database</database>
		<annotation>VOC2007</annotation>
		<image>flickr</image>
		<flickrid>NULL</flickrid>
	</source>
	<owner>
		<flickrid>NULL</flickrid>
		<name>dcx</name>
	</owner>
	<size>
		<width>2704</width>
		<height>1520</height>
		<depth>3</depth>
	</size>
	<segmented>0</segmented>
	<object>
		<name>1</name>
		<pose>Unspecified</pose>
		<truncated>0</truncated>
		<difficult>0</difficult>
		<rectangle>
			<xmin>2061</xmin>
			<ymin>571</ymin>
			<xmax>2144</xmax>
			<ymax>795</ymax>
		</rectangle>
	</object>
	<object>
		<name>3</name>
		<pose>Unspecified</pose>
		<truncated>0</truncated>
		<difficult>0</difficult>
		<rectangle>
			<xmin>1441</xmin>
			<ymin>510</ymin>
			<xmax>1543</xmax>
			<ymax>795</ymax>
		</rectangle>
	</object>
	<object>
		<name>4</name>
		<pose>Unspecified</pose>
		<truncated>0</truncated>
		<difficult>0</difficult>
		<rectangle>
			<xmin>548</xmin>
			<ymin>431</ymin>
			<xmax>868</xmax>
			<ymax>1224</ymax>
		</rectangle>
	</object>
	<object>
		<name>5</name>
		<pose>Unspecified</pose>
		<truncated>0</truncated>
		<difficult>0</difficult>
		<rectangle>
			<xmin>1733</xmin>
			<ymin>526</ymin>
			<xmax>2094</xmax>
			<ymax>1446</ymax>
		</rectangle>
	</object>
	<object>
		<name>7</name>
		<pose>Unspecified</pose>
		<truncated>0</truncated>
		<difficult>0</difficult>
		<rectangle>
			<xmin>1149</xmin>
			<ymin>486</ymin>
			<xmax>1236</xmax>
			<ymax>790</ymax>
		</rectangle>
	</object>
</annotation>
