<annotation>
	<folder>V0-S_canteen_0-G_1_hor</folder>
	<filename>0250.jpg</filename>
	<source>
		<database>My Database</database>
		<annotation>VOC2007</annotation>
		<image>flickr</image>
		<flickrid>NULL</flickrid>
	</source>
	<owner>
		<flickrid>NULL</flickrid>
		<name>dcx</name>
	</owner>
	<size>
		<width>2704</width>
		<height>1520</height>
		<depth>3</depth>
	</size>
	<segmented>0</segmented>
	<object>
		<name>1</name>
		<pose>Unspecified</pose>
		<truncated>0</truncated>
		<difficult>0</difficult>
		<rectangle>
			<xmin>2062</xmin>
			<ymin>573</ymin>
			<xmax>2144</xmax>
			<ymax>794</ymax>
		</rectangle>
	</object>
	<object>
		<name>3</name>
		<pose>Unspecified</pose>
		<truncated>0</truncated>
		<difficult>0</difficult>
		<rectangle>
			<xmin>1442</xmin>
			<ymin>510</ymin>
			<xmax>1540</xmax>
			<ymax>796</ymax>
		</rectangle>
	</object>
	<object>
		<name>4</name>
		<pose>Unspecified</pose>
		<truncated>0</truncated>
		<difficult>0</difficult>
		<rectangle>
			<xmin>549</xmin>
			<ymin>429</ymin>
			<xmax>853</xmax>
			<ymax>1219</ymax>
		</rectangle>
	</object>
	<object>
		<name>5</name>
		<pose>Unspecified</pose>
		<truncated>0</truncated>
		<difficult>0</difficult>
		<rectangle>
			<xmin>1760</xmin>
			<ymin>526</ymin>
			<xmax>2105</xmax>
			<ymax>1447</ymax>
		</rectangle>
	</object>
	<object>
		<name>7</name>
		<pose>Unspecified</pose>
		<truncated>0</truncated>
		<difficult>0</difficult>
		<rectangle>
			<xmin>1157</xmin>
			<ymin>488</ymin>
			<xmax>1240</xmax>
			<ymax>792</ymax>
		</rectangle>
	</object>
</annotation>
