<annotation>
	<folder>V0-S_canteen_0-G_1_hor</folder>
	<filename>0251.jpg</filename>
	<source>
		<database>My Database</database>
		<annotation>VOC2007</annotation>
		<image>flickr</image>
		<flickrid>NULL</flickrid>
	</source>
	<owner>
		<flickrid>NULL</flickrid>
		<name>dcx</name>
	</owner>
	<size>
		<width>2704</width>
		<height>1520</height>
		<depth>3</depth>
	</size>
	<segmented>0</segmented>
	<object>
		<name>6</name>
		<pose>Unspecified</pose>
		<truncated>0</truncated>
		<difficult>0</difficult>
		<rectangle>
			<xmin>1782</xmin>
			<ymin>558</ymin>
			<xmax>1877</xmax>
			<ymax>791</ymax>
		</rectangle>
	</object>
	<object>
		<name>4</name>
		<pose>Unspecified</pose>
		<truncated>0</truncated>
		<difficult>0</difficult>
		<rectangle>
			<xmin>551</xmin>
			<ymin>427</ymin>
			<xmax>839</xmax>
			<ymax>1214</ymax>
		</rectangle>
	</object>
	<object>
		<name>7</name>
		<pose>Unspecified</pose>
		<truncated>0</truncated>
		<difficult>0</difficult>
		<rectangle>
			<xmin>1164</xmin>
			<ymin>489</ymin>
			<xmax>1244</xmax>
			<ymax>793</ymax>
		</rectangle>
	</object>
	<object>
		<name>3</name>
		<pose>Unspecified</pose>
		<truncated>0</truncated>
		<difficult>0</difficult>
		<rectangle>
			<xmin>1443</xmin>
			<ymin>510</ymin>
			<xmax>1537</xmax>
			<ymax>798</ymax>
		</rectangle>
	</object>
	<object>
		<name>5</name>
		<pose>Unspecified</pose>
		<truncated>0</truncated>
		<difficult>0</difficult>
		<rectangle>
			<xmin>1786</xmin>
			<ymin>526</ymin>
			<xmax>2115</xmax>
			<ymax>1448</ymax>
		</rectangle>
	</object>
	<object>
		<name>1</name>
		<pose>Unspecified</pose>
		<truncated>0</truncated>
		<difficult>0</difficult>
		<rectangle>
			<xmin>2063</xmin>
			<ymin>574</ymin>
			<xmax>2144</xmax>
			<ymax>792</ymax>
		</rectangle>
	</object>
</annotation>
