<annotation>
	<folder>V0-S_canteen_0-G_1_hor</folder>
	<filename>0252.jpg</filename>
	<source>
		<database>My Database</database>
		<annotation>VOC2007</annotation>
		<image>flickr</image>
		<flickrid>NULL</flickrid>
	</source>
	<owner>
		<flickrid>NULL</flickrid>
		<name>dcx</name>
	</owner>
	<size>
		<width>2704</width>
		<height>1520</height>
		<depth>3</depth>
	</size>
	<segmented>0</segmented>
	<object>
		<name>3</name>
		<pose>Unspecified</pose>
		<truncated>0</truncated>
		<difficult>0</difficult>
		<rectangle>
			<xmin>1442</xmin>
			<ymin>509</ymin>
			<xmax>1537</xmax>
			<ymax>799</ymax>
		</rectangle>
	</object>
	<object>
		<name>4</name>
		<pose>Unspecified</pose>
		<truncated>0</truncated>
		<difficult>0</difficult>
		<rectangle>
			<xmin>535</xmin>
			<ymin>426</ymin>
			<xmax>827</xmax>
			<ymax>1216</ymax>
		</rectangle>
	</object>
	<object>
		<name>5</name>
		<pose>Unspecified</pose>
		<truncated>0</truncated>
		<difficult>0</difficult>
		<rectangle>
			<xmin>1793</xmin>
			<ymin>532</ymin>
			<xmax>2122</xmax>
			<ymax>1450</ymax>
		</rectangle>
	</object>
	<object>
		<name>6</name>
		<pose>Unspecified</pose>
		<truncated>0</truncated>
		<difficult>0</difficult>
		<rectangle>
			<xmin>1779</xmin>
			<ymin>557</ymin>
			<xmax>1873</xmax>
			<ymax>791</ymax>
		</rectangle>
	</object>
	<object>
		<name>7</name>
		<pose>Unspecified</pose>
		<truncated>0</truncated>
		<difficult>0</difficult>
		<rectangle>
			<xmin>1166</xmin>
			<ymin>491</ymin>
			<xmax>1253</xmax>
			<ymax>793</ymax>
		</rectangle>
	</object>
</annotation>
