<annotation>
	<folder>V0-S_canteen_0-G_1_hor</folder>
	<filename>0253.jpg</filename>
	<source>
		<database>My Database</database>
		<annotation>VOC2007</annotation>
		<image>flickr</image>
		<flickrid>NULL</flickrid>
	</source>
	<owner>
		<flickrid>NULL</flickrid>
		<name>dcx</name>
	</owner>
	<size>
		<width>2704</width>
		<height>1520</height>
		<depth>3</depth>
	</size>
	<segmented>0</segmented>
	<object>
		<name>3</name>
		<pose>Unspecified</pose>
		<truncated>0</truncated>
		<difficult>0</difficult>
		<rectangle>
			<xmin>1441</xmin>
			<ymin>508</ymin>
			<xmax>1537</xmax>
			<ymax>800</ymax>
		</rectangle>
	</object>
	<object>
		<name>4</name>
		<pose>Unspecified</pose>
		<truncated>0</truncated>
		<difficult>0</difficult>
		<rectangle>
			<xmin>519</xmin>
			<ymin>425</ymin>
			<xmax>815</xmax>
			<ymax>1217</ymax>
		</rectangle>
	</object>
	<object>
		<name>5</name>
		<pose>Unspecified</pose>
		<truncated>0</truncated>
		<difficult>0</difficult>
		<rectangle>
			<xmin>1800</xmin>
			<ymin>538</ymin>
			<xmax>2129</xmax>
			<ymax>1452</ymax>
		</rectangle>
	</object>
	<object>
		<name>6</name>
		<pose>Unspecified</pose>
		<truncated>0</truncated>
		<difficult>0</difficult>
		<rectangle>
			<xmin>1776</xmin>
			<ymin>556</ymin>
			<xmax>1869</xmax>
			<ymax>791</ymax>
		</rectangle>
	</object>
	<object>
		<name>7</name>
		<pose>Unspecified</pose>
		<truncated>0</truncated>
		<difficult>0</difficult>
		<rectangle>
			<xmin>1168</xmin>
			<ymin>492</ymin>
			<xmax>1262</xmax>
			<ymax>793</ymax>
		</rectangle>
	</object>
</annotation>
