<annotation>
	<folder>V0-S_canteen_0-G_1_hor</folder>
	<filename>0257.jpg</filename>
	<source>
		<database>My Database</database>
		<annotation>VOC2007</annotation>
		<image>flickr</image>
		<flickrid>NULL</flickrid>
	</source>
	<owner>
		<flickrid>NULL</flickrid>
		<name>dcx</name>
	</owner>
	<size>
		<width>2704</width>
		<height>1520</height>
		<depth>3</depth>
	</size>
	<segmented>0</segmented>
	<object>
		<name>3</name>
		<pose>Unspecified</pose>
		<truncated>0</truncated>
		<difficult>0</difficult>
		<rectangle>
			<xmin>1433</xmin>
			<ymin>506</ymin>
			<xmax>1535</xmax>
			<ymax>804</ymax>
		</rectangle>
	</object>
	<object>
		<name>4</name>
		<pose>Unspecified</pose>
		<truncated>0</truncated>
		<difficult>0</difficult>
		<rectangle>
			<xmin>454</xmin>
			<ymin>423</ymin>
			<xmax>773</xmax>
			<ymax>1222</ymax>
		</rectangle>
	</object>
	<object>
		<name>5</name>
		<pose>Unspecified</pose>
		<truncated>0</truncated>
		<difficult>0</difficult>
		<rectangle>
			<xmin>1825</xmin>
			<ymin>557</ymin>
			<xmax>2155</xmax>
			<ymax>1454</ymax>
		</rectangle>
	</object>
	<object>
		<name>6</name>
		<pose>Unspecified</pose>
		<truncated>0</truncated>
		<difficult>0</difficult>
		<rectangle>
			<xmin>1758</xmin>
			<ymin>552</ymin>
			<xmax>1856</xmax>
			<ymax>792</ymax>
		</rectangle>
	</object>
	<object>
		<name>7</name>
		<pose>Unspecified</pose>
		<truncated>0</truncated>
		<difficult>0</difficult>
		<rectangle>
			<xmin>1173</xmin>
			<ymin>498</ymin>
			<xmax>1290</xmax>
			<ymax>793</ymax>
		</rectangle>
	</object>
</annotation>
