<annotation>
	<folder>V0-S_canteen_0-G_1_hor</folder>
	<filename>0258.jpg</filename>
	<source>
		<database>My Database</database>
		<annotation>VOC2007</annotation>
		<image>flickr</image>
		<flickrid>NULL</flickrid>
	</source>
	<owner>
		<flickrid>NULL</flickrid>
		<name>dcx</name>
	</owner>
	<size>
		<width>2704</width>
		<height>1520</height>
		<depth>3</depth>
	</size>
	<segmented>0</segmented>
	<object>
		<name>3</name>
		<pose>Unspecified</pose>
		<truncated>0</truncated>
		<difficult>0</difficult>
		<rectangle>
			<xmin>1429</xmin>
			<ymin>508</ymin>
			<xmax>1532</xmax>
			<ymax>806</ymax>
		</rectangle>
	</object>
	<object>
		<name>4</name>
		<pose>Unspecified</pose>
		<truncated>0</truncated>
		<difficult>0</difficult>
		<rectangle>
			<xmin>439</xmin>
			<ymin>424</ymin>
			<xmax>767</xmax>
			<ymax>1222</ymax>
		</rectangle>
	</object>
	<object>
		<name>5</name>
		<pose>Unspecified</pose>
		<truncated>0</truncated>
		<difficult>0</difficult>
		<rectangle>
			<xmin>1829</xmin>
			<ymin>556</ymin>
			<xmax>2159</xmax>
			<ymax>1452</ymax>
		</rectangle>
	</object>
	<object>
		<name>6</name>
		<pose>Unspecified</pose>
		<truncated>0</truncated>
		<difficult>0</difficult>
		<rectangle>
			<xmin>1748</xmin>
			<ymin>552</ymin>
			<xmax>1854</xmax>
			<ymax>792</ymax>
		</rectangle>
	</object>
	<object>
		<name>7</name>
		<pose>Unspecified</pose>
		<truncated>0</truncated>
		<difficult>0</difficult>
		<rectangle>
			<xmin>1173</xmin>
			<ymin>499</ymin>
			<xmax>1290</xmax>
			<ymax>793</ymax>
		</rectangle>
	</object>
</annotation>
