<annotation>
	<folder>V0-S_canteen_0-G_1_hor</folder>
	<filename>0259.jpg</filename>
	<source>
		<database>My Database</database>
		<annotation>VOC2007</annotation>
		<image>flickr</image>
		<flickrid>NULL</flickrid>
	</source>
	<owner>
		<flickrid>NULL</flickrid>
		<name>dcx</name>
	</owner>
	<size>
		<width>2704</width>
		<height>1520</height>
		<depth>3</depth>
	</size>
	<segmented>0</segmented>
	<object>
		<name>3</name>
		<pose>Unspecified</pose>
		<truncated>0</truncated>
		<difficult>0</difficult>
		<rectangle>
			<xmin>1424</xmin>
			<ymin>509</ymin>
			<xmax>1530</xmax>
			<ymax>807</ymax>
		</rectangle>
	</object>
	<object>
		<name>4</name>
		<pose>Unspecified</pose>
		<truncated>0</truncated>
		<difficult>0</difficult>
		<rectangle>
			<xmin>423</xmin>
			<ymin>424</ymin>
			<xmax>760</xmax>
			<ymax>1222</ymax>
		</rectangle>
	</object>
	<object>
		<name>5</name>
		<pose>Unspecified</pose>
		<truncated>0</truncated>
		<difficult>0</difficult>
		<rectangle>
			<xmin>1834</xmin>
			<ymin>556</ymin>
			<xmax>2162</xmax>
			<ymax>1449</ymax>
		</rectangle>
	</object>
	<object>
		<name>6</name>
		<pose>Unspecified</pose>
		<truncated>0</truncated>
		<difficult>0</difficult>
		<rectangle>
			<xmin>1739</xmin>
			<ymin>552</ymin>
			<xmax>1853</xmax>
			<ymax>791</ymax>
		</rectangle>
	</object>
	<object>
		<name>7</name>
		<pose>Unspecified</pose>
		<truncated>0</truncated>
		<difficult>0</difficult>
		<rectangle>
			<xmin>1174</xmin>
			<ymin>500</ymin>
			<xmax>1290</xmax>
			<ymax>792</ymax>
		</rectangle>
	</object>
</annotation>
