<annotation>
	<folder>V0-S_canteen_0-G_1_hor</folder>
	<filename>0260.jpg</filename>
	<source>
		<database>My Database</database>
		<annotation>VOC2007</annotation>
		<image>flickr</image>
		<flickrid>NULL</flickrid>
	</source>
	<owner>
		<flickrid>NULL</flickrid>
		<name>dcx</name>
	</owner>
	<size>
		<width>2704</width>
		<height>1520</height>
		<depth>3</depth>
	</size>
	<segmented>0</segmented>
	<object>
		<name>3</name>
		<pose>Unspecified</pose>
		<truncated>0</truncated>
		<difficult>0</difficult>
		<rectangle>
			<xmin>1420</xmin>
			<ymin>511</ymin>
			<xmax>1527</xmax>
			<ymax>809</ymax>
		</rectangle>
	</object>
	<object>
		<name>4</name>
		<pose>Unspecified</pose>
		<truncated>0</truncated>
		<difficult>0</difficult>
		<rectangle>
			<xmin>408</xmin>
			<ymin>425</ymin>
			<xmax>754</xmax>
			<ymax>1222</ymax>
		</rectangle>
	</object>
	<object>
		<name>5</name>
		<pose>Unspecified</pose>
		<truncated>0</truncated>
		<difficult>0</difficult>
		<rectangle>
			<xmin>1838</xmin>
			<ymin>555</ymin>
			<xmax>2166</xmax>
			<ymax>1447</ymax>
		</rectangle>
	</object>
	<object>
		<name>6</name>
		<pose>Unspecified</pose>
		<truncated>0</truncated>
		<difficult>0</difficult>
		<rectangle>
			<xmin>1729</xmin>
			<ymin>552</ymin>
			<xmax>1851</xmax>
			<ymax>791</ymax>
		</rectangle>
	</object>
	<object>
		<name>7</name>
		<pose>Unspecified</pose>
		<truncated>0</truncated>
		<difficult>0</difficult>
		<rectangle>
			<xmin>1174</xmin>
			<ymin>501</ymin>
			<xmax>1290</xmax>
			<ymax>792</ymax>
		</rectangle>
	</object>
</annotation>
