<annotation>
	<folder>V0-S_canteen_0-G_1_hor</folder>
	<filename>0262.jpg</filename>
	<source>
		<database>My Database</database>
		<annotation>VOC2007</annotation>
		<image>flickr</image>
		<flickrid>NULL</flickrid>
	</source>
	<owner>
		<flickrid>NULL</flickrid>
		<name>dcx</name>
	</owner>
	<size>
		<width>2704</width>
		<height>1520</height>
		<depth>3</depth>
	</size>
	<segmented>0</segmented>
	<object>
		<name>3</name>
		<pose>Unspecified</pose>
		<truncated>0</truncated>
		<difficult>0</difficult>
		<rectangle>
			<xmin>1414</xmin>
			<ymin>512</ymin>
			<xmax>1524</xmax>
			<ymax>811</ymax>
		</rectangle>
	</object>
	<object>
		<name>4</name>
		<pose>Unspecified</pose>
		<truncated>0</truncated>
		<difficult>0</difficult>
		<rectangle>
			<xmin>395</xmin>
			<ymin>425</ymin>
			<xmax>743</xmax>
			<ymax>1219</ymax>
		</rectangle>
	</object>
	<object>
		<name>5</name>
		<pose>Unspecified</pose>
		<truncated>0</truncated>
		<difficult>0</difficult>
		<rectangle>
			<xmin>1853</xmin>
			<ymin>553</ymin>
			<xmax>2175</xmax>
			<ymax>1429</ymax>
		</rectangle>
	</object>
	<object>
		<name>6</name>
		<pose>Unspecified</pose>
		<truncated>0</truncated>
		<difficult>0</difficult>
		<rectangle>
			<xmin>1712</xmin>
			<ymin>551</ymin>
			<xmax>1849</xmax>
			<ymax>791</ymax>
		</rectangle>
	</object>
	<object>
		<name>7</name>
		<pose>Unspecified</pose>
		<truncated>0</truncated>
		<difficult>0</difficult>
		<rectangle>
			<xmin>1179</xmin>
			<ymin>501</ymin>
			<xmax>1295</xmax>
			<ymax>791</ymax>
		</rectangle>
	</object>
</annotation>
