<annotation>
	<folder>V0-S_canteen_0-G_1_hor</folder>
	<filename>0263.jpg</filename>
	<source>
		<database>My Database</database>
		<annotation>VOC2007</annotation>
		<image>flickr</image>
		<flickrid>NULL</flickrid>
	</source>
	<owner>
		<flickrid>NULL</flickrid>
		<name>dcx</name>
	</owner>
	<size>
		<width>2704</width>
		<height>1520</height>
		<depth>3</depth>
	</size>
	<segmented>0</segmented>
	<object>
		<name>3</name>
		<pose>Unspecified</pose>
		<truncated>0</truncated>
		<difficult>0</difficult>
		<rectangle>
			<xmin>1413</xmin>
			<ymin>512</ymin>
			<xmax>1523</xmax>
			<ymax>812</ymax>
		</rectangle>
	</object>
	<object>
		<name>4</name>
		<pose>Unspecified</pose>
		<truncated>0</truncated>
		<difficult>0</difficult>
		<rectangle>
			<xmin>398</xmin>
			<ymin>424</ymin>
			<xmax>739</xmax>
			<ymax>1217</ymax>
		</rectangle>
	</object>
	<object>
		<name>5</name>
		<pose>Unspecified</pose>
		<truncated>0</truncated>
		<difficult>0</difficult>
		<rectangle>
			<xmin>1864</xmin>
			<ymin>551</ymin>
			<xmax>2180</xmax>
			<ymax>1415</ymax>
		</rectangle>
	</object>
	<object>
		<name>6</name>
		<pose>Unspecified</pose>
		<truncated>0</truncated>
		<difficult>0</difficult>
		<rectangle>
			<xmin>1705</xmin>
			<ymin>550</ymin>
			<xmax>1848</xmax>
			<ymax>790</ymax>
		</rectangle>
	</object>
	<object>
		<name>7</name>
		<pose>Unspecified</pose>
		<truncated>0</truncated>
		<difficult>0</difficult>
		<rectangle>
			<xmin>1185</xmin>
			<ymin>500</ymin>
			<xmax>1300</xmax>
			<ymax>790</ymax>
		</rectangle>
	</object>
</annotation>
