<annotation>
	<folder>V0-S_canteen_0-G_1_hor</folder>
	<filename>0264.jpg</filename>
	<source>
		<database>My Database</database>
		<annotation>VOC2007</annotation>
		<image>flickr</image>
		<flickrid>NULL</flickrid>
	</source>
	<owner>
		<flickrid>NULL</flickrid>
		<name>dcx</name>
	</owner>
	<size>
		<width>2704</width>
		<height>1520</height>
		<depth>3</depth>
	</size>
	<segmented>0</segmented>
	<object>
		<name>3</name>
		<pose>Unspecified</pose>
		<truncated>0</truncated>
		<difficult>0</difficult>
		<rectangle>
			<xmin>1411</xmin>
			<ymin>511</ymin>
			<xmax>1523</xmax>
			<ymax>812</ymax>
		</rectangle>
	</object>
	<object>
		<name>4</name>
		<pose>Unspecified</pose>
		<truncated>0</truncated>
		<difficult>0</difficult>
		<rectangle>
			<xmin>400</xmin>
			<ymin>422</ymin>
			<xmax>736</xmax>
			<ymax>1214</ymax>
		</rectangle>
	</object>
	<object>
		<name>5</name>
		<pose>Unspecified</pose>
		<truncated>0</truncated>
		<difficult>0</difficult>
		<rectangle>
			<xmin>1874</xmin>
			<ymin>548</ymin>
			<xmax>2185</xmax>
			<ymax>1400</ymax>
		</rectangle>
	</object>
	<object>
		<name>6</name>
		<pose>Unspecified</pose>
		<truncated>0</truncated>
		<difficult>0</difficult>
		<rectangle>
			<xmin>1699</xmin>
			<ymin>549</ymin>
			<xmax>1846</xmax>
			<ymax>790</ymax>
		</rectangle>
	</object>
	<object>
		<name>7</name>
		<pose>Unspecified</pose>
		<truncated>0</truncated>
		<difficult>0</difficult>
		<rectangle>
			<xmin>1190</xmin>
			<ymin>499</ymin>
			<xmax>1305</xmax>
			<ymax>788</ymax>
		</rectangle>
	</object>
</annotation>
