<annotation>
	<folder>V0-S_canteen_0-G_1_hor</folder>
	<filename>0265.jpg</filename>
	<source>
		<database>My Database</database>
		<annotation>VOC2007</annotation>
		<image>flickr</image>
		<flickrid>NULL</flickrid>
	</source>
	<owner>
		<flickrid>NULL</flickrid>
		<name>dcx</name>
	</owner>
	<size>
		<width>2704</width>
		<height>1520</height>
		<depth>3</depth>
	</size>
	<segmented>0</segmented>
	<object>
		<name>3</name>
		<pose>Unspecified</pose>
		<truncated>0</truncated>
		<difficult>0</difficult>
		<rectangle>
			<xmin>1410</xmin>
			<ymin>511</ymin>
			<xmax>1522</xmax>
			<ymax>813</ymax>
		</rectangle>
	</object>
	<object>
		<name>4</name>
		<pose>Unspecified</pose>
		<truncated>0</truncated>
		<difficult>0</difficult>
		<rectangle>
			<xmin>403</xmin>
			<ymin>421</ymin>
			<xmax>732</xmax>
			<ymax>1212</ymax>
		</rectangle>
	</object>
	<object>
		<name>5</name>
		<pose>Unspecified</pose>
		<truncated>0</truncated>
		<difficult>0</difficult>
		<rectangle>
			<xmin>1885</xmin>
			<ymin>546</ymin>
			<xmax>2190</xmax>
			<ymax>1386</ymax>
		</rectangle>
	</object>
	<object>
		<name>6</name>
		<pose>Unspecified</pose>
		<truncated>0</truncated>
		<difficult>0</difficult>
		<rectangle>
			<xmin>1692</xmin>
			<ymin>548</ymin>
			<xmax>1845</xmax>
			<ymax>789</ymax>
		</rectangle>
	</object>
	<object>
		<name>7</name>
		<pose>Unspecified</pose>
		<truncated>0</truncated>
		<difficult>0</difficult>
		<rectangle>
			<xmin>1196</xmin>
			<ymin>498</ymin>
			<xmax>1310</xmax>
			<ymax>787</ymax>
		</rectangle>
	</object>
</annotation>
