<annotation>
	<folder>V0-S_canteen_0-G_1_hor</folder>
	<filename>0267.jpg</filename>
	<source>
		<database>My Database</database>
		<annotation>VOC2007</annotation>
		<image>flickr</image>
		<flickrid>NULL</flickrid>
	</source>
	<owner>
		<flickrid>NULL</flickrid>
		<name>dcx</name>
	</owner>
	<size>
		<width>2704</width>
		<height>1520</height>
		<depth>3</depth>
	</size>
	<segmented>0</segmented>
	<object>
		<name>3</name>
		<pose>Unspecified</pose>
		<truncated>0</truncated>
		<difficult>0</difficult>
		<rectangle>
			<xmin>1409</xmin>
			<ymin>509</ymin>
			<xmax>1520</xmax>
			<ymax>813</ymax>
		</rectangle>
	</object>
	<object>
		<name>4</name>
		<pose>Unspecified</pose>
		<truncated>0</truncated>
		<difficult>0</difficult>
		<rectangle>
			<xmin>412</xmin>
			<ymin>419</ymin>
			<xmax>725</xmax>
			<ymax>1198</ymax>
		</rectangle>
	</object>
	<object>
		<name>5</name>
		<pose>Unspecified</pose>
		<truncated>0</truncated>
		<difficult>0</difficult>
		<rectangle>
			<xmin>1901</xmin>
			<ymin>544</ymin>
			<xmax>2200</xmax>
			<ymax>1364</ymax>
		</rectangle>
	</object>
	<object>
		<name>6</name>
		<pose>Unspecified</pose>
		<truncated>0</truncated>
		<difficult>0</difficult>
		<rectangle>
			<xmin>1684</xmin>
			<ymin>546</ymin>
			<xmax>1833</xmax>
			<ymax>787</ymax>
		</rectangle>
	</object>
	<object>
		<name>7</name>
		<pose>Unspecified</pose>
		<truncated>0</truncated>
		<difficult>0</difficult>
		<rectangle>
			<xmin>1210</xmin>
			<ymin>498</ymin>
			<xmax>1320</xmax>
			<ymax>786</ymax>
		</rectangle>
	</object>
</annotation>
