<annotation>
	<folder>V0-S_canteen_0-G_1_hor</folder>
	<filename>0268.jpg</filename>
	<source>
		<database>My Database</database>
		<annotation>VOC2007</annotation>
		<image>flickr</image>
		<flickrid>NULL</flickrid>
	</source>
	<owner>
		<flickrid>NULL</flickrid>
		<name>dcx</name>
	</owner>
	<size>
		<width>2704</width>
		<height>1520</height>
		<depth>3</depth>
	</size>
	<segmented>0</segmented>
	<object>
		<name>3</name>
		<pose>Unspecified</pose>
		<truncated>0</truncated>
		<difficult>0</difficult>
		<rectangle>
			<xmin>1409</xmin>
			<ymin>507</ymin>
			<xmax>1519</xmax>
			<ymax>814</ymax>
		</rectangle>
	</object>
	<object>
		<name>4</name>
		<pose>Unspecified</pose>
		<truncated>0</truncated>
		<difficult>0</difficult>
		<rectangle>
			<xmin>418</xmin>
			<ymin>418</ymin>
			<xmax>723</xmax>
			<ymax>1187</ymax>
		</rectangle>
	</object>
	<object>
		<name>5</name>
		<pose>Unspecified</pose>
		<truncated>0</truncated>
		<difficult>0</difficult>
		<rectangle>
			<xmin>1908</xmin>
			<ymin>544</ymin>
			<xmax>2206</xmax>
			<ymax>1356</ymax>
		</rectangle>
	</object>
	<object>
		<name>6</name>
		<pose>Unspecified</pose>
		<truncated>0</truncated>
		<difficult>0</difficult>
		<rectangle>
			<xmin>1683</xmin>
			<ymin>544</ymin>
			<xmax>1823</xmax>
			<ymax>786</ymax>
		</rectangle>
	</object>
	<object>
		<name>7</name>
		<pose>Unspecified</pose>
		<truncated>0</truncated>
		<difficult>0</difficult>
		<rectangle>
			<xmin>1218</xmin>
			<ymin>498</ymin>
			<xmax>1325</xmax>
			<ymax>785</ymax>
		</rectangle>
	</object>
</annotation>
