<annotation>
	<folder>V0-S_canteen_0-G_1_hor</folder>
	<filename>0269.jpg</filename>
	<source>
		<database>My Database</database>
		<annotation>VOC2007</annotation>
		<image>flickr</image>
		<flickrid>NULL</flickrid>
	</source>
	<owner>
		<flickrid>NULL</flickrid>
		<name>dcx</name>
	</owner>
	<size>
		<width>2704</width>
		<height>1520</height>
		<depth>3</depth>
	</size>
	<segmented>0</segmented>
	<object>
		<name>3</name>
		<pose>Unspecified</pose>
		<truncated>0</truncated>
		<difficult>0</difficult>
		<rectangle>
			<xmin>1410</xmin>
			<ymin>504</ymin>
			<xmax>1518</xmax>
			<ymax>814</ymax>
		</rectangle>
	</object>
	<object>
		<name>4</name>
		<pose>Unspecified</pose>
		<truncated>0</truncated>
		<difficult>0</difficult>
		<rectangle>
			<xmin>425</xmin>
			<ymin>416</ymin>
			<xmax>720</xmax>
			<ymax>1175</ymax>
		</rectangle>
	</object>
	<object>
		<name>5</name>
		<pose>Unspecified</pose>
		<truncated>0</truncated>
		<difficult>0</difficult>
		<rectangle>
			<xmin>1914</xmin>
			<ymin>545</ymin>
			<xmax>2211</xmax>
			<ymax>1349</ymax>
		</rectangle>
	</object>
	<object>
		<name>6</name>
		<pose>Unspecified</pose>
		<truncated>0</truncated>
		<difficult>0</difficult>
		<rectangle>
			<xmin>1681</xmin>
			<ymin>543</ymin>
			<xmax>1812</xmax>
			<ymax>784</ymax>
		</rectangle>
	</object>
	<object>
		<name>7</name>
		<pose>Unspecified</pose>
		<truncated>0</truncated>
		<difficult>0</difficult>
		<rectangle>
			<xmin>1227</xmin>
			<ymin>499</ymin>
			<xmax>1331</xmax>
			<ymax>785</ymax>
		</rectangle>
	</object>
</annotation>
