<annotation>
	<folder>V0-S_canteen_0-G_1_hor</folder>
	<filename>0270.jpg</filename>
	<source>
		<database>My Database</database>
		<annotation>VOC2007</annotation>
		<image>flickr</image>
		<flickrid>NULL</flickrid>
	</source>
	<owner>
		<flickrid>NULL</flickrid>
		<name>dcx</name>
	</owner>
	<size>
		<width>2704</width>
		<height>1520</height>
		<depth>3</depth>
	</size>
	<segmented>0</segmented>
	<object>
		<name>3</name>
		<pose>Unspecified</pose>
		<truncated>0</truncated>
		<difficult>0</difficult>
		<rectangle>
			<xmin>1410</xmin>
			<ymin>502</ymin>
			<xmax>1517</xmax>
			<ymax>815</ymax>
		</rectangle>
	</object>
	<object>
		<name>4</name>
		<pose>Unspecified</pose>
		<truncated>0</truncated>
		<difficult>0</difficult>
		<rectangle>
			<xmin>431</xmin>
			<ymin>415</ymin>
			<xmax>718</xmax>
			<ymax>1164</ymax>
		</rectangle>
	</object>
	<object>
		<name>5</name>
		<pose>Unspecified</pose>
		<truncated>0</truncated>
		<difficult>0</difficult>
		<rectangle>
			<xmin>1921</xmin>
			<ymin>545</ymin>
			<xmax>2217</xmax>
			<ymax>1341</ymax>
		</rectangle>
	</object>
	<object>
		<name>6</name>
		<pose>Unspecified</pose>
		<truncated>0</truncated>
		<difficult>0</difficult>
		<rectangle>
			<xmin>1680</xmin>
			<ymin>541</ymin>
			<xmax>1802</xmax>
			<ymax>783</ymax>
		</rectangle>
	</object>
	<object>
		<name>7</name>
		<pose>Unspecified</pose>
		<truncated>0</truncated>
		<difficult>0</difficult>
		<rectangle>
			<xmin>1235</xmin>
			<ymin>499</ymin>
			<xmax>1336</xmax>
			<ymax>784</ymax>
		</rectangle>
	</object>
</annotation>
