<annotation>
	<folder>V0-S_canteen_0-G_1_hor</folder>
	<filename>0272.jpg</filename>
	<source>
		<database>My Database</database>
		<annotation>VOC2007</annotation>
		<image>flickr</image>
		<flickrid>NULL</flickrid>
	</source>
	<owner>
		<flickrid>NULL</flickrid>
		<name>dcx</name>
	</owner>
	<size>
		<width>2704</width>
		<height>1520</height>
		<depth>3</depth>
	</size>
	<segmented>0</segmented>
	<object>
		<name>3</name>
		<pose>Unspecified</pose>
		<truncated>0</truncated>
		<difficult>0</difficult>
		<rectangle>
			<xmin>1408</xmin>
			<ymin>499</ymin>
			<xmax>1514</xmax>
			<ymax>814</ymax>
		</rectangle>
	</object>
	<object>
		<name>4</name>
		<pose>Unspecified</pose>
		<truncated>0</truncated>
		<difficult>0</difficult>
		<rectangle>
			<xmin>431</xmin>
			<ymin>414</ymin>
			<xmax>710</xmax>
			<ymax>1148</ymax>
		</rectangle>
	</object>
	<object>
		<name>5</name>
		<pose>Unspecified</pose>
		<truncated>0</truncated>
		<difficult>0</difficult>
		<rectangle>
			<xmin>1929</xmin>
			<ymin>546</ymin>
			<xmax>2228</xmax>
			<ymax>1332</ymax>
		</rectangle>
	</object>
	<object>
		<name>6</name>
		<pose>Unspecified</pose>
		<truncated>0</truncated>
		<difficult>0</difficult>
		<rectangle>
			<xmin>1676</xmin>
			<ymin>539</ymin>
			<xmax>1783</xmax>
			<ymax>780</ymax>
		</rectangle>
	</object>
	<object>
		<name>7</name>
		<pose>Unspecified</pose>
		<truncated>0</truncated>
		<difficult>0</difficult>
		<rectangle>
			<xmin>1248</xmin>
			<ymin>500</ymin>
			<xmax>1343</xmax>
			<ymax>783</ymax>
		</rectangle>
	</object>
</annotation>
