<annotation>
	<folder>V0-S_canteen_0-G_1_hor</folder>
	<filename>0273.jpg</filename>
	<source>
		<database>My Database</database>
		<annotation>VOC2007</annotation>
		<image>flickr</image>
		<flickrid>NULL</flickrid>
	</source>
	<owner>
		<flickrid>NULL</flickrid>
		<name>dcx</name>
	</owner>
	<size>
		<width>2704</width>
		<height>1520</height>
		<depth>3</depth>
	</size>
	<segmented>0</segmented>
	<object>
		<name>3</name>
		<pose>Unspecified</pose>
		<truncated>0</truncated>
		<difficult>0</difficult>
		<rectangle>
			<xmin>1407</xmin>
			<ymin>498</ymin>
			<xmax>1512</xmax>
			<ymax>814</ymax>
		</rectangle>
	</object>
	<object>
		<name>4</name>
		<pose>Unspecified</pose>
		<truncated>0</truncated>
		<difficult>0</difficult>
		<rectangle>
			<xmin>425</xmin>
			<ymin>415</ymin>
			<xmax>706</xmax>
			<ymax>1143</ymax>
		</rectangle>
	</object>
	<object>
		<name>5</name>
		<pose>Unspecified</pose>
		<truncated>0</truncated>
		<difficult>0</difficult>
		<rectangle>
			<xmin>1931</xmin>
			<ymin>547</ymin>
			<xmax>2234</xmax>
			<ymax>1331</ymax>
		</rectangle>
	</object>
	<object>
		<name>6</name>
		<pose>Unspecified</pose>
		<truncated>0</truncated>
		<difficult>0</difficult>
		<rectangle>
			<xmin>1673</xmin>
			<ymin>537</ymin>
			<xmax>1776</xmax>
			<ymax>779</ymax>
		</rectangle>
	</object>
	<object>
		<name>7</name>
		<pose>Unspecified</pose>
		<truncated>0</truncated>
		<difficult>0</difficult>
		<rectangle>
			<xmin>1251</xmin>
			<ymin>500</ymin>
			<xmax>1345</xmax>
			<ymax>782</ymax>
		</rectangle>
	</object>
</annotation>
