<annotation>
	<folder>V0-S_canteen_0-G_1_hor</folder>
	<filename>0274.jpg</filename>
	<source>
		<database>My Database</database>
		<annotation>VOC2007</annotation>
		<image>flickr</image>
		<flickrid>NULL</flickrid>
	</source>
	<owner>
		<flickrid>NULL</flickrid>
		<name>dcx</name>
	</owner>
	<size>
		<width>2704</width>
		<height>1520</height>
		<depth>3</depth>
	</size>
	<segmented>0</segmented>
	<object>
		<name>3</name>
		<pose>Unspecified</pose>
		<truncated>0</truncated>
		<difficult>0</difficult>
		<rectangle>
			<xmin>1405</xmin>
			<ymin>498</ymin>
			<xmax>1510</xmax>
			<ymax>813</ymax>
		</rectangle>
	</object>
	<object>
		<name>4</name>
		<pose>Unspecified</pose>
		<truncated>0</truncated>
		<difficult>0</difficult>
		<rectangle>
			<xmin>419</xmin>
			<ymin>415</ymin>
			<xmax>701</xmax>
			<ymax>1138</ymax>
		</rectangle>
	</object>
	<object>
		<name>5</name>
		<pose>Unspecified</pose>
		<truncated>0</truncated>
		<difficult>0</difficult>
		<rectangle>
			<xmin>1933</xmin>
			<ymin>549</ymin>
			<xmax>2240</xmax>
			<ymax>1329</ymax>
		</rectangle>
	</object>
	<object>
		<name>6</name>
		<pose>Unspecified</pose>
		<truncated>0</truncated>
		<difficult>0</difficult>
		<rectangle>
			<xmin>1669</xmin>
			<ymin>536</ymin>
			<xmax>1768</xmax>
			<ymax>777</ymax>
		</rectangle>
	</object>
	<object>
		<name>7</name>
		<pose>Unspecified</pose>
		<truncated>0</truncated>
		<difficult>0</difficult>
		<rectangle>
			<xmin>1255</xmin>
			<ymin>500</ymin>
			<xmax>1346</xmax>
			<ymax>782</ymax>
		</rectangle>
	</object>
</annotation>
