<annotation>
	<folder>V0-S_canteen_0-G_1_hor</folder>
	<filename>0276.jpg</filename>
	<source>
		<database>My Database</database>
		<annotation>VOC2007</annotation>
		<image>flickr</image>
		<flickrid>NULL</flickrid>
	</source>
	<owner>
		<flickrid>NULL</flickrid>
		<name>dcx</name>
	</owner>
	<size>
		<width>2704</width>
		<height>1520</height>
		<depth>3</depth>
	</size>
	<segmented>0</segmented>
	<object>
		<name>6</name>
		<pose>Unspecified</pose>
		<truncated>0</truncated>
		<difficult>0</difficult>
		<rectangle>
			<xmin>1663</xmin>
			<ymin>533</ymin>
			<xmax>1753</xmax>
			<ymax>775</ymax>
		</rectangle>
	</object>
	<object>
		<name>4</name>
		<pose>Unspecified</pose>
		<truncated>0</truncated>
		<difficult>0</difficult>
		<rectangle>
			<xmin>407</xmin>
			<ymin>416</ymin>
			<xmax>692</xmax>
			<ymax>1128</ymax>
		</rectangle>
	</object>
	<object>
		<name>7</name>
		<pose>Unspecified</pose>
		<truncated>0</truncated>
		<difficult>0</difficult>
		<rectangle>
			<xmin>1262</xmin>
			<ymin>500</ymin>
			<xmax>1350</xmax>
			<ymax>780</ymax>
		</rectangle>
	</object>
	<object>
		<name>3</name>
		<pose>Unspecified</pose>
		<truncated>0</truncated>
		<difficult>0</difficult>
		<rectangle>
			<xmin>1402</xmin>
			<ymin>496</ymin>
			<xmax>1506</xmax>
			<ymax>812</ymax>
		</rectangle>
	</object>
	<object>
		<name>5</name>
		<pose>Unspecified</pose>
		<truncated>0</truncated>
		<difficult>0</difficult>
		<rectangle>
			<xmin>1937</xmin>
			<ymin>551</ymin>
			<xmax>2252</xmax>
			<ymax>1326</ymax>
		</rectangle>
	</object>
</annotation>
