<annotation>
	<folder>V0-S_canteen_0-G_1_hor</folder>
	<filename>0277.jpg</filename>
	<source>
		<database>My Database</database>
		<annotation>VOC2007</annotation>
		<image>flickr</image>
		<flickrid>NULL</flickrid>
	</source>
	<owner>
		<flickrid>NULL</flickrid>
		<name>dcx</name>
	</owner>
	<size>
		<width>2704</width>
		<height>1520</height>
		<depth>3</depth>
	</size>
	<segmented>0</segmented>
	<object>
		<name>3</name>
		<pose>Unspecified</pose>
		<truncated>0</truncated>
		<difficult>0</difficult>
		<rectangle>
			<xmin>1394</xmin>
			<ymin>496</ymin>
			<xmax>1504</xmax>
			<ymax>813</ymax>
		</rectangle>
	</object>
	<object>
		<name>4</name>
		<pose>Unspecified</pose>
		<truncated>0</truncated>
		<difficult>0</difficult>
		<rectangle>
			<xmin>404</xmin>
			<ymin>417</ymin>
			<xmax>689</xmax>
			<ymax>1126</ymax>
		</rectangle>
	</object>
	<object>
		<name>5</name>
		<pose>Unspecified</pose>
		<truncated>0</truncated>
		<difficult>0</difficult>
		<rectangle>
			<xmin>1942</xmin>
			<ymin>550</ymin>
			<xmax>2258</xmax>
			<ymax>1316</ymax>
		</rectangle>
	</object>
	<object>
		<name>6</name>
		<pose>Unspecified</pose>
		<truncated>0</truncated>
		<difficult>0</difficult>
		<rectangle>
			<xmin>1651</xmin>
			<ymin>533</ymin>
			<xmax>1747</xmax>
			<ymax>775</ymax>
		</rectangle>
	</object>
	<object>
		<name>7</name>
		<pose>Unspecified</pose>
		<truncated>0</truncated>
		<difficult>0</difficult>
		<rectangle>
			<xmin>1264</xmin>
			<ymin>501</ymin>
			<xmax>1354</xmax>
			<ymax>780</ymax>
		</rectangle>
	</object>
</annotation>
