<annotation>
	<folder>V0-S_canteen_0-G_1_hor</folder>
	<filename>0278.jpg</filename>
	<source>
		<database>My Database</database>
		<annotation>VOC2007</annotation>
		<image>flickr</image>
		<flickrid>NULL</flickrid>
	</source>
	<owner>
		<flickrid>NULL</flickrid>
		<name>dcx</name>
	</owner>
	<size>
		<width>2704</width>
		<height>1520</height>
		<depth>3</depth>
	</size>
	<segmented>0</segmented>
	<object>
		<name>3</name>
		<pose>Unspecified</pose>
		<truncated>0</truncated>
		<difficult>0</difficult>
		<rectangle>
			<xmin>1386</xmin>
			<ymin>496</ymin>
			<xmax>1502</xmax>
			<ymax>814</ymax>
		</rectangle>
	</object>
	<object>
		<name>4</name>
		<pose>Unspecified</pose>
		<truncated>0</truncated>
		<difficult>0</difficult>
		<rectangle>
			<xmin>400</xmin>
			<ymin>418</ymin>
			<xmax>686</xmax>
			<ymax>1123</ymax>
		</rectangle>
	</object>
	<object>
		<name>5</name>
		<pose>Unspecified</pose>
		<truncated>0</truncated>
		<difficult>0</difficult>
		<rectangle>
			<xmin>1947</xmin>
			<ymin>550</ymin>
			<xmax>2265</xmax>
			<ymax>1306</ymax>
		</rectangle>
	</object>
	<object>
		<name>6</name>
		<pose>Unspecified</pose>
		<truncated>0</truncated>
		<difficult>0</difficult>
		<rectangle>
			<xmin>1639</xmin>
			<ymin>533</ymin>
			<xmax>1740</xmax>
			<ymax>776</ymax>
		</rectangle>
	</object>
	<object>
		<name>7</name>
		<pose>Unspecified</pose>
		<truncated>0</truncated>
		<difficult>0</difficult>
		<rectangle>
			<xmin>1265</xmin>
			<ymin>502</ymin>
			<xmax>1358</xmax>
			<ymax>780</ymax>
		</rectangle>
	</object>
</annotation>
