<annotation>
	<folder>V0-S_canteen_0-G_1_hor</folder>
	<filename>0279.jpg</filename>
	<source>
		<database>My Database</database>
		<annotation>VOC2007</annotation>
		<image>flickr</image>
		<flickrid>NULL</flickrid>
	</source>
	<owner>
		<flickrid>NULL</flickrid>
		<name>dcx</name>
	</owner>
	<size>
		<width>2704</width>
		<height>1520</height>
		<depth>3</depth>
	</size>
	<segmented>0</segmented>
	<object>
		<name>3</name>
		<pose>Unspecified</pose>
		<truncated>0</truncated>
		<difficult>0</difficult>
		<rectangle>
			<xmin>1378</xmin>
			<ymin>496</ymin>
			<xmax>1499</xmax>
			<ymax>815</ymax>
		</rectangle>
	</object>
	<object>
		<name>4</name>
		<pose>Unspecified</pose>
		<truncated>0</truncated>
		<difficult>0</difficult>
		<rectangle>
			<xmin>397</xmin>
			<ymin>420</ymin>
			<xmax>682</xmax>
			<ymax>1121</ymax>
		</rectangle>
	</object>
	<object>
		<name>5</name>
		<pose>Unspecified</pose>
		<truncated>0</truncated>
		<difficult>0</difficult>
		<rectangle>
			<xmin>1952</xmin>
			<ymin>549</ymin>
			<xmax>2271</xmax>
			<ymax>1297</ymax>
		</rectangle>
	</object>
	<object>
		<name>6</name>
		<pose>Unspecified</pose>
		<truncated>0</truncated>
		<difficult>0</difficult>
		<rectangle>
			<xmin>1628</xmin>
			<ymin>532</ymin>
			<xmax>1734</xmax>
			<ymax>776</ymax>
		</rectangle>
	</object>
	<object>
		<name>7</name>
		<pose>Unspecified</pose>
		<truncated>0</truncated>
		<difficult>0</difficult>
		<rectangle>
			<xmin>1267</xmin>
			<ymin>502</ymin>
			<xmax>1363</xmax>
			<ymax>781</ymax>
		</rectangle>
	</object>
</annotation>
