<annotation>
	<folder>V0-S_canteen_0-G_1_hor</folder>
	<filename>0280.jpg</filename>
	<source>
		<database>My Database</database>
		<annotation>VOC2007</annotation>
		<image>flickr</image>
		<flickrid>NULL</flickrid>
	</source>
	<owner>
		<flickrid>NULL</flickrid>
		<name>dcx</name>
	</owner>
	<size>
		<width>2704</width>
		<height>1520</height>
		<depth>3</depth>
	</size>
	<segmented>0</segmented>
	<object>
		<name>3</name>
		<pose>Unspecified</pose>
		<truncated>0</truncated>
		<difficult>0</difficult>
		<rectangle>
			<xmin>1370</xmin>
			<ymin>496</ymin>
			<xmax>1497</xmax>
			<ymax>816</ymax>
		</rectangle>
	</object>
	<object>
		<name>4</name>
		<pose>Unspecified</pose>
		<truncated>0</truncated>
		<difficult>0</difficult>
		<rectangle>
			<xmin>393</xmin>
			<ymin>421</ymin>
			<xmax>679</xmax>
			<ymax>1118</ymax>
		</rectangle>
	</object>
	<object>
		<name>5</name>
		<pose>Unspecified</pose>
		<truncated>0</truncated>
		<difficult>0</difficult>
		<rectangle>
			<xmin>1957</xmin>
			<ymin>549</ymin>
			<xmax>2278</xmax>
			<ymax>1287</ymax>
		</rectangle>
	</object>
	<object>
		<name>6</name>
		<pose>Unspecified</pose>
		<truncated>0</truncated>
		<difficult>0</difficult>
		<rectangle>
			<xmin>1616</xmin>
			<ymin>532</ymin>
			<xmax>1727</xmax>
			<ymax>777</ymax>
		</rectangle>
	</object>
	<object>
		<name>7</name>
		<pose>Unspecified</pose>
		<truncated>0</truncated>
		<difficult>0</difficult>
		<rectangle>
			<xmin>1268</xmin>
			<ymin>503</ymin>
			<xmax>1367</xmax>
			<ymax>781</ymax>
		</rectangle>
	</object>
</annotation>
