<annotation>
	<folder>V0-S_canteen_0-G_1_hor</folder>
	<filename>0281.jpg</filename>
	<source>
		<database>My Database</database>
		<annotation>VOC2007</annotation>
		<image>flickr</image>
		<flickrid>NULL</flickrid>
	</source>
	<owner>
		<flickrid>NULL</flickrid>
		<name>dcx</name>
	</owner>
	<size>
		<width>2704</width>
		<height>1520</height>
		<depth>3</depth>
	</size>
	<segmented>0</segmented>
	<object>
		<name>6</name>
		<pose>Unspecified</pose>
		<truncated>0</truncated>
		<difficult>0</difficult>
		<rectangle>
			<xmin>1604</xmin>
			<ymin>532</ymin>
			<xmax>1721</xmax>
			<ymax>777</ymax>
		</rectangle>
	</object>
	<object>
		<name>4</name>
		<pose>Unspecified</pose>
		<truncated>0</truncated>
		<difficult>0</difficult>
		<rectangle>
			<xmin>390</xmin>
			<ymin>422</ymin>
			<xmax>676</xmax>
			<ymax>1116</ymax>
		</rectangle>
	</object>
	<object>
		<name>7</name>
		<pose>Unspecified</pose>
		<truncated>0</truncated>
		<difficult>0</difficult>
		<rectangle>
			<xmin>1270</xmin>
			<ymin>504</ymin>
			<xmax>1371</xmax>
			<ymax>781</ymax>
		</rectangle>
	</object>
	<object>
		<name>3</name>
		<pose>Unspecified</pose>
		<truncated>0</truncated>
		<difficult>0</difficult>
		<rectangle>
			<xmin>1362</xmin>
			<ymin>496</ymin>
			<xmax>1495</xmax>
			<ymax>817</ymax>
		</rectangle>
	</object>
	<object>
		<name>5</name>
		<pose>Unspecified</pose>
		<truncated>0</truncated>
		<difficult>0</difficult>
		<rectangle>
			<xmin>1962</xmin>
			<ymin>548</ymin>
			<xmax>2284</xmax>
			<ymax>1277</ymax>
		</rectangle>
	</object>
	<object>
		<name>8</name>
		<pose>Unspecified</pose>
		<truncated>0</truncated>
		<difficult>0</difficult>
		<rectangle>
			<xmin>1709</xmin>
			<ymin>556</ymin>
			<xmax>1761</xmax>
			<ymax>709</ymax>
		</rectangle>
	</object>
</annotation>
