<annotation>
	<folder>V0-S_canteen_0-G_1_hor</folder>
	<filename>0282.jpg</filename>
	<source>
		<database>My Database</database>
		<annotation>VOC2007</annotation>
		<image>flickr</image>
		<flickrid>NULL</flickrid>
	</source>
	<owner>
		<flickrid>NULL</flickrid>
		<name>dcx</name>
	</owner>
	<size>
		<width>2704</width>
		<height>1520</height>
		<depth>3</depth>
	</size>
	<segmented>0</segmented>
	<object>
		<name>3</name>
		<pose>Unspecified</pose>
		<truncated>0</truncated>
		<difficult>0</difficult>
		<rectangle>
			<xmin>1362</xmin>
			<ymin>496</ymin>
			<xmax>1492</xmax>
			<ymax>819</ymax>
		</rectangle>
	</object>
	<object>
		<name>4</name>
		<pose>Unspecified</pose>
		<truncated>0</truncated>
		<difficult>0</difficult>
		<rectangle>
			<xmin>388</xmin>
			<ymin>420</ymin>
			<xmax>669</xmax>
			<ymax>1111</ymax>
		</rectangle>
	</object>
	<object>
		<name>5</name>
		<pose>Unspecified</pose>
		<truncated>0</truncated>
		<difficult>0</difficult>
		<rectangle>
			<xmin>1972</xmin>
			<ymin>546</ymin>
			<xmax>2287</xmax>
			<ymax>1274</ymax>
		</rectangle>
	</object>
	<object>
		<name>6</name>
		<pose>Unspecified</pose>
		<truncated>0</truncated>
		<difficult>0</difficult>
		<rectangle>
			<xmin>1599</xmin>
			<ymin>534</ymin>
			<xmax>1719</xmax>
			<ymax>775</ymax>
		</rectangle>
	</object>
	<object>
		<name>7</name>
		<pose>Unspecified</pose>
		<truncated>0</truncated>
		<difficult>0</difficult>
		<rectangle>
			<xmin>1274</xmin>
			<ymin>502</ymin>
			<xmax>1374</xmax>
			<ymax>780</ymax>
		</rectangle>
	</object>
	<object>
		<name>8</name>
		<pose>Unspecified</pose>
		<truncated>0</truncated>
		<difficult>0</difficult>
		<rectangle>
			<xmin>1707</xmin>
			<ymin>555</ymin>
			<xmax>1757</xmax>
			<ymax>709</ymax>
		</rectangle>
	</object>
</annotation>
