<annotation>
	<folder>V0-S_canteen_0-G_1_hor</folder>
	<filename>0283.jpg</filename>
	<source>
		<database>My Database</database>
		<annotation>VOC2007</annotation>
		<image>flickr</image>
		<flickrid>NULL</flickrid>
	</source>
	<owner>
		<flickrid>NULL</flickrid>
		<name>dcx</name>
	</owner>
	<size>
		<width>2704</width>
		<height>1520</height>
		<depth>3</depth>
	</size>
	<segmented>0</segmented>
	<object>
		<name>3</name>
		<pose>Unspecified</pose>
		<truncated>0</truncated>
		<difficult>0</difficult>
		<rectangle>
			<xmin>1362</xmin>
			<ymin>495</ymin>
			<xmax>1489</xmax>
			<ymax>821</ymax>
		</rectangle>
	</object>
	<object>
		<name>4</name>
		<pose>Unspecified</pose>
		<truncated>0</truncated>
		<difficult>0</difficult>
		<rectangle>
			<xmin>387</xmin>
			<ymin>419</ymin>
			<xmax>663</xmax>
			<ymax>1107</ymax>
		</rectangle>
	</object>
	<object>
		<name>5</name>
		<pose>Unspecified</pose>
		<truncated>0</truncated>
		<difficult>0</difficult>
		<rectangle>
			<xmin>1983</xmin>
			<ymin>545</ymin>
			<xmax>2290</xmax>
			<ymax>1271</ymax>
		</rectangle>
	</object>
	<object>
		<name>6</name>
		<pose>Unspecified</pose>
		<truncated>0</truncated>
		<difficult>0</difficult>
		<rectangle>
			<xmin>1594</xmin>
			<ymin>535</ymin>
			<xmax>1717</xmax>
			<ymax>773</ymax>
		</rectangle>
	</object>
	<object>
		<name>7</name>
		<pose>Unspecified</pose>
		<truncated>0</truncated>
		<difficult>0</difficult>
		<rectangle>
			<xmin>1277</xmin>
			<ymin>501</ymin>
			<xmax>1377</xmax>
			<ymax>778</ymax>
		</rectangle>
	</object>
	<object>
		<name>8</name>
		<pose>Unspecified</pose>
		<truncated>0</truncated>
		<difficult>0</difficult>
		<rectangle>
			<xmin>1704</xmin>
			<ymin>555</ymin>
			<xmax>1754</xmax>
			<ymax>710</ymax>
		</rectangle>
	</object>
</annotation>
