<annotation>
	<folder>V0-S_canteen_0-G_1_hor</folder>
	<filename>0284.jpg</filename>
	<source>
		<database>My Database</database>
		<annotation>VOC2007</annotation>
		<image>flickr</image>
		<flickrid>NULL</flickrid>
	</source>
	<owner>
		<flickrid>NULL</flickrid>
		<name>dcx</name>
	</owner>
	<size>
		<width>2704</width>
		<height>1520</height>
		<depth>3</depth>
	</size>
	<segmented>0</segmented>
	<object>
		<name>3</name>
		<pose>Unspecified</pose>
		<truncated>0</truncated>
		<difficult>0</difficult>
		<rectangle>
			<xmin>1361</xmin>
			<ymin>495</ymin>
			<xmax>1485</xmax>
			<ymax>823</ymax>
		</rectangle>
	</object>
	<object>
		<name>4</name>
		<pose>Unspecified</pose>
		<truncated>0</truncated>
		<difficult>0</difficult>
		<rectangle>
			<xmin>385</xmin>
			<ymin>417</ymin>
			<xmax>656</xmax>
			<ymax>1102</ymax>
		</rectangle>
	</object>
	<object>
		<name>5</name>
		<pose>Unspecified</pose>
		<truncated>0</truncated>
		<difficult>0</difficult>
		<rectangle>
			<xmin>1993</xmin>
			<ymin>543</ymin>
			<xmax>2294</xmax>
			<ymax>1269</ymax>
		</rectangle>
	</object>
	<object>
		<name>6</name>
		<pose>Unspecified</pose>
		<truncated>0</truncated>
		<difficult>0</difficult>
		<rectangle>
			<xmin>1588</xmin>
			<ymin>537</ymin>
			<xmax>1716</xmax>
			<ymax>770</ymax>
		</rectangle>
	</object>
	<object>
		<name>7</name>
		<pose>Unspecified</pose>
		<truncated>0</truncated>
		<difficult>0</difficult>
		<rectangle>
			<xmin>1281</xmin>
			<ymin>499</ymin>
			<xmax>1379</xmax>
			<ymax>777</ymax>
		</rectangle>
	</object>
	<object>
		<name>8</name>
		<pose>Unspecified</pose>
		<truncated>0</truncated>
		<difficult>0</difficult>
		<rectangle>
			<xmin>1702</xmin>
			<ymin>554</ymin>
			<xmax>1750</xmax>
			<ymax>710</ymax>
		</rectangle>
	</object>
</annotation>
