<annotation>
	<folder>V0-S_canteen_0-G_1_hor</folder>
	<filename>0285.jpg</filename>
	<source>
		<database>My Database</database>
		<annotation>VOC2007</annotation>
		<image>flickr</image>
		<flickrid>NULL</flickrid>
	</source>
	<owner>
		<flickrid>NULL</flickrid>
		<name>dcx</name>
	</owner>
	<size>
		<width>2704</width>
		<height>1520</height>
		<depth>3</depth>
	</size>
	<segmented>0</segmented>
	<object>
		<name>3</name>
		<pose>Unspecified</pose>
		<truncated>0</truncated>
		<difficult>0</difficult>
		<rectangle>
			<xmin>1361</xmin>
			<ymin>494</ymin>
			<xmax>1482</xmax>
			<ymax>825</ymax>
		</rectangle>
	</object>
	<object>
		<name>4</name>
		<pose>Unspecified</pose>
		<truncated>0</truncated>
		<difficult>0</difficult>
		<rectangle>
			<xmin>384</xmin>
			<ymin>416</ymin>
			<xmax>650</xmax>
			<ymax>1098</ymax>
		</rectangle>
	</object>
	<object>
		<name>5</name>
		<pose>Unspecified</pose>
		<truncated>0</truncated>
		<difficult>0</difficult>
		<rectangle>
			<xmin>2004</xmin>
			<ymin>542</ymin>
			<xmax>2297</xmax>
			<ymax>1266</ymax>
		</rectangle>
	</object>
	<object>
		<name>6</name>
		<pose>Unspecified</pose>
		<truncated>0</truncated>
		<difficult>0</difficult>
		<rectangle>
			<xmin>1583</xmin>
			<ymin>538</ymin>
			<xmax>1714</xmax>
			<ymax>768</ymax>
		</rectangle>
	</object>
	<object>
		<name>7</name>
		<pose>Unspecified</pose>
		<truncated>0</truncated>
		<difficult>0</difficult>
		<rectangle>
			<xmin>1284</xmin>
			<ymin>498</ymin>
			<xmax>1382</xmax>
			<ymax>775</ymax>
		</rectangle>
	</object>
	<object>
		<name>8</name>
		<pose>Unspecified</pose>
		<truncated>0</truncated>
		<difficult>0</difficult>
		<rectangle>
			<xmin>1699</xmin>
			<ymin>554</ymin>
			<xmax>1747</xmax>
			<ymax>711</ymax>
		</rectangle>
	</object>
</annotation>
