<annotation>
	<folder>V0-S_canteen_0-G_1_hor</folder>
	<filename>0286.jpg</filename>
	<source>
		<database>My Database</database>
		<annotation>VOC2007</annotation>
		<image>flickr</image>
		<flickrid>NULL</flickrid>
	</source>
	<owner>
		<flickrid>NULL</flickrid>
		<name>dcx</name>
	</owner>
	<size>
		<width>2704</width>
		<height>1520</height>
		<depth>3</depth>
	</size>
	<segmented>0</segmented>
	<object>
		<name>6</name>
		<pose>Unspecified</pose>
		<truncated>0</truncated>
		<difficult>0</difficult>
		<rectangle>
			<xmin>1578</xmin>
			<ymin>540</ymin>
			<xmax>1712</xmax>
			<ymax>766</ymax>
		</rectangle>
	</object>
	<object>
		<name>4</name>
		<pose>Unspecified</pose>
		<truncated>0</truncated>
		<difficult>0</difficult>
		<rectangle>
			<xmin>382</xmin>
			<ymin>414</ymin>
			<xmax>643</xmax>
			<ymax>1093</ymax>
		</rectangle>
	</object>
	<object>
		<name>7</name>
		<pose>Unspecified</pose>
		<truncated>0</truncated>
		<difficult>0</difficult>
		<rectangle>
			<xmin>1288</xmin>
			<ymin>496</ymin>
			<xmax>1385</xmax>
			<ymax>774</ymax>
		</rectangle>
	</object>
	<object>
		<name>3</name>
		<pose>Unspecified</pose>
		<truncated>0</truncated>
		<difficult>0</difficult>
		<rectangle>
			<xmin>1361</xmin>
			<ymin>494</ymin>
			<xmax>1479</xmax>
			<ymax>827</ymax>
		</rectangle>
	</object>
	<object>
		<name>5</name>
		<pose>Unspecified</pose>
		<truncated>0</truncated>
		<difficult>0</difficult>
		<rectangle>
			<xmin>2014</xmin>
			<ymin>540</ymin>
			<xmax>2300</xmax>
			<ymax>1263</ymax>
		</rectangle>
	</object>
	<object>
		<name>8</name>
		<pose>Unspecified</pose>
		<truncated>0</truncated>
		<difficult>0</difficult>
		<rectangle>
			<xmin>1697</xmin>
			<ymin>553</ymin>
			<xmax>1743</xmax>
			<ymax>711</ymax>
		</rectangle>
	</object>
</annotation>
