<annotation>
	<folder>V0-S_canteen_0-G_1_hor</folder>
	<filename>0287.jpg</filename>
	<source>
		<database>My Database</database>
		<annotation>VOC2007</annotation>
		<image>flickr</image>
		<flickrid>NULL</flickrid>
	</source>
	<owner>
		<flickrid>NULL</flickrid>
		<name>dcx</name>
	</owner>
	<size>
		<width>2704</width>
		<height>1520</height>
		<depth>3</depth>
	</size>
	<segmented>0</segmented>
	<object>
		<name>3</name>
		<pose>Unspecified</pose>
		<truncated>0</truncated>
		<difficult>0</difficult>
		<rectangle>
			<xmin>1361</xmin>
			<ymin>493</ymin>
			<xmax>1477</xmax>
			<ymax>827</ymax>
		</rectangle>
	</object>
	<object>
		<name>4</name>
		<pose>Unspecified</pose>
		<truncated>0</truncated>
		<difficult>0</difficult>
		<rectangle>
			<xmin>377</xmin>
			<ymin>413</ymin>
			<xmax>642</xmax>
			<ymax>1084</ymax>
		</rectangle>
	</object>
	<object>
		<name>5</name>
		<pose>Unspecified</pose>
		<truncated>0</truncated>
		<difficult>0</difficult>
		<rectangle>
			<xmin>2019</xmin>
			<ymin>543</ymin>
			<xmax>2302</xmax>
			<ymax>1264</ymax>
		</rectangle>
	</object>
	<object>
		<name>6</name>
		<pose>Unspecified</pose>
		<truncated>0</truncated>
		<difficult>0</difficult>
		<rectangle>
			<xmin>1578</xmin>
			<ymin>537</ymin>
			<xmax>1703</xmax>
			<ymax>765</ymax>
		</rectangle>
	</object>
	<object>
		<name>7</name>
		<pose>Unspecified</pose>
		<truncated>0</truncated>
		<difficult>0</difficult>
		<rectangle>
			<xmin>1296</xmin>
			<ymin>497</ymin>
			<xmax>1388</xmax>
			<ymax>774</ymax>
		</rectangle>
	</object>
	<object>
		<name>8</name>
		<pose>Unspecified</pose>
		<truncated>0</truncated>
		<difficult>0</difficult>
		<rectangle>
			<xmin>1692</xmin>
			<ymin>553</ymin>
			<xmax>1740</xmax>
			<ymax>711</ymax>
		</rectangle>
	</object>
</annotation>
