<annotation>
	<folder>V0-S_canteen_0-G_1_hor</folder>
	<filename>0288.jpg</filename>
	<source>
		<database>My Database</database>
		<annotation>VOC2007</annotation>
		<image>flickr</image>
		<flickrid>NULL</flickrid>
	</source>
	<owner>
		<flickrid>NULL</flickrid>
		<name>dcx</name>
	</owner>
	<size>
		<width>2704</width>
		<height>1520</height>
		<depth>3</depth>
	</size>
	<segmented>0</segmented>
	<object>
		<name>3</name>
		<pose>Unspecified</pose>
		<truncated>0</truncated>
		<difficult>0</difficult>
		<rectangle>
			<xmin>1361</xmin>
			<ymin>491</ymin>
			<xmax>1475</xmax>
			<ymax>828</ymax>
		</rectangle>
	</object>
	<object>
		<name>4</name>
		<pose>Unspecified</pose>
		<truncated>0</truncated>
		<difficult>0</difficult>
		<rectangle>
			<xmin>372</xmin>
			<ymin>412</ymin>
			<xmax>641</xmax>
			<ymax>1075</ymax>
		</rectangle>
	</object>
	<object>
		<name>5</name>
		<pose>Unspecified</pose>
		<truncated>0</truncated>
		<difficult>0</difficult>
		<rectangle>
			<xmin>2024</xmin>
			<ymin>545</ymin>
			<xmax>2305</xmax>
			<ymax>1264</ymax>
		</rectangle>
	</object>
	<object>
		<name>6</name>
		<pose>Unspecified</pose>
		<truncated>0</truncated>
		<difficult>0</difficult>
		<rectangle>
			<xmin>1578</xmin>
			<ymin>534</ymin>
			<xmax>1694</xmax>
			<ymax>764</ymax>
		</rectangle>
	</object>
	<object>
		<name>7</name>
		<pose>Unspecified</pose>
		<truncated>0</truncated>
		<difficult>0</difficult>
		<rectangle>
			<xmin>1303</xmin>
			<ymin>497</ymin>
			<xmax>1391</xmax>
			<ymax>774</ymax>
		</rectangle>
	</object>
	<object>
		<name>8</name>
		<pose>Unspecified</pose>
		<truncated>0</truncated>
		<difficult>0</difficult>
		<rectangle>
			<xmin>1687</xmin>
			<ymin>553</ymin>
			<xmax>1737</xmax>
			<ymax>711</ymax>
		</rectangle>
	</object>
</annotation>
