<annotation>
	<folder>V0-S_canteen_0-G_1_hor</folder>
	<filename>0289.jpg</filename>
	<source>
		<database>My Database</database>
		<annotation>VOC2007</annotation>
		<image>flickr</image>
		<flickrid>NULL</flickrid>
	</source>
	<owner>
		<flickrid>NULL</flickrid>
		<name>dcx</name>
	</owner>
	<size>
		<width>2704</width>
		<height>1520</height>
		<depth>3</depth>
	</size>
	<segmented>0</segmented>
	<object>
		<name>3</name>
		<pose>Unspecified</pose>
		<truncated>0</truncated>
		<difficult>0</difficult>
		<rectangle>
			<xmin>1360</xmin>
			<ymin>490</ymin>
			<xmax>1472</xmax>
			<ymax>828</ymax>
		</rectangle>
	</object>
	<object>
		<name>4</name>
		<pose>Unspecified</pose>
		<truncated>0</truncated>
		<difficult>0</difficult>
		<rectangle>
			<xmin>366</xmin>
			<ymin>412</ymin>
			<xmax>640</xmax>
			<ymax>1066</ymax>
		</rectangle>
	</object>
	<object>
		<name>5</name>
		<pose>Unspecified</pose>
		<truncated>0</truncated>
		<difficult>0</difficult>
		<rectangle>
			<xmin>2029</xmin>
			<ymin>548</ymin>
			<xmax>2307</xmax>
			<ymax>1265</ymax>
		</rectangle>
	</object>
	<object>
		<name>6</name>
		<pose>Unspecified</pose>
		<truncated>0</truncated>
		<difficult>0</difficult>
		<rectangle>
			<xmin>1577</xmin>
			<ymin>532</ymin>
			<xmax>1685</xmax>
			<ymax>764</ymax>
		</rectangle>
	</object>
	<object>
		<name>7</name>
		<pose>Unspecified</pose>
		<truncated>0</truncated>
		<difficult>0</difficult>
		<rectangle>
			<xmin>1311</xmin>
			<ymin>498</ymin>
			<xmax>1393</xmax>
			<ymax>775</ymax>
		</rectangle>
	</object>
	<object>
		<name>8</name>
		<pose>Unspecified</pose>
		<truncated>0</truncated>
		<difficult>0</difficult>
		<rectangle>
			<xmin>1683</xmin>
			<ymin>553</ymin>
			<xmax>1735</xmax>
			<ymax>712</ymax>
		</rectangle>
	</object>
</annotation>
