<annotation>
	<folder>V0-S_canteen_0-G_1_hor</folder>
	<filename>0291.jpg</filename>
	<source>
		<database>My Database</database>
		<annotation>VOC2007</annotation>
		<image>flickr</image>
		<flickrid>NULL</flickrid>
	</source>
	<owner>
		<flickrid>NULL</flickrid>
		<name>dcx</name>
	</owner>
	<size>
		<width>2704</width>
		<height>1520</height>
		<depth>3</depth>
	</size>
	<segmented>0</segmented>
	<object>
		<name>6</name>
		<pose>Unspecified</pose>
		<truncated>0</truncated>
		<difficult>0</difficult>
		<rectangle>
			<xmin>1577</xmin>
			<ymin>526</ymin>
			<xmax>1667</xmax>
			<ymax>762</ymax>
		</rectangle>
	</object>
	<object>
		<name>4</name>
		<pose>Unspecified</pose>
		<truncated>0</truncated>
		<difficult>0</difficult>
		<rectangle>
			<xmin>356</xmin>
			<ymin>410</ymin>
			<xmax>638</xmax>
			<ymax>1048</ymax>
		</rectangle>
	</object>
	<object>
		<name>7</name>
		<pose>Unspecified</pose>
		<truncated>0</truncated>
		<difficult>0</difficult>
		<rectangle>
			<xmin>1326</xmin>
			<ymin>499</ymin>
			<xmax>1399</xmax>
			<ymax>775</ymax>
		</rectangle>
	</object>
	<object>
		<name>3</name>
		<pose>Unspecified</pose>
		<truncated>0</truncated>
		<difficult>0</difficult>
		<rectangle>
			<xmin>1360</xmin>
			<ymin>487</ymin>
			<xmax>1468</xmax>
			<ymax>829</ymax>
		</rectangle>
	</object>
	<object>
		<name>5</name>
		<pose>Unspecified</pose>
		<truncated>0</truncated>
		<difficult>0</difficult>
		<rectangle>
			<xmin>2039</xmin>
			<ymin>553</ymin>
			<xmax>2312</xmax>
			<ymax>1266</ymax>
		</rectangle>
	</object>
	<object>
		<name>8</name>
		<pose>Unspecified</pose>
		<truncated>0</truncated>
		<difficult>0</difficult>
		<rectangle>
			<xmin>1673</xmin>
			<ymin>553</ymin>
			<xmax>1729</xmax>
			<ymax>712</ymax>
		</rectangle>
	</object>
</annotation>
