<annotation>
	<folder>V0-S_canteen_0-G_1_hor</folder>
	<filename>0292.jpg</filename>
	<source>
		<database>My Database</database>
		<annotation>VOC2007</annotation>
		<image>flickr</image>
		<flickrid>NULL</flickrid>
	</source>
	<owner>
		<flickrid>NULL</flickrid>
		<name>dcx</name>
	</owner>
	<size>
		<width>2704</width>
		<height>1520</height>
		<depth>3</depth>
	</size>
	<segmented>0</segmented>
	<object>
		<name>3</name>
		<pose>Unspecified</pose>
		<truncated>0</truncated>
		<difficult>0</difficult>
		<rectangle>
			<xmin>1356</xmin>
			<ymin>487</ymin>
			<xmax>1467</xmax>
			<ymax>831</ymax>
		</rectangle>
	</object>
	<object>
		<name>4</name>
		<pose>Unspecified</pose>
		<truncated>0</truncated>
		<difficult>0</difficult>
		<rectangle>
			<xmin>354</xmin>
			<ymin>410</ymin>
			<xmax>636</xmax>
			<ymax>1049</ymax>
		</rectangle>
	</object>
	<object>
		<name>5</name>
		<pose>Unspecified</pose>
		<truncated>0</truncated>
		<difficult>0</difficult>
		<rectangle>
			<xmin>2042</xmin>
			<ymin>553</ymin>
			<xmax>2312</xmax>
			<ymax>1263</ymax>
		</rectangle>
	</object>
	<object>
		<name>6</name>
		<pose>Unspecified</pose>
		<truncated>0</truncated>
		<difficult>0</difficult>
		<rectangle>
			<xmin>1570</xmin>
			<ymin>525</ymin>
			<xmax>1664</xmax>
			<ymax>762</ymax>
		</rectangle>
	</object>
	<object>
		<name>8</name>
		<pose>Unspecified</pose>
		<truncated>0</truncated>
		<difficult>0</difficult>
		<rectangle>
			<xmin>1668</xmin>
			<ymin>553</ymin>
			<xmax>1726</xmax>
			<ymax>712</ymax>
		</rectangle>
	</object>
</annotation>
