<annotation>
	<folder>V0-S_canteen_0-G_1_hor</folder>
	<filename>0293.jpg</filename>
	<source>
		<database>My Database</database>
		<annotation>VOC2007</annotation>
		<image>flickr</image>
		<flickrid>NULL</flickrid>
	</source>
	<owner>
		<flickrid>NULL</flickrid>
		<name>dcx</name>
	</owner>
	<size>
		<width>2704</width>
		<height>1520</height>
		<depth>3</depth>
	</size>
	<segmented>0</segmented>
	<object>
		<name>3</name>
		<pose>Unspecified</pose>
		<truncated>0</truncated>
		<difficult>0</difficult>
		<rectangle>
			<xmin>1352</xmin>
			<ymin>487</ymin>
			<xmax>1466</xmax>
			<ymax>833</ymax>
		</rectangle>
	</object>
	<object>
		<name>4</name>
		<pose>Unspecified</pose>
		<truncated>0</truncated>
		<difficult>0</difficult>
		<rectangle>
			<xmin>352</xmin>
			<ymin>409</ymin>
			<xmax>634</xmax>
			<ymax>1049</ymax>
		</rectangle>
	</object>
	<object>
		<name>5</name>
		<pose>Unspecified</pose>
		<truncated>0</truncated>
		<difficult>0</difficult>
		<rectangle>
			<xmin>2044</xmin>
			<ymin>554</ymin>
			<xmax>2312</xmax>
			<ymax>1261</ymax>
		</rectangle>
	</object>
	<object>
		<name>6</name>
		<pose>Unspecified</pose>
		<truncated>0</truncated>
		<difficult>0</difficult>
		<rectangle>
			<xmin>1563</xmin>
			<ymin>524</ymin>
			<xmax>1662</xmax>
			<ymax>762</ymax>
		</rectangle>
	</object>
	<object>
		<name>8</name>
		<pose>Unspecified</pose>
		<truncated>0</truncated>
		<difficult>0</difficult>
		<rectangle>
			<xmin>1662</xmin>
			<ymin>553</ymin>
			<xmax>1723</xmax>
			<ymax>712</ymax>
		</rectangle>
	</object>
</annotation>
