<annotation>
	<folder>V0-S_canteen_0-G_1_hor</folder>
	<filename>0295.jpg</filename>
	<source>
		<database>My Database</database>
		<annotation>VOC2007</annotation>
		<image>flickr</image>
		<flickrid>NULL</flickrid>
	</source>
	<owner>
		<flickrid>NULL</flickrid>
		<name>dcx</name>
	</owner>
	<size>
		<width>2704</width>
		<height>1520</height>
		<depth>3</depth>
	</size>
	<segmented>0</segmented>
	<object>
		<name>3</name>
		<pose>Unspecified</pose>
		<truncated>0</truncated>
		<difficult>0</difficult>
		<rectangle>
			<xmin>1344</xmin>
			<ymin>487</ymin>
			<xmax>1464</xmax>
			<ymax>838</ymax>
		</rectangle>
	</object>
	<object>
		<name>4</name>
		<pose>Unspecified</pose>
		<truncated>0</truncated>
		<difficult>0</difficult>
		<rectangle>
			<xmin>347</xmin>
			<ymin>408</ymin>
			<xmax>631</xmax>
			<ymax>1050</ymax>
		</rectangle>
	</object>
	<object>
		<name>5</name>
		<pose>Unspecified</pose>
		<truncated>0</truncated>
		<difficult>0</difficult>
		<rectangle>
			<xmin>2049</xmin>
			<ymin>555</ymin>
			<xmax>2312</xmax>
			<ymax>1256</ymax>
		</rectangle>
	</object>
	<object>
		<name>6</name>
		<pose>Unspecified</pose>
		<truncated>0</truncated>
		<difficult>0</difficult>
		<rectangle>
			<xmin>1550</xmin>
			<ymin>522</ymin>
			<xmax>1657</xmax>
			<ymax>761</ymax>
		</rectangle>
	</object>
	<object>
		<name>8</name>
		<pose>Unspecified</pose>
		<truncated>0</truncated>
		<difficult>0</difficult>
		<rectangle>
			<xmin>1651</xmin>
			<ymin>552</ymin>
			<xmax>1717</xmax>
			<ymax>713</ymax>
		</rectangle>
	</object>
</annotation>
