<annotation>
	<folder>V0-S_canteen_0-G_1_hor</folder>
	<filename>0296.jpg</filename>
	<source>
		<database>My Database</database>
		<annotation>VOC2007</annotation>
		<image>flickr</image>
		<flickrid>NULL</flickrid>
	</source>
	<owner>
		<flickrid>NULL</flickrid>
		<name>dcx</name>
	</owner>
	<size>
		<width>2704</width>
		<height>1520</height>
		<depth>3</depth>
	</size>
	<segmented>0</segmented>
	<object>
		<name>6</name>
		<pose>Unspecified</pose>
		<truncated>0</truncated>
		<difficult>0</difficult>
		<rectangle>
			<xmin>1543</xmin>
			<ymin>521</ymin>
			<xmax>1654</xmax>
			<ymax>761</ymax>
		</rectangle>
	</object>
	<object>
		<name>4</name>
		<pose>Unspecified</pose>
		<truncated>0</truncated>
		<difficult>0</difficult>
		<rectangle>
			<xmin>345</xmin>
			<ymin>408</ymin>
			<xmax>629</xmax>
			<ymax>1051</ymax>
		</rectangle>
	</object>
	<object>
		<name>3</name>
		<pose>Unspecified</pose>
		<truncated>0</truncated>
		<difficult>0</difficult>
		<rectangle>
			<xmin>1340</xmin>
			<ymin>487</ymin>
			<xmax>1463</xmax>
			<ymax>840</ymax>
		</rectangle>
	</object>
	<object>
		<name>5</name>
		<pose>Unspecified</pose>
		<truncated>0</truncated>
		<difficult>0</difficult>
		<rectangle>
			<xmin>2052</xmin>
			<ymin>555</ymin>
			<xmax>2312</xmax>
			<ymax>1253</ymax>
		</rectangle>
	</object>
	<object>
		<name>8</name>
		<pose>Unspecified</pose>
		<truncated>0</truncated>
		<difficult>0</difficult>
		<rectangle>
			<xmin>1646</xmin>
			<ymin>552</ymin>
			<xmax>1714</xmax>
			<ymax>713</ymax>
		</rectangle>
	</object>
</annotation>
