<annotation>
	<folder>V0-S_canteen_0-G_1_hor</folder>
	<filename>0297.jpg</filename>
	<source>
		<database>My Database</database>
		<annotation>VOC2007</annotation>
		<image>flickr</image>
		<flickrid>NULL</flickrid>
	</source>
	<owner>
		<flickrid>NULL</flickrid>
		<name>dcx</name>
	</owner>
	<size>
		<width>2704</width>
		<height>1520</height>
		<depth>3</depth>
	</size>
	<segmented>0</segmented>
	<object>
		<name>3</name>
		<pose>Unspecified</pose>
		<truncated>0</truncated>
		<difficult>0</difficult>
		<rectangle>
			<xmin>1337</xmin>
			<ymin>487</ymin>
			<xmax>1461</xmax>
			<ymax>841</ymax>
		</rectangle>
	</object>
	<object>
		<name>4</name>
		<pose>Unspecified</pose>
		<truncated>0</truncated>
		<difficult>0</difficult>
		<rectangle>
			<xmin>346</xmin>
			<ymin>410</ymin>
			<xmax>626</xmax>
			<ymax>1049</ymax>
		</rectangle>
	</object>
	<object>
		<name>5</name>
		<pose>Unspecified</pose>
		<truncated>0</truncated>
		<difficult>0</difficult>
		<rectangle>
			<xmin>2054</xmin>
			<ymin>554</ymin>
			<xmax>2313</xmax>
			<ymax>1244</ymax>
		</rectangle>
	</object>
	<object>
		<name>6</name>
		<pose>Unspecified</pose>
		<truncated>0</truncated>
		<difficult>0</difficult>
		<rectangle>
			<xmin>1534</xmin>
			<ymin>522</ymin>
			<xmax>1654</xmax>
			<ymax>760</ymax>
		</rectangle>
	</object>
	<object>
		<name>8</name>
		<pose>Unspecified</pose>
		<truncated>0</truncated>
		<difficult>0</difficult>
		<rectangle>
			<xmin>1646</xmin>
			<ymin>551</ymin>
			<xmax>1710</xmax>
			<ymax>713</ymax>
		</rectangle>
	</object>
</annotation>
