<annotation>
	<folder>V0-S_canteen_0-G_1_hor</folder>
	<filename>0298.jpg</filename>
	<source>
		<database>My Database</database>
		<annotation>VOC2007</annotation>
		<image>flickr</image>
		<flickrid>NULL</flickrid>
	</source>
	<owner>
		<flickrid>NULL</flickrid>
		<name>dcx</name>
	</owner>
	<size>
		<width>2704</width>
		<height>1520</height>
		<depth>3</depth>
	</size>
	<segmented>0</segmented>
	<object>
		<name>3</name>
		<pose>Unspecified</pose>
		<truncated>0</truncated>
		<difficult>0</difficult>
		<rectangle>
			<xmin>1333</xmin>
			<ymin>488</ymin>
			<xmax>1460</xmax>
			<ymax>843</ymax>
		</rectangle>
	</object>
	<object>
		<name>4</name>
		<pose>Unspecified</pose>
		<truncated>0</truncated>
		<difficult>0</difficult>
		<rectangle>
			<xmin>347</xmin>
			<ymin>411</ymin>
			<xmax>623</xmax>
			<ymax>1047</ymax>
		</rectangle>
	</object>
	<object>
		<name>5</name>
		<pose>Unspecified</pose>
		<truncated>0</truncated>
		<difficult>0</difficult>
		<rectangle>
			<xmin>2056</xmin>
			<ymin>552</ymin>
			<xmax>2313</xmax>
			<ymax>1235</ymax>
		</rectangle>
	</object>
	<object>
		<name>6</name>
		<pose>Unspecified</pose>
		<truncated>0</truncated>
		<difficult>0</difficult>
		<rectangle>
			<xmin>1525</xmin>
			<ymin>522</ymin>
			<xmax>1655</xmax>
			<ymax>759</ymax>
		</rectangle>
	</object>
	<object>
		<name>8</name>
		<pose>Unspecified</pose>
		<truncated>0</truncated>
		<difficult>0</difficult>
		<rectangle>
			<xmin>1646</xmin>
			<ymin>551</ymin>
			<xmax>1707</xmax>
			<ymax>713</ymax>
		</rectangle>
	</object>
</annotation>
