<annotation>
	<folder>V0-S_canteen_0-G_1_hor</folder>
	<filename>0299.jpg</filename>
	<source>
		<database>My Database</database>
		<annotation>VOC2007</annotation>
		<image>flickr</image>
		<flickrid>NULL</flickrid>
	</source>
	<owner>
		<flickrid>NULL</flickrid>
		<name>dcx</name>
	</owner>
	<size>
		<width>2704</width>
		<height>1520</height>
		<depth>3</depth>
	</size>
	<segmented>0</segmented>
	<object>
		<name>3</name>
		<pose>Unspecified</pose>
		<truncated>0</truncated>
		<difficult>0</difficult>
		<rectangle>
			<xmin>1330</xmin>
			<ymin>488</ymin>
			<xmax>1458</xmax>
			<ymax>844</ymax>
		</rectangle>
	</object>
	<object>
		<name>4</name>
		<pose>Unspecified</pose>
		<truncated>0</truncated>
		<difficult>0</difficult>
		<rectangle>
			<xmin>348</xmin>
			<ymin>413</ymin>
			<xmax>620</xmax>
			<ymax>1044</ymax>
		</rectangle>
	</object>
	<object>
		<name>5</name>
		<pose>Unspecified</pose>
		<truncated>0</truncated>
		<difficult>0</difficult>
		<rectangle>
			<xmin>2059</xmin>
			<ymin>551</ymin>
			<xmax>2314</xmax>
			<ymax>1225</ymax>
		</rectangle>
	</object>
	<object>
		<name>6</name>
		<pose>Unspecified</pose>
		<truncated>0</truncated>
		<difficult>0</difficult>
		<rectangle>
			<xmin>1516</xmin>
			<ymin>523</ymin>
			<xmax>1655</xmax>
			<ymax>757</ymax>
		</rectangle>
	</object>
	<object>
		<name>8</name>
		<pose>Unspecified</pose>
		<truncated>0</truncated>
		<difficult>0</difficult>
		<rectangle>
			<xmin>1646</xmin>
			<ymin>550</ymin>
			<xmax>1703</xmax>
			<ymax>712</ymax>
		</rectangle>
	</object>
</annotation>
