<annotation>
	<folder>V0-S_canteen_0-G_1_hor</folder>
	<filename>0300.jpg</filename>
	<source>
		<database>My Database</database>
		<annotation>VOC2007</annotation>
		<image>flickr</image>
		<flickrid>NULL</flickrid>
	</source>
	<owner>
		<flickrid>NULL</flickrid>
		<name>dcx</name>
	</owner>
	<size>
		<width>2704</width>
		<height>1520</height>
		<depth>3</depth>
	</size>
	<segmented>0</segmented>
	<object>
		<name>3</name>
		<pose>Unspecified</pose>
		<truncated>0</truncated>
		<difficult>0</difficult>
		<rectangle>
			<xmin>1326</xmin>
			<ymin>489</ymin>
			<xmax>1457</xmax>
			<ymax>846</ymax>
		</rectangle>
	</object>
	<object>
		<name>4</name>
		<pose>Unspecified</pose>
		<truncated>0</truncated>
		<difficult>0</difficult>
		<rectangle>
			<xmin>349</xmin>
			<ymin>414</ymin>
			<xmax>617</xmax>
			<ymax>1042</ymax>
		</rectangle>
	</object>
	<object>
		<name>5</name>
		<pose>Unspecified</pose>
		<truncated>0</truncated>
		<difficult>0</difficult>
		<rectangle>
			<xmin>2061</xmin>
			<ymin>549</ymin>
			<xmax>2314</xmax>
			<ymax>1216</ymax>
		</rectangle>
	</object>
	<object>
		<name>6</name>
		<pose>Unspecified</pose>
		<truncated>0</truncated>
		<difficult>0</difficult>
		<rectangle>
			<xmin>1507</xmin>
			<ymin>523</ymin>
			<xmax>1656</xmax>
			<ymax>756</ymax>
		</rectangle>
	</object>
	<object>
		<name>8</name>
		<pose>Unspecified</pose>
		<truncated>0</truncated>
		<difficult>0</difficult>
		<rectangle>
			<xmin>1646</xmin>
			<ymin>550</ymin>
			<xmax>1700</xmax>
			<ymax>712</ymax>
		</rectangle>
	</object>
</annotation>
