<annotation>
	<folder>V0-S_canteen_0-G_1_hor</folder>
	<filename>0306.jpg</filename>
	<source>
		<database>My Database</database>
		<annotation>VOC2007</annotation>
		<image>flickr</image>
		<flickrid>NULL</flickrid>
	</source>
	<owner>
		<flickrid>NULL</flickrid>
		<name>dcx</name>
	</owner>
	<size>
		<width>2704</width>
		<height>1520</height>
		<depth>3</depth>
	</size>
	<segmented>0</segmented>
	<object>
		<name>6</name>
		<pose>Unspecified</pose>
		<truncated>0</truncated>
		<difficult>0</difficult>
		<rectangle>
			<xmin>1476</xmin>
			<ymin>524</ymin>
			<xmax>1619</xmax>
			<ymax>757</ymax>
		</rectangle>
	</object>
	<object>
		<name>4</name>
		<pose>Unspecified</pose>
		<truncated>0</truncated>
		<difficult>0</difficult>
		<rectangle>
			<xmin>384</xmin>
			<ymin>414</ymin>
			<xmax>615</xmax>
			<ymax>1023</ymax>
		</rectangle>
	</object>
	<object>
		<name>7</name>
		<pose>Unspecified</pose>
		<truncated>0</truncated>
		<difficult>0</difficult>
		<rectangle>
			<xmin>1396</xmin>
			<ymin>511</ymin>
			<xmax>1470</xmax>
			<ymax>776</ymax>
		</rectangle>
	</object>
	<object>
		<name>3</name>
		<pose>Unspecified</pose>
		<truncated>0</truncated>
		<difficult>0</difficult>
		<rectangle>
			<xmin>1313</xmin>
			<ymin>483</ymin>
			<xmax>1439</xmax>
			<ymax>850</ymax>
		</rectangle>
	</object>
	<object>
		<name>5</name>
		<pose>Unspecified</pose>
		<truncated>0</truncated>
		<difficult>0</difficult>
		<rectangle>
			<xmin>2071</xmin>
			<ymin>557</ymin>
			<xmax>2315</xmax>
			<ymax>1183</ymax>
		</rectangle>
	</object>
	<object>
		<name>1</name>
		<pose>Unspecified</pose>
		<truncated>0</truncated>
		<difficult>0</difficult>
		<rectangle>
			<xmin>2063</xmin>
			<ymin>563</ymin>
			<xmax>2165</xmax>
			<ymax>787</ymax>
		</rectangle>
	</object>
	<object>
		<name>8</name>
		<pose>Unspecified</pose>
		<truncated>0</truncated>
		<difficult>0</difficult>
		<rectangle>
			<xmin>1629</xmin>
			<ymin>545</ymin>
			<xmax>1677</xmax>
			<ymax>709</ymax>
		</rectangle>
	</object>
</annotation>
