<annotation>
	<folder>V0-S_canteen_0-G_1_hor</folder>
	<filename>0307.jpg</filename>
	<source>
		<database>My Database</database>
		<annotation>VOC2007</annotation>
		<image>flickr</image>
		<flickrid>NULL</flickrid>
	</source>
	<owner>
		<flickrid>NULL</flickrid>
		<name>dcx</name>
	</owner>
	<size>
		<width>2704</width>
		<height>1520</height>
		<depth>3</depth>
	</size>
	<segmented>0</segmented>
	<object>
		<name>1</name>
		<pose>Unspecified</pose>
		<truncated>0</truncated>
		<difficult>0</difficult>
		<rectangle>
			<xmin>2063</xmin>
			<ymin>563</ymin>
			<xmax>2164</xmax>
			<ymax>787</ymax>
		</rectangle>
	</object>
	<object>
		<name>3</name>
		<pose>Unspecified</pose>
		<truncated>0</truncated>
		<difficult>0</difficult>
		<rectangle>
			<xmin>1310</xmin>
			<ymin>481</ymin>
			<xmax>1435</xmax>
			<ymax>851</ymax>
		</rectangle>
	</object>
	<object>
		<name>4</name>
		<pose>Unspecified</pose>
		<truncated>0</truncated>
		<difficult>0</difficult>
		<rectangle>
			<xmin>386</xmin>
			<ymin>414</ymin>
			<xmax>618</xmax>
			<ymax>1015</ymax>
		</rectangle>
	</object>
	<object>
		<name>5</name>
		<pose>Unspecified</pose>
		<truncated>0</truncated>
		<difficult>0</difficult>
		<rectangle>
			<xmin>2073</xmin>
			<ymin>559</ymin>
			<xmax>2317</xmax>
			<ymax>1182</ymax>
		</rectangle>
	</object>
	<object>
		<name>6</name>
		<pose>Unspecified</pose>
		<truncated>0</truncated>
		<difficult>0</difficult>
		<rectangle>
			<xmin>1477</xmin>
			<ymin>522</ymin>
			<xmax>1608</xmax>
			<ymax>756</ymax>
		</rectangle>
	</object>
	<object>
		<name>7</name>
		<pose>Unspecified</pose>
		<truncated>0</truncated>
		<difficult>0</difficult>
		<rectangle>
			<xmin>1397</xmin>
			<ymin>511</ymin>
			<xmax>1474</xmax>
			<ymax>776</ymax>
		</rectangle>
	</object>
	<object>
		<name>8</name>
		<pose>Unspecified</pose>
		<truncated>0</truncated>
		<difficult>0</difficult>
		<rectangle>
			<xmin>1623</xmin>
			<ymin>545</ymin>
			<xmax>1673</xmax>
			<ymax>710</ymax>
		</rectangle>
	</object>
</annotation>
