<annotation>
	<folder>V0-S_canteen_0-G_1_hor</folder>
	<filename>0309.jpg</filename>
	<source>
		<database>My Database</database>
		<annotation>VOC2007</annotation>
		<image>flickr</image>
		<flickrid>NULL</flickrid>
	</source>
	<owner>
		<flickrid>NULL</flickrid>
		<name>dcx</name>
	</owner>
	<size>
		<width>2704</width>
		<height>1520</height>
		<depth>3</depth>
	</size>
	<segmented>0</segmented>
	<object>
		<name>1</name>
		<pose>Unspecified</pose>
		<truncated>0</truncated>
		<difficult>0</difficult>
		<rectangle>
			<xmin>2062</xmin>
			<ymin>564</ymin>
			<xmax>2163</xmax>
			<ymax>787</ymax>
		</rectangle>
	</object>
	<object>
		<name>3</name>
		<pose>Unspecified</pose>
		<truncated>0</truncated>
		<difficult>0</difficult>
		<rectangle>
			<xmin>1305</xmin>
			<ymin>478</ymin>
			<xmax>1427</xmax>
			<ymax>852</ymax>
		</rectangle>
	</object>
	<object>
		<name>4</name>
		<pose>Unspecified</pose>
		<truncated>0</truncated>
		<difficult>0</difficult>
		<rectangle>
			<xmin>391</xmin>
			<ymin>413</ymin>
			<xmax>623</xmax>
			<ymax>999</ymax>
		</rectangle>
	</object>
	<object>
		<name>5</name>
		<pose>Unspecified</pose>
		<truncated>0</truncated>
		<difficult>0</difficult>
		<rectangle>
			<xmin>2076</xmin>
			<ymin>562</ymin>
			<xmax>2321</xmax>
			<ymax>1179</ymax>
		</rectangle>
	</object>
	<object>
		<name>6</name>
		<pose>Unspecified</pose>
		<truncated>0</truncated>
		<difficult>0</difficult>
		<rectangle>
			<xmin>1478</xmin>
			<ymin>519</ymin>
			<xmax>1585</xmax>
			<ymax>754</ymax>
		</rectangle>
	</object>
	<object>
		<name>7</name>
		<pose>Unspecified</pose>
		<truncated>0</truncated>
		<difficult>0</difficult>
		<rectangle>
			<xmin>1398</xmin>
			<ymin>511</ymin>
			<xmax>1481</xmax>
			<ymax>775</ymax>
		</rectangle>
	</object>
	<object>
		<name>8</name>
		<pose>Unspecified</pose>
		<truncated>0</truncated>
		<difficult>0</difficult>
		<rectangle>
			<xmin>1612</xmin>
			<ymin>544</ymin>
			<xmax>1664</xmax>
			<ymax>711</ymax>
		</rectangle>
	</object>
</annotation>
