<annotation>
	<folder>V0-S_canteen_0-G_1_hor</folder>
	<filename>0311.jpg</filename>
	<source>
		<database>My Database</database>
		<annotation>VOC2007</annotation>
		<image>flickr</image>
		<flickrid>NULL</flickrid>
	</source>
	<owner>
		<flickrid>NULL</flickrid>
		<name>dcx</name>
	</owner>
	<size>
		<width>2704</width>
		<height>1520</height>
		<depth>3</depth>
	</size>
	<segmented>0</segmented>
	<object>
		<name>6</name>
		<pose>Unspecified</pose>
		<truncated>0</truncated>
		<difficult>0</difficult>
		<rectangle>
			<xmin>1479</xmin>
			<ymin>515</ymin>
			<xmax>1562</xmax>
			<ymax>752</ymax>
		</rectangle>
	</object>
	<object>
		<name>4</name>
		<pose>Unspecified</pose>
		<truncated>0</truncated>
		<difficult>0</difficult>
		<rectangle>
			<xmin>396</xmin>
			<ymin>412</ymin>
			<xmax>629</xmax>
			<ymax>983</ymax>
		</rectangle>
	</object>
	<object>
		<name>7</name>
		<pose>Unspecified</pose>
		<truncated>0</truncated>
		<difficult>0</difficult>
		<rectangle>
			<xmin>1400</xmin>
			<ymin>511</ymin>
			<xmax>1488</xmax>
			<ymax>774</ymax>
		</rectangle>
	</object>
	<object>
		<name>3</name>
		<pose>Unspecified</pose>
		<truncated>0</truncated>
		<difficult>0</difficult>
		<rectangle>
			<xmin>1299</xmin>
			<ymin>475</ymin>
			<xmax>1419</xmax>
			<ymax>853</ymax>
		</rectangle>
	</object>
	<object>
		<name>5</name>
		<pose>Unspecified</pose>
		<truncated>0</truncated>
		<difficult>0</difficult>
		<rectangle>
			<xmin>2080</xmin>
			<ymin>565</ymin>
			<xmax>2325</xmax>
			<ymax>1177</ymax>
		</rectangle>
	</object>
	<object>
		<name>1</name>
		<pose>Unspecified</pose>
		<truncated>0</truncated>
		<difficult>0</difficult>
		<rectangle>
			<xmin>2061</xmin>
			<ymin>564</ymin>
			<xmax>2161</xmax>
			<ymax>787</ymax>
		</rectangle>
	</object>
	<object>
		<name>8</name>
		<pose>Unspecified</pose>
		<truncated>0</truncated>
		<difficult>0</difficult>
		<rectangle>
			<xmin>1601</xmin>
			<ymin>543</ymin>
			<xmax>1656</xmax>
			<ymax>712</ymax>
		</rectangle>
	</object>
</annotation>
