<annotation>
	<folder>V0-S_canteen_0-G_1_hor</folder>
	<filename>0314.jpg</filename>
	<source>
		<database>My Database</database>
		<annotation>VOC2007</annotation>
		<image>flickr</image>
		<flickrid>NULL</flickrid>
	</source>
	<owner>
		<flickrid>NULL</flickrid>
		<name>dcx</name>
	</owner>
	<size>
		<width>2704</width>
		<height>1520</height>
		<depth>3</depth>
	</size>
	<segmented>0</segmented>
	<object>
		<name>1</name>
		<pose>Unspecified</pose>
		<truncated>0</truncated>
		<difficult>0</difficult>
		<rectangle>
			<xmin>2059</xmin>
			<ymin>564</ymin>
			<xmax>2160</xmax>
			<ymax>792</ymax>
		</rectangle>
	</object>
	<object>
		<name>3</name>
		<pose>Unspecified</pose>
		<truncated>0</truncated>
		<difficult>0</difficult>
		<rectangle>
			<xmin>1270</xmin>
			<ymin>477</ymin>
			<xmax>1409</xmax>
			<ymax>857</ymax>
		</rectangle>
	</object>
	<object>
		<name>4</name>
		<pose>Unspecified</pose>
		<truncated>0</truncated>
		<difficult>0</difficult>
		<rectangle>
			<xmin>404</xmin>
			<ymin>414</ymin>
			<xmax>635</xmax>
			<ymax>978</ymax>
		</rectangle>
	</object>
	<object>
		<name>5</name>
		<pose>Unspecified</pose>
		<truncated>0</truncated>
		<difficult>0</difficult>
		<rectangle>
			<xmin>2079</xmin>
			<ymin>564</ymin>
			<xmax>2335</xmax>
			<ymax>1156</ymax>
		</rectangle>
	</object>
	<object>
		<name>7</name>
		<pose>Unspecified</pose>
		<truncated>0</truncated>
		<difficult>0</difficult>
		<rectangle>
			<xmin>1413</xmin>
			<ymin>512</ymin>
			<xmax>1497</xmax>
			<ymax>775</ymax>
		</rectangle>
	</object>
	<object>
		<name>8</name>
		<pose>Unspecified</pose>
		<truncated>0</truncated>
		<difficult>0</difficult>
		<rectangle>
			<xmin>1593</xmin>
			<ymin>545</ymin>
			<xmax>1646</xmax>
			<ymax>712</ymax>
		</rectangle>
	</object>
</annotation>
