<annotation>
	<folder>V0-S_canteen_0-G_1_hor</folder>
	<filename>0316.jpg</filename>
	<source>
		<database>My Database</database>
		<annotation>VOC2007</annotation>
		<image>flickr</image>
		<flickrid>NULL</flickrid>
	</source>
	<owner>
		<flickrid>NULL</flickrid>
		<name>dcx</name>
	</owner>
	<size>
		<width>2704</width>
		<height>1520</height>
		<depth>3</depth>
	</size>
	<segmented>0</segmented>
	<object>
		<name>4</name>
		<pose>Unspecified</pose>
		<truncated>0</truncated>
		<difficult>0</difficult>
		<rectangle>
			<xmin>409</xmin>
			<ymin>416</ymin>
			<xmax>639</xmax>
			<ymax>975</ymax>
		</rectangle>
	</object>
	<object>
		<name>7</name>
		<pose>Unspecified</pose>
		<truncated>0</truncated>
		<difficult>0</difficult>
		<rectangle>
			<xmin>1422</xmin>
			<ymin>512</ymin>
			<xmax>1503</xmax>
			<ymax>776</ymax>
		</rectangle>
	</object>
	<object>
		<name>3</name>
		<pose>Unspecified</pose>
		<truncated>0</truncated>
		<difficult>0</difficult>
		<rectangle>
			<xmin>1251</xmin>
			<ymin>478</ymin>
			<xmax>1402</xmax>
			<ymax>860</ymax>
		</rectangle>
	</object>
	<object>
		<name>5</name>
		<pose>Unspecified</pose>
		<truncated>0</truncated>
		<difficult>0</difficult>
		<rectangle>
			<xmin>2078</xmin>
			<ymin>564</ymin>
			<xmax>2341</xmax>
			<ymax>1142</ymax>
		</rectangle>
	</object>
	<object>
		<name>1</name>
		<pose>Unspecified</pose>
		<truncated>0</truncated>
		<difficult>0</difficult>
		<rectangle>
			<xmin>2058</xmin>
			<ymin>564</ymin>
			<xmax>2160</xmax>
			<ymax>796</ymax>
		</rectangle>
	</object>
	<object>
		<name>8</name>
		<pose>Unspecified</pose>
		<truncated>0</truncated>
		<difficult>0</difficult>
		<rectangle>
			<xmin>1588</xmin>
			<ymin>546</ymin>
			<xmax>1639</xmax>
			<ymax>712</ymax>
		</rectangle>
	</object>
</annotation>
