<annotation>
	<folder>V0-S_canteen_0-G_1_hor</folder>
	<filename>0318.jpg</filename>
	<source>
		<database>My Database</database>
		<annotation>VOC2007</annotation>
		<image>flickr</image>
		<flickrid>NULL</flickrid>
	</source>
	<owner>
		<flickrid>NULL</flickrid>
		<name>dcx</name>
	</owner>
	<size>
		<width>2704</width>
		<height>1520</height>
		<depth>3</depth>
	</size>
	<segmented>0</segmented>
	<object>
		<name>1</name>
		<pose>Unspecified</pose>
		<truncated>0</truncated>
		<difficult>0</difficult>
		<rectangle>
			<xmin>2058</xmin>
			<ymin>562</ymin>
			<xmax>2159</xmax>
			<ymax>794</ymax>
		</rectangle>
	</object>
	<object>
		<name>3</name>
		<pose>Unspecified</pose>
		<truncated>0</truncated>
		<difficult>0</difficult>
		<rectangle>
			<xmin>1245</xmin>
			<ymin>478</ymin>
			<xmax>1395</xmax>
			<ymax>863</ymax>
		</rectangle>
	</object>
	<object>
		<name>4</name>
		<pose>Unspecified</pose>
		<truncated>0</truncated>
		<difficult>0</difficult>
		<rectangle>
			<xmin>416</xmin>
			<ymin>419</ymin>
			<xmax>643</xmax>
			<ymax>977</ymax>
		</rectangle>
	</object>
	<object>
		<name>5</name>
		<pose>Unspecified</pose>
		<truncated>0</truncated>
		<difficult>0</difficult>
		<rectangle>
			<xmin>2086</xmin>
			<ymin>561</ymin>
			<xmax>2344</xmax>
			<ymax>1136</ymax>
		</rectangle>
	</object>
	<object>
		<name>7</name>
		<pose>Unspecified</pose>
		<truncated>0</truncated>
		<difficult>0</difficult>
		<rectangle>
			<xmin>1422</xmin>
			<ymin>514</ymin>
			<xmax>1507</xmax>
			<ymax>777</ymax>
		</rectangle>
	</object>
	<object>
		<name>8</name>
		<pose>Unspecified</pose>
		<truncated>0</truncated>
		<difficult>0</difficult>
		<rectangle>
			<xmin>1571</xmin>
			<ymin>543</ymin>
			<xmax>1631</xmax>
			<ymax>711</ymax>
		</rectangle>
	</object>
</annotation>
