<annotation>
	<folder>V0-S_canteen_0-G_1_hor</folder>
	<filename>0319.jpg</filename>
	<source>
		<database>My Database</database>
		<annotation>VOC2007</annotation>
		<image>flickr</image>
		<flickrid>NULL</flickrid>
	</source>
	<owner>
		<flickrid>NULL</flickrid>
		<name>dcx</name>
	</owner>
	<size>
		<width>2704</width>
		<height>1520</height>
		<depth>3</depth>
	</size>
	<segmented>0</segmented>
	<object>
		<name>1</name>
		<pose>Unspecified</pose>
		<truncated>0</truncated>
		<difficult>0</difficult>
		<rectangle>
			<xmin>2057</xmin>
			<ymin>561</ymin>
			<xmax>2159</xmax>
			<ymax>793</ymax>
		</rectangle>
	</object>
	<object>
		<name>3</name>
		<pose>Unspecified</pose>
		<truncated>0</truncated>
		<difficult>0</difficult>
		<rectangle>
			<xmin>1242</xmin>
			<ymin>477</ymin>
			<xmax>1392</xmax>
			<ymax>865</ymax>
		</rectangle>
	</object>
	<object>
		<name>4</name>
		<pose>Unspecified</pose>
		<truncated>0</truncated>
		<difficult>0</difficult>
		<rectangle>
			<xmin>420</xmin>
			<ymin>420</ymin>
			<xmax>644</xmax>
			<ymax>977</ymax>
		</rectangle>
	</object>
	<object>
		<name>5</name>
		<pose>Unspecified</pose>
		<truncated>0</truncated>
		<difficult>0</difficult>
		<rectangle>
			<xmin>2089</xmin>
			<ymin>560</ymin>
			<xmax>2345</xmax>
			<ymax>1133</ymax>
		</rectangle>
	</object>
	<object>
		<name>7</name>
		<pose>Unspecified</pose>
		<truncated>0</truncated>
		<difficult>0</difficult>
		<rectangle>
			<xmin>1423</xmin>
			<ymin>515</ymin>
			<xmax>1508</xmax>
			<ymax>777</ymax>
		</rectangle>
	</object>
	<object>
		<name>8</name>
		<pose>Unspecified</pose>
		<truncated>0</truncated>
		<difficult>0</difficult>
		<rectangle>
			<xmin>1563</xmin>
			<ymin>542</ymin>
			<xmax>1628</xmax>
			<ymax>711</ymax>
		</rectangle>
	</object>
</annotation>
