<annotation>
	<folder>V0-S_canteen_0-G_1_hor</folder>
	<filename>0320.jpg</filename>
	<source>
		<database>My Database</database>
		<annotation>VOC2007</annotation>
		<image>flickr</image>
		<flickrid>NULL</flickrid>
	</source>
	<owner>
		<flickrid>NULL</flickrid>
		<name>dcx</name>
	</owner>
	<size>
		<width>2704</width>
		<height>1520</height>
		<depth>3</depth>
	</size>
	<segmented>0</segmented>
	<object>
		<name>1</name>
		<pose>Unspecified</pose>
		<truncated>0</truncated>
		<difficult>0</difficult>
		<rectangle>
			<xmin>2057</xmin>
			<ymin>560</ymin>
			<xmax>2158</xmax>
			<ymax>792</ymax>
		</rectangle>
	</object>
	<object>
		<name>3</name>
		<pose>Unspecified</pose>
		<truncated>0</truncated>
		<difficult>0</difficult>
		<rectangle>
			<xmin>1239</xmin>
			<ymin>477</ymin>
			<xmax>1388</xmax>
			<ymax>866</ymax>
		</rectangle>
	</object>
	<object>
		<name>4</name>
		<pose>Unspecified</pose>
		<truncated>0</truncated>
		<difficult>0</difficult>
		<rectangle>
			<xmin>423</xmin>
			<ymin>422</ymin>
			<xmax>646</xmax>
			<ymax>978</ymax>
		</rectangle>
	</object>
	<object>
		<name>5</name>
		<pose>Unspecified</pose>
		<truncated>0</truncated>
		<difficult>0</difficult>
		<rectangle>
			<xmin>2093</xmin>
			<ymin>558</ymin>
			<xmax>2347</xmax>
			<ymax>1130</ymax>
		</rectangle>
	</object>
	<object>
		<name>7</name>
		<pose>Unspecified</pose>
		<truncated>0</truncated>
		<difficult>0</difficult>
		<rectangle>
			<xmin>1423</xmin>
			<ymin>516</ymin>
			<xmax>1510</xmax>
			<ymax>778</ymax>
		</rectangle>
	</object>
	<object>
		<name>8</name>
		<pose>Unspecified</pose>
		<truncated>0</truncated>
		<difficult>0</difficult>
		<rectangle>
			<xmin>1554</xmin>
			<ymin>540</ymin>
			<xmax>1624</xmax>
			<ymax>710</ymax>
		</rectangle>
	</object>
</annotation>
