<annotation>
	<folder>V0-S_canteen_0-G_1_hor</folder>
	<filename>0321.jpg</filename>
	<source>
		<database>My Database</database>
		<annotation>VOC2007</annotation>
		<image>flickr</image>
		<flickrid>NULL</flickrid>
	</source>
	<owner>
		<flickrid>NULL</flickrid>
		<name>dcx</name>
	</owner>
	<size>
		<width>2704</width>
		<height>1520</height>
		<depth>3</depth>
	</size>
	<segmented>0</segmented>
	<object>
		<name>4</name>
		<pose>Unspecified</pose>
		<truncated>0</truncated>
		<difficult>0</difficult>
		<rectangle>
			<xmin>427</xmin>
			<ymin>423</ymin>
			<xmax>648</xmax>
			<ymax>979</ymax>
		</rectangle>
	</object>
	<object>
		<name>7</name>
		<pose>Unspecified</pose>
		<truncated>0</truncated>
		<difficult>0</difficult>
		<rectangle>
			<xmin>1423</xmin>
			<ymin>517</ymin>
			<xmax>1512</xmax>
			<ymax>778</ymax>
		</rectangle>
	</object>
	<object>
		<name>3</name>
		<pose>Unspecified</pose>
		<truncated>0</truncated>
		<difficult>0</difficult>
		<rectangle>
			<xmin>1236</xmin>
			<ymin>477</ymin>
			<xmax>1385</xmax>
			<ymax>868</ymax>
		</rectangle>
	</object>
	<object>
		<name>5</name>
		<pose>Unspecified</pose>
		<truncated>0</truncated>
		<difficult>0</difficult>
		<rectangle>
			<xmin>2097</xmin>
			<ymin>557</ymin>
			<xmax>2348</xmax>
			<ymax>1127</ymax>
		</rectangle>
	</object>
	<object>
		<name>1</name>
		<pose>Unspecified</pose>
		<truncated>0</truncated>
		<difficult>0</difficult>
		<rectangle>
			<xmin>2057</xmin>
			<ymin>559</ymin>
			<xmax>2158</xmax>
			<ymax>791</ymax>
		</rectangle>
	</object>
	<object>
		<name>8</name>
		<pose>Unspecified</pose>
		<truncated>0</truncated>
		<difficult>0</difficult>
		<rectangle>
			<xmin>1546</xmin>
			<ymin>539</ymin>
			<xmax>1620</xmax>
			<ymax>710</ymax>
		</rectangle>
	</object>
</annotation>
