<annotation>
	<folder>V0-S_canteen_0-G_1_hor</folder>
	<filename>0322.jpg</filename>
	<source>
		<database>My Database</database>
		<annotation>VOC2007</annotation>
		<image>flickr</image>
		<flickrid>NULL</flickrid>
	</source>
	<owner>
		<flickrid>NULL</flickrid>
		<name>dcx</name>
	</owner>
	<size>
		<width>2704</width>
		<height>1520</height>
		<depth>3</depth>
	</size>
	<segmented>0</segmented>
	<object>
		<name>1</name>
		<pose>Unspecified</pose>
		<truncated>0</truncated>
		<difficult>0</difficult>
		<rectangle>
			<xmin>2058</xmin>
			<ymin>559</ymin>
			<xmax>2159</xmax>
			<ymax>791</ymax>
		</rectangle>
	</object>
	<object>
		<name>3</name>
		<pose>Unspecified</pose>
		<truncated>0</truncated>
		<difficult>0</difficult>
		<rectangle>
			<xmin>1237</xmin>
			<ymin>476</ymin>
			<xmax>1381</xmax>
			<ymax>869</ymax>
		</rectangle>
	</object>
	<object>
		<name>4</name>
		<pose>Unspecified</pose>
		<truncated>0</truncated>
		<difficult>0</difficult>
		<rectangle>
			<xmin>432</xmin>
			<ymin>423</ymin>
			<xmax>648</xmax>
			<ymax>974</ymax>
		</rectangle>
	</object>
	<object>
		<name>5</name>
		<pose>Unspecified</pose>
		<truncated>0</truncated>
		<difficult>0</difficult>
		<rectangle>
			<xmin>2105</xmin>
			<ymin>558</ymin>
			<xmax>2351</xmax>
			<ymax>1128</ymax>
		</rectangle>
	</object>
	<object>
		<name>7</name>
		<pose>Unspecified</pose>
		<truncated>0</truncated>
		<difficult>0</difficult>
		<rectangle>
			<xmin>1426</xmin>
			<ymin>516</ymin>
			<xmax>1515</xmax>
			<ymax>777</ymax>
		</rectangle>
	</object>
	<object>
		<name>8</name>
		<pose>Unspecified</pose>
		<truncated>0</truncated>
		<difficult>0</difficult>
		<rectangle>
			<xmin>1545</xmin>
			<ymin>539</ymin>
			<xmax>1618</xmax>
			<ymax>710</ymax>
		</rectangle>
	</object>
</annotation>
