<annotation>
	<folder>V0-S_canteen_0-G_1_hor</folder>
	<filename>0323.jpg</filename>
	<source>
		<database>My Database</database>
		<annotation>VOC2007</annotation>
		<image>flickr</image>
		<flickrid>NULL</flickrid>
	</source>
	<owner>
		<flickrid>NULL</flickrid>
		<name>dcx</name>
	</owner>
	<size>
		<width>2704</width>
		<height>1520</height>
		<depth>3</depth>
	</size>
	<segmented>0</segmented>
	<object>
		<name>1</name>
		<pose>Unspecified</pose>
		<truncated>0</truncated>
		<difficult>0</difficult>
		<rectangle>
			<xmin>2059</xmin>
			<ymin>559</ymin>
			<xmax>2160</xmax>
			<ymax>791</ymax>
		</rectangle>
	</object>
	<object>
		<name>3</name>
		<pose>Unspecified</pose>
		<truncated>0</truncated>
		<difficult>0</difficult>
		<rectangle>
			<xmin>1238</xmin>
			<ymin>474</ymin>
			<xmax>1378</xmax>
			<ymax>870</ymax>
		</rectangle>
	</object>
	<object>
		<name>4</name>
		<pose>Unspecified</pose>
		<truncated>0</truncated>
		<difficult>0</difficult>
		<rectangle>
			<xmin>436</xmin>
			<ymin>423</ymin>
			<xmax>648</xmax>
			<ymax>969</ymax>
		</rectangle>
	</object>
	<object>
		<name>5</name>
		<pose>Unspecified</pose>
		<truncated>0</truncated>
		<difficult>0</difficult>
		<rectangle>
			<xmin>2113</xmin>
			<ymin>560</ymin>
			<xmax>2353</xmax>
			<ymax>1128</ymax>
		</rectangle>
	</object>
	<object>
		<name>7</name>
		<pose>Unspecified</pose>
		<truncated>0</truncated>
		<difficult>0</difficult>
		<rectangle>
			<xmin>1429</xmin>
			<ymin>515</ymin>
			<xmax>1518</xmax>
			<ymax>776</ymax>
		</rectangle>
	</object>
	<object>
		<name>8</name>
		<pose>Unspecified</pose>
		<truncated>0</truncated>
		<difficult>0</difficult>
		<rectangle>
			<xmin>1544</xmin>
			<ymin>538</ymin>
			<xmax>1616</xmax>
			<ymax>710</ymax>
		</rectangle>
	</object>
</annotation>
