<annotation>
	<folder>V0-S_canteen_0-G_1_hor</folder>
	<filename>0325.jpg</filename>
	<source>
		<database>My Database</database>
		<annotation>VOC2007</annotation>
		<image>flickr</image>
		<flickrid>NULL</flickrid>
	</source>
	<owner>
		<flickrid>NULL</flickrid>
		<name>dcx</name>
	</owner>
	<size>
		<width>2704</width>
		<height>1520</height>
		<depth>3</depth>
	</size>
	<segmented>0</segmented>
	<object>
		<name>1</name>
		<pose>Unspecified</pose>
		<truncated>0</truncated>
		<difficult>0</difficult>
		<rectangle>
			<xmin>2060</xmin>
			<ymin>559</ymin>
			<xmax>2162</xmax>
			<ymax>791</ymax>
		</rectangle>
	</object>
	<object>
		<name>3</name>
		<pose>Unspecified</pose>
		<truncated>0</truncated>
		<difficult>0</difficult>
		<rectangle>
			<xmin>1241</xmin>
			<ymin>471</ymin>
			<xmax>1371</xmax>
			<ymax>873</ymax>
		</rectangle>
	</object>
	<object>
		<name>4</name>
		<pose>Unspecified</pose>
		<truncated>0</truncated>
		<difficult>0</difficult>
		<rectangle>
			<xmin>445</xmin>
			<ymin>422</ymin>
			<xmax>647</xmax>
			<ymax>960</ymax>
		</rectangle>
	</object>
	<object>
		<name>5</name>
		<pose>Unspecified</pose>
		<truncated>0</truncated>
		<difficult>0</difficult>
		<rectangle>
			<xmin>2130</xmin>
			<ymin>563</ymin>
			<xmax>2358</xmax>
			<ymax>1129</ymax>
		</rectangle>
	</object>
	<object>
		<name>7</name>
		<pose>Unspecified</pose>
		<truncated>0</truncated>
		<difficult>0</difficult>
		<rectangle>
			<xmin>1435</xmin>
			<ymin>514</ymin>
			<xmax>1524</xmax>
			<ymax>773</ymax>
		</rectangle>
	</object>
	<object>
		<name>8</name>
		<pose>Unspecified</pose>
		<truncated>0</truncated>
		<difficult>0</difficult>
		<rectangle>
			<xmin>1542</xmin>
			<ymin>537</ymin>
			<xmax>1612</xmax>
			<ymax>711</ymax>
		</rectangle>
	</object>
</annotation>
