<annotation>
	<folder>V0-S_canteen_0-G_1_hor</folder>
	<filename>0326.jpg</filename>
	<source>
		<database>My Database</database>
		<annotation>VOC2007</annotation>
		<image>flickr</image>
		<flickrid>NULL</flickrid>
	</source>
	<owner>
		<flickrid>NULL</flickrid>
		<name>dcx</name>
	</owner>
	<size>
		<width>2704</width>
		<height>1520</height>
		<depth>3</depth>
	</size>
	<segmented>0</segmented>
	<object>
		<name>6</name>
		<pose>Unspecified</pose>
		<truncated>0</truncated>
		<difficult>0</difficult>
		<rectangle>
			<xmin>1386</xmin>
			<ymin>512</ymin>
			<xmax>1482</xmax>
			<ymax>750</ymax>
		</rectangle>
	</object>
	<object>
		<name>4</name>
		<pose>Unspecified</pose>
		<truncated>0</truncated>
		<difficult>0</difficult>
		<rectangle>
			<xmin>450</xmin>
			<ymin>422</ymin>
			<xmax>647</xmax>
			<ymax>955</ymax>
		</rectangle>
	</object>
	<object>
		<name>7</name>
		<pose>Unspecified</pose>
		<truncated>0</truncated>
		<difficult>0</difficult>
		<rectangle>
			<xmin>1438</xmin>
			<ymin>513</ymin>
			<xmax>1527</xmax>
			<ymax>772</ymax>
		</rectangle>
	</object>
	<object>
		<name>3</name>
		<pose>Unspecified</pose>
		<truncated>0</truncated>
		<difficult>0</difficult>
		<rectangle>
			<xmin>1242</xmin>
			<ymin>470</ymin>
			<xmax>1367</xmax>
			<ymax>874</ymax>
		</rectangle>
	</object>
	<object>
		<name>5</name>
		<pose>Unspecified</pose>
		<truncated>0</truncated>
		<difficult>0</difficult>
		<rectangle>
			<xmin>2138</xmin>
			<ymin>564</ymin>
			<xmax>2361</xmax>
			<ymax>1130</ymax>
		</rectangle>
	</object>
	<object>
		<name>1</name>
		<pose>Unspecified</pose>
		<truncated>0</truncated>
		<difficult>0</difficult>
		<rectangle>
			<xmin>2061</xmin>
			<ymin>559</ymin>
			<xmax>2163</xmax>
			<ymax>791</ymax>
		</rectangle>
	</object>
	<object>
		<name>8</name>
		<pose>Unspecified</pose>
		<truncated>0</truncated>
		<difficult>0</difficult>
		<rectangle>
			<xmin>1541</xmin>
			<ymin>537</ymin>
			<xmax>1610</xmax>
			<ymax>711</ymax>
		</rectangle>
	</object>
</annotation>
