<annotation>
	<folder>V0-S_canteen_0-G_1_hor</folder>
	<filename>0330.jpg</filename>
	<source>
		<database>My Database</database>
		<annotation>VOC2007</annotation>
		<image>flickr</image>
		<flickrid>NULL</flickrid>
	</source>
	<owner>
		<flickrid>NULL</flickrid>
		<name>dcx</name>
	</owner>
	<size>
		<width>2704</width>
		<height>1520</height>
		<depth>3</depth>
	</size>
	<segmented>0</segmented>
	<object>
		<name>1</name>
		<pose>Unspecified</pose>
		<truncated>0</truncated>
		<difficult>0</difficult>
		<rectangle>
			<xmin>2064</xmin>
			<ymin>560</ymin>
			<xmax>2167</xmax>
			<ymax>791</ymax>
		</rectangle>
	</object>
	<object>
		<name>3</name>
		<pose>Unspecified</pose>
		<truncated>0</truncated>
		<difficult>0</difficult>
		<rectangle>
			<xmin>1226</xmin>
			<ymin>467</ymin>
			<xmax>1361</xmax>
			<ymax>881</ymax>
		</rectangle>
	</object>
	<object>
		<name>4</name>
		<pose>Unspecified</pose>
		<truncated>0</truncated>
		<difficult>0</difficult>
		<rectangle>
			<xmin>464</xmin>
			<ymin>422</ymin>
			<xmax>663</xmax>
			<ymax>931</ymax>
		</rectangle>
	</object>
	<object>
		<name>5</name>
		<pose>Unspecified</pose>
		<truncated>0</truncated>
		<difficult>0</difficult>
		<rectangle>
			<xmin>2148</xmin>
			<ymin>564</ymin>
			<xmax>2363</xmax>
			<ymax>1123</ymax>
		</rectangle>
	</object>
	<object>
		<name>6</name>
		<pose>Unspecified</pose>
		<truncated>0</truncated>
		<difficult>0</difficult>
		<rectangle>
			<xmin>1368</xmin>
			<ymin>504</ymin>
			<xmax>1468</xmax>
			<ymax>747</ymax>
		</rectangle>
	</object>
	<object>
		<name>7</name>
		<pose>Unspecified</pose>
		<truncated>0</truncated>
		<difficult>0</difficult>
		<rectangle>
			<xmin>1468</xmin>
			<ymin>510</ymin>
			<xmax>1540</xmax>
			<ymax>769</ymax>
		</rectangle>
	</object>
	<object>
		<name>8</name>
		<pose>Unspecified</pose>
		<truncated>0</truncated>
		<difficult>0</difficult>
		<rectangle>
			<xmin>1542</xmin>
			<ymin>535</ymin>
			<xmax>1592</xmax>
			<ymax>709</ymax>
		</rectangle>
	</object>
</annotation>
