<annotation>
	<folder>V0-S_canteen_0-G_1_hor</folder>
	<filename>0331.jpg</filename>
	<source>
		<database>My Database</database>
		<annotation>VOC2007</annotation>
		<image>flickr</image>
		<flickrid>NULL</flickrid>
	</source>
	<owner>
		<flickrid>NULL</flickrid>
		<name>dcx</name>
	</owner>
	<size>
		<width>2704</width>
		<height>1520</height>
		<depth>3</depth>
	</size>
	<segmented>0</segmented>
	<object>
		<name>6</name>
		<pose>Unspecified</pose>
		<truncated>0</truncated>
		<difficult>0</difficult>
		<rectangle>
			<xmin>1363</xmin>
			<ymin>502</ymin>
			<xmax>1465</xmax>
			<ymax>746</ymax>
		</rectangle>
	</object>
	<object>
		<name>4</name>
		<pose>Unspecified</pose>
		<truncated>0</truncated>
		<difficult>0</difficult>
		<rectangle>
			<xmin>467</xmin>
			<ymin>422</ymin>
			<xmax>667</xmax>
			<ymax>925</ymax>
		</rectangle>
	</object>
	<object>
		<name>7</name>
		<pose>Unspecified</pose>
		<truncated>0</truncated>
		<difficult>0</difficult>
		<rectangle>
			<xmin>1475</xmin>
			<ymin>509</ymin>
			<xmax>1543</xmax>
			<ymax>768</ymax>
		</rectangle>
	</object>
	<object>
		<name>3</name>
		<pose>Unspecified</pose>
		<truncated>0</truncated>
		<difficult>0</difficult>
		<rectangle>
			<xmin>1222</xmin>
			<ymin>466</ymin>
			<xmax>1360</xmax>
			<ymax>883</ymax>
		</rectangle>
	</object>
	<object>
		<name>5</name>
		<pose>Unspecified</pose>
		<truncated>0</truncated>
		<difficult>0</difficult>
		<rectangle>
			<xmin>2150</xmin>
			<ymin>564</ymin>
			<xmax>2364</xmax>
			<ymax>1121</ymax>
		</rectangle>
	</object>
	<object>
		<name>1</name>
		<pose>Unspecified</pose>
		<truncated>0</truncated>
		<difficult>0</difficult>
		<rectangle>
			<xmin>2065</xmin>
			<ymin>560</ymin>
			<xmax>2168</xmax>
			<ymax>791</ymax>
		</rectangle>
	</object>
	<object>
		<name>8</name>
		<pose>Unspecified</pose>
		<truncated>0</truncated>
		<difficult>0</difficult>
		<rectangle>
			<xmin>1542</xmin>
			<ymin>534</ymin>
			<xmax>1587</xmax>
			<ymax>708</ymax>
		</rectangle>
	</object>
</annotation>
