<annotation>
	<folder>V0-S_canteen_0-G_1_hor</folder>
	<filename>0337.jpg</filename>
	<source>
		<database>My Database</database>
		<annotation>VOC2007</annotation>
		<image>flickr</image>
		<flickrid>NULL</flickrid>
	</source>
	<owner>
		<flickrid>NULL</flickrid>
		<name>dcx</name>
	</owner>
	<size>
		<width>2704</width>
		<height>1520</height>
		<depth>3</depth>
	</size>
	<segmented>0</segmented>
	<object>
		<name>1</name>
		<pose>Unspecified</pose>
		<truncated>0</truncated>
		<difficult>0</difficult>
		<rectangle>
			<xmin>2064</xmin>
			<ymin>563</ymin>
			<xmax>2165</xmax>
			<ymax>791</ymax>
		</rectangle>
	</object>
	<object>
		<name>3</name>
		<pose>Unspecified</pose>
		<truncated>0</truncated>
		<difficult>0</difficult>
		<rectangle>
			<xmin>1191</xmin>
			<ymin>466</ymin>
			<xmax>1343</xmax>
			<ymax>894</ymax>
		</rectangle>
	</object>
	<object>
		<name>4</name>
		<pose>Unspecified</pose>
		<truncated>0</truncated>
		<difficult>0</difficult>
		<rectangle>
			<xmin>501</xmin>
			<ymin>426</ymin>
			<xmax>684</xmax>
			<ymax>920</ymax>
		</rectangle>
	</object>
	<object>
		<name>5</name>
		<pose>Unspecified</pose>
		<truncated>0</truncated>
		<difficult>0</difficult>
		<rectangle>
			<xmin>2158</xmin>
			<ymin>561</ymin>
			<xmax>2362</xmax>
			<ymax>1095</ymax>
		</rectangle>
	</object>
	<object>
		<name>6</name>
		<pose>Unspecified</pose>
		<truncated>0</truncated>
		<difficult>0</difficult>
		<rectangle>
			<xmin>1328</xmin>
			<ymin>501</ymin>
			<xmax>1470</xmax>
			<ymax>755</ymax>
		</rectangle>
	</object>
	<object>
		<name>7</name>
		<pose>Unspecified</pose>
		<truncated>0</truncated>
		<difficult>0</difficult>
		<rectangle>
			<xmin>1480</xmin>
			<ymin>514</ymin>
			<xmax>1567</xmax>
			<ymax>764</ymax>
		</rectangle>
	</object>
</annotation>
