<annotation>
	<folder>V0-S_canteen_0-G_1_hor</folder>
	<filename>0338.jpg</filename>
	<source>
		<database>My Database</database>
		<annotation>VOC2007</annotation>
		<image>flickr</image>
		<flickrid>NULL</flickrid>
	</source>
	<owner>
		<flickrid>NULL</flickrid>
		<name>dcx</name>
	</owner>
	<size>
		<width>2704</width>
		<height>1520</height>
		<depth>3</depth>
	</size>
	<segmented>0</segmented>
	<object>
		<name>1</name>
		<pose>Unspecified</pose>
		<truncated>0</truncated>
		<difficult>0</difficult>
		<rectangle>
			<xmin>2063</xmin>
			<ymin>563</ymin>
			<xmax>2164</xmax>
			<ymax>791</ymax>
		</rectangle>
	</object>
	<object>
		<name>3</name>
		<pose>Unspecified</pose>
		<truncated>0</truncated>
		<difficult>0</difficult>
		<rectangle>
			<xmin>1187</xmin>
			<ymin>467</ymin>
			<xmax>1339</xmax>
			<ymax>896</ymax>
		</rectangle>
	</object>
	<object>
		<name>4</name>
		<pose>Unspecified</pose>
		<truncated>0</truncated>
		<difficult>0</difficult>
		<rectangle>
			<xmin>505</xmin>
			<ymin>426</ymin>
			<xmax>687</xmax>
			<ymax>919</ymax>
		</rectangle>
	</object>
	<object>
		<name>5</name>
		<pose>Unspecified</pose>
		<truncated>0</truncated>
		<difficult>0</difficult>
		<rectangle>
			<xmin>2158</xmin>
			<ymin>560</ymin>
			<xmax>2364</xmax>
			<ymax>1090</ymax>
		</rectangle>
	</object>
	<object>
		<name>6</name>
		<pose>Unspecified</pose>
		<truncated>0</truncated>
		<difficult>0</difficult>
		<rectangle>
			<xmin>1325</xmin>
			<ymin>502</ymin>
			<xmax>1470</xmax>
			<ymax>755</ymax>
		</rectangle>
	</object>
	<object>
		<name>7</name>
		<pose>Unspecified</pose>
		<truncated>0</truncated>
		<difficult>0</difficult>
		<rectangle>
			<xmin>1480</xmin>
			<ymin>515</ymin>
			<xmax>1571</xmax>
			<ymax>764</ymax>
		</rectangle>
	</object>
</annotation>
