<annotation>
	<folder>V0-S_canteen_0-G_1_hor</folder>
	<filename>0339.jpg</filename>
	<source>
		<database>My Database</database>
		<annotation>VOC2007</annotation>
		<image>flickr</image>
		<flickrid>NULL</flickrid>
	</source>
	<owner>
		<flickrid>NULL</flickrid>
		<name>dcx</name>
	</owner>
	<size>
		<width>2704</width>
		<height>1520</height>
		<depth>3</depth>
	</size>
	<segmented>0</segmented>
	<object>
		<name>1</name>
		<pose>Unspecified</pose>
		<truncated>0</truncated>
		<difficult>0</difficult>
		<rectangle>
			<xmin>2062</xmin>
			<ymin>564</ymin>
			<xmax>2164</xmax>
			<ymax>792</ymax>
		</rectangle>
	</object>
	<object>
		<name>3</name>
		<pose>Unspecified</pose>
		<truncated>0</truncated>
		<difficult>0</difficult>
		<rectangle>
			<xmin>1183</xmin>
			<ymin>469</ymin>
			<xmax>1334</xmax>
			<ymax>899</ymax>
		</rectangle>
	</object>
	<object>
		<name>4</name>
		<pose>Unspecified</pose>
		<truncated>0</truncated>
		<difficult>0</difficult>
		<rectangle>
			<xmin>509</xmin>
			<ymin>427</ymin>
			<xmax>689</xmax>
			<ymax>919</ymax>
		</rectangle>
	</object>
	<object>
		<name>5</name>
		<pose>Unspecified</pose>
		<truncated>0</truncated>
		<difficult>0</difficult>
		<rectangle>
			<xmin>2158</xmin>
			<ymin>560</ymin>
			<xmax>2365</xmax>
			<ymax>1084</ymax>
		</rectangle>
	</object>
	<object>
		<name>6</name>
		<pose>Unspecified</pose>
		<truncated>0</truncated>
		<difficult>0</difficult>
		<rectangle>
			<xmin>1321</xmin>
			<ymin>503</ymin>
			<xmax>1470</xmax>
			<ymax>756</ymax>
		</rectangle>
	</object>
	<object>
		<name>7</name>
		<pose>Unspecified</pose>
		<truncated>0</truncated>
		<difficult>0</difficult>
		<rectangle>
			<xmin>1481</xmin>
			<ymin>517</ymin>
			<xmax>1574</xmax>
			<ymax>763</ymax>
		</rectangle>
	</object>
</annotation>
