<annotation>
	<folder>V0-S_canteen_0-G_1_hor</folder>
	<filename>0341.jpg</filename>
	<source>
		<database>My Database</database>
		<annotation>VOC2007</annotation>
		<image>flickr</image>
		<flickrid>NULL</flickrid>
	</source>
	<owner>
		<flickrid>NULL</flickrid>
		<name>dcx</name>
	</owner>
	<size>
		<width>2704</width>
		<height>1520</height>
		<depth>3</depth>
	</size>
	<segmented>0</segmented>
	<object>
		<name>6</name>
		<pose>Unspecified</pose>
		<truncated>0</truncated>
		<difficult>0</difficult>
		<rectangle>
			<xmin>1315</xmin>
			<ymin>505</ymin>
			<xmax>1470</xmax>
			<ymax>756</ymax>
		</rectangle>
	</object>
	<object>
		<name>4</name>
		<pose>Unspecified</pose>
		<truncated>0</truncated>
		<difficult>0</difficult>
		<rectangle>
			<xmin>517</xmin>
			<ymin>428</ymin>
			<xmax>694</xmax>
			<ymax>918</ymax>
		</rectangle>
	</object>
	<object>
		<name>7</name>
		<pose>Unspecified</pose>
		<truncated>0</truncated>
		<difficult>0</difficult>
		<rectangle>
			<xmin>1481</xmin>
			<ymin>520</ymin>
			<xmax>1582</xmax>
			<ymax>762</ymax>
		</rectangle>
	</object>
	<object>
		<name>3</name>
		<pose>Unspecified</pose>
		<truncated>0</truncated>
		<difficult>0</difficult>
		<rectangle>
			<xmin>1175</xmin>
			<ymin>472</ymin>
			<xmax>1325</xmax>
			<ymax>904</ymax>
		</rectangle>
	</object>
	<object>
		<name>5</name>
		<pose>Unspecified</pose>
		<truncated>0</truncated>
		<difficult>0</difficult>
		<rectangle>
			<xmin>2158</xmin>
			<ymin>559</ymin>
			<xmax>2368</xmax>
			<ymax>1074</ymax>
		</rectangle>
	</object>
	<object>
		<name>1</name>
		<pose>Unspecified</pose>
		<truncated>0</truncated>
		<difficult>0</difficult>
		<rectangle>
			<xmin>2060</xmin>
			<ymin>564</ymin>
			<xmax>2163</xmax>
			<ymax>792</ymax>
		</rectangle>
	</object>
</annotation>
