<annotation>
	<folder>V0-S_canteen_0-G_1_hor</folder>
	<filename>0342.jpg</filename>
	<source>
		<database>My Database</database>
		<annotation>VOC2007</annotation>
		<image>flickr</image>
		<flickrid>NULL</flickrid>
	</source>
	<owner>
		<flickrid>NULL</flickrid>
		<name>dcx</name>
	</owner>
	<size>
		<width>2704</width>
		<height>1520</height>
		<depth>3</depth>
	</size>
	<segmented>0</segmented>
	<object>
		<name>1</name>
		<pose>Unspecified</pose>
		<truncated>0</truncated>
		<difficult>0</difficult>
		<rectangle>
			<xmin>2061</xmin>
			<ymin>563</ymin>
			<xmax>2164</xmax>
			<ymax>792</ymax>
		</rectangle>
	</object>
	<object>
		<name>3</name>
		<pose>Unspecified</pose>
		<truncated>0</truncated>
		<difficult>0</difficult>
		<rectangle>
			<xmin>1173</xmin>
			<ymin>469</ymin>
			<xmax>1320</xmax>
			<ymax>904</ymax>
		</rectangle>
	</object>
	<object>
		<name>4</name>
		<pose>Unspecified</pose>
		<truncated>0</truncated>
		<difficult>0</difficult>
		<rectangle>
			<xmin>526</xmin>
			<ymin>428</ymin>
			<xmax>702</xmax>
			<ymax>914</ymax>
		</rectangle>
	</object>
	<object>
		<name>5</name>
		<pose>Unspecified</pose>
		<truncated>0</truncated>
		<difficult>0</difficult>
		<rectangle>
			<xmin>2161</xmin>
			<ymin>561</ymin>
			<xmax>2370</xmax>
			<ymax>1075</ymax>
		</rectangle>
	</object>
	<object>
		<name>6</name>
		<pose>Unspecified</pose>
		<truncated>0</truncated>
		<difficult>0</difficult>
		<rectangle>
			<xmin>1314</xmin>
			<ymin>503</ymin>
			<xmax>1465</xmax>
			<ymax>757</ymax>
		</rectangle>
	</object>
	<object>
		<name>7</name>
		<pose>Unspecified</pose>
		<truncated>0</truncated>
		<difficult>0</difficult>
		<rectangle>
			<xmin>1483</xmin>
			<ymin>520</ymin>
			<xmax>1585</xmax>
			<ymax>762</ymax>
		</rectangle>
	</object>
</annotation>
