<annotation>
	<folder>V0-S_canteen_0-G_1_hor</folder>
	<filename>0343.jpg</filename>
	<source>
		<database>My Database</database>
		<annotation>VOC2007</annotation>
		<image>flickr</image>
		<flickrid>NULL</flickrid>
	</source>
	<owner>
		<flickrid>NULL</flickrid>
		<name>dcx</name>
	</owner>
	<size>
		<width>2704</width>
		<height>1520</height>
		<depth>3</depth>
	</size>
	<segmented>0</segmented>
	<object>
		<name>1</name>
		<pose>Unspecified</pose>
		<truncated>0</truncated>
		<difficult>0</difficult>
		<rectangle>
			<xmin>2062</xmin>
			<ymin>562</ymin>
			<xmax>2164</xmax>
			<ymax>792</ymax>
		</rectangle>
	</object>
	<object>
		<name>3</name>
		<pose>Unspecified</pose>
		<truncated>0</truncated>
		<difficult>0</difficult>
		<rectangle>
			<xmin>1170</xmin>
			<ymin>467</ymin>
			<xmax>1314</xmax>
			<ymax>904</ymax>
		</rectangle>
	</object>
	<object>
		<name>4</name>
		<pose>Unspecified</pose>
		<truncated>0</truncated>
		<difficult>0</difficult>
		<rectangle>
			<xmin>535</xmin>
			<ymin>428</ymin>
			<xmax>709</xmax>
			<ymax>909</ymax>
		</rectangle>
	</object>
	<object>
		<name>5</name>
		<pose>Unspecified</pose>
		<truncated>0</truncated>
		<difficult>0</difficult>
		<rectangle>
			<xmin>2165</xmin>
			<ymin>563</ymin>
			<xmax>2371</xmax>
			<ymax>1076</ymax>
		</rectangle>
	</object>
	<object>
		<name>6</name>
		<pose>Unspecified</pose>
		<truncated>0</truncated>
		<difficult>0</difficult>
		<rectangle>
			<xmin>1312</xmin>
			<ymin>502</ymin>
			<xmax>1461</xmax>
			<ymax>758</ymax>
		</rectangle>
	</object>
	<object>
		<name>7</name>
		<pose>Unspecified</pose>
		<truncated>0</truncated>
		<difficult>0</difficult>
		<rectangle>
			<xmin>1485</xmin>
			<ymin>520</ymin>
			<xmax>1588</xmax>
			<ymax>763</ymax>
		</rectangle>
	</object>
</annotation>
