<annotation>
	<folder>V0-S_canteen_0-G_1_hor</folder>
	<filename>0345.jpg</filename>
	<source>
		<database>My Database</database>
		<annotation>VOC2007</annotation>
		<image>flickr</image>
		<flickrid>NULL</flickrid>
	</source>
	<owner>
		<flickrid>NULL</flickrid>
		<name>dcx</name>
	</owner>
	<size>
		<width>2704</width>
		<height>1520</height>
		<depth>3</depth>
	</size>
	<segmented>0</segmented>
	<object>
		<name>1</name>
		<pose>Unspecified</pose>
		<truncated>0</truncated>
		<difficult>0</difficult>
		<rectangle>
			<xmin>2063</xmin>
			<ymin>559</ymin>
			<xmax>2165</xmax>
			<ymax>792</ymax>
		</rectangle>
	</object>
	<object>
		<name>3</name>
		<pose>Unspecified</pose>
		<truncated>0</truncated>
		<difficult>0</difficult>
		<rectangle>
			<xmin>1165</xmin>
			<ymin>462</ymin>
			<xmax>1303</xmax>
			<ymax>905</ymax>
		</rectangle>
	</object>
	<object>
		<name>4</name>
		<pose>Unspecified</pose>
		<truncated>0</truncated>
		<difficult>0</difficult>
		<rectangle>
			<xmin>553</xmin>
			<ymin>429</ymin>
			<xmax>724</xmax>
			<ymax>900</ymax>
		</rectangle>
	</object>
	<object>
		<name>5</name>
		<pose>Unspecified</pose>
		<truncated>0</truncated>
		<difficult>0</difficult>
		<rectangle>
			<xmin>2172</xmin>
			<ymin>566</ymin>
			<xmax>2374</xmax>
			<ymax>1078</ymax>
		</rectangle>
	</object>
	<object>
		<name>6</name>
		<pose>Unspecified</pose>
		<truncated>0</truncated>
		<difficult>0</difficult>
		<rectangle>
			<xmin>1309</xmin>
			<ymin>499</ymin>
			<xmax>1452</xmax>
			<ymax>759</ymax>
		</rectangle>
	</object>
	<object>
		<name>7</name>
		<pose>Unspecified</pose>
		<truncated>0</truncated>
		<difficult>0</difficult>
		<rectangle>
			<xmin>1490</xmin>
			<ymin>519</ymin>
			<xmax>1594</xmax>
			<ymax>764</ymax>
		</rectangle>
	</object>
</annotation>
