<annotation>
	<folder>V0-S_canteen_0-G_1_hor</folder>
	<filename>0346.jpg</filename>
	<source>
		<database>My Database</database>
		<annotation>VOC2007</annotation>
		<image>flickr</image>
		<flickrid>NULL</flickrid>
	</source>
	<owner>
		<flickrid>NULL</flickrid>
		<name>dcx</name>
	</owner>
	<size>
		<width>2704</width>
		<height>1520</height>
		<depth>3</depth>
	</size>
	<segmented>0</segmented>
	<object>
		<name>6</name>
		<pose>Unspecified</pose>
		<truncated>0</truncated>
		<difficult>0</difficult>
		<rectangle>
			<xmin>1308</xmin>
			<ymin>497</ymin>
			<xmax>1447</xmax>
			<ymax>760</ymax>
		</rectangle>
	</object>
	<object>
		<name>4</name>
		<pose>Unspecified</pose>
		<truncated>0</truncated>
		<difficult>0</difficult>
		<rectangle>
			<xmin>562</xmin>
			<ymin>429</ymin>
			<xmax>732</xmax>
			<ymax>896</ymax>
		</rectangle>
	</object>
	<object>
		<name>7</name>
		<pose>Unspecified</pose>
		<truncated>0</truncated>
		<difficult>0</difficult>
		<rectangle>
			<xmin>1492</xmin>
			<ymin>519</ymin>
			<xmax>1597</xmax>
			<ymax>764</ymax>
		</rectangle>
	</object>
	<object>
		<name>3</name>
		<pose>Unspecified</pose>
		<truncated>0</truncated>
		<difficult>0</difficult>
		<rectangle>
			<xmin>1163</xmin>
			<ymin>459</ymin>
			<xmax>1298</xmax>
			<ymax>905</ymax>
		</rectangle>
	</object>
	<object>
		<name>5</name>
		<pose>Unspecified</pose>
		<truncated>0</truncated>
		<difficult>0</difficult>
		<rectangle>
			<xmin>2175</xmin>
			<ymin>568</ymin>
			<xmax>2376</xmax>
			<ymax>1079</ymax>
		</rectangle>
	</object>
	<object>
		<name>1</name>
		<pose>Unspecified</pose>
		<truncated>0</truncated>
		<difficult>0</difficult>
		<rectangle>
			<xmin>2064</xmin>
			<ymin>558</ymin>
			<xmax>2166</xmax>
			<ymax>792</ymax>
		</rectangle>
	</object>
	<object>
		<name>8</name>
		<pose>Unspecified</pose>
		<truncated>0</truncated>
		<difficult>0</difficult>
		<rectangle>
			<xmin>1465</xmin>
			<ymin>524</ymin>
			<xmax>1531</xmax>
			<ymax>712</ymax>
		</rectangle>
	</object>
</annotation>
