<annotation>
	<folder>V0-S_canteen_0-G_1_hor</folder>
	<filename>0347.jpg</filename>
	<source>
		<database>My Database</database>
		<annotation>VOC2007</annotation>
		<image>flickr</image>
		<flickrid>NULL</flickrid>
	</source>
	<owner>
		<flickrid>NULL</flickrid>
		<name>dcx</name>
	</owner>
	<size>
		<width>2704</width>
		<height>1520</height>
		<depth>3</depth>
	</size>
	<segmented>0</segmented>
	<object>
		<name>1</name>
		<pose>Unspecified</pose>
		<truncated>0</truncated>
		<difficult>0</difficult>
		<rectangle>
			<xmin>2065</xmin>
			<ymin>558</ymin>
			<xmax>2167</xmax>
			<ymax>791</ymax>
		</rectangle>
	</object>
	<object>
		<name>3</name>
		<pose>Unspecified</pose>
		<truncated>0</truncated>
		<difficult>0</difficult>
		<rectangle>
			<xmin>1155</xmin>
			<ymin>458</ymin>
			<xmax>1295</xmax>
			<ymax>905</ymax>
		</rectangle>
	</object>
	<object>
		<name>4</name>
		<pose>Unspecified</pose>
		<truncated>0</truncated>
		<difficult>0</difficult>
		<rectangle>
			<xmin>567</xmin>
			<ymin>429</ymin>
			<xmax>740</xmax>
			<ymax>894</ymax>
		</rectangle>
	</object>
	<object>
		<name>5</name>
		<pose>Unspecified</pose>
		<truncated>0</truncated>
		<difficult>0</difficult>
		<rectangle>
			<xmin>2174</xmin>
			<ymin>568</ymin>
			<xmax>2380</xmax>
			<ymax>1076</ymax>
		</rectangle>
	</object>
	<object>
		<name>6</name>
		<pose>Unspecified</pose>
		<truncated>0</truncated>
		<difficult>0</difficult>
		<rectangle>
			<xmin>1309</xmin>
			<ymin>495</ymin>
			<xmax>1439</xmax>
			<ymax>760</ymax>
		</rectangle>
	</object>
	<object>
		<name>7</name>
		<pose>Unspecified</pose>
		<truncated>0</truncated>
		<difficult>0</difficult>
		<rectangle>
			<xmin>1498</xmin>
			<ymin>518</ymin>
			<xmax>1600</xmax>
			<ymax>764</ymax>
		</rectangle>
	</object>
	<object>
		<name>8</name>
		<pose>Unspecified</pose>
		<truncated>0</truncated>
		<difficult>0</difficult>
		<rectangle>
			<xmin>1460</xmin>
			<ymin>524</ymin>
			<xmax>1529</xmax>
			<ymax>711</ymax>
		</rectangle>
	</object>
</annotation>
