<annotation>
	<folder>V0-S_canteen_0-G_1_hor</folder>
	<filename>0349.jpg</filename>
	<source>
		<database>My Database</database>
		<annotation>VOC2007</annotation>
		<image>flickr</image>
		<flickrid>NULL</flickrid>
	</source>
	<owner>
		<flickrid>NULL</flickrid>
		<name>dcx</name>
	</owner>
	<size>
		<width>2704</width>
		<height>1520</height>
		<depth>3</depth>
	</size>
	<segmented>0</segmented>
	<object>
		<name>1</name>
		<pose>Unspecified</pose>
		<truncated>0</truncated>
		<difficult>0</difficult>
		<rectangle>
			<xmin>2066</xmin>
			<ymin>557</ymin>
			<xmax>2169</xmax>
			<ymax>790</ymax>
		</rectangle>
	</object>
	<object>
		<name>3</name>
		<pose>Unspecified</pose>
		<truncated>0</truncated>
		<difficult>0</difficult>
		<rectangle>
			<xmin>1138</xmin>
			<ymin>455</ymin>
			<xmax>1288</xmax>
			<ymax>905</ymax>
		</rectangle>
	</object>
	<object>
		<name>4</name>
		<pose>Unspecified</pose>
		<truncated>0</truncated>
		<difficult>0</difficult>
		<rectangle>
			<xmin>577</xmin>
			<ymin>430</ymin>
			<xmax>755</xmax>
			<ymax>890</ymax>
		</rectangle>
	</object>
	<object>
		<name>5</name>
		<pose>Unspecified</pose>
		<truncated>0</truncated>
		<difficult>0</difficult>
		<rectangle>
			<xmin>2172</xmin>
			<ymin>569</ymin>
			<xmax>2389</xmax>
			<ymax>1069</ymax>
		</rectangle>
	</object>
	<object>
		<name>6</name>
		<pose>Unspecified</pose>
		<truncated>0</truncated>
		<difficult>0</difficult>
		<rectangle>
			<xmin>1312</xmin>
			<ymin>491</ymin>
			<xmax>1422</xmax>
			<ymax>759</ymax>
		</rectangle>
	</object>
	<object>
		<name>7</name>
		<pose>Unspecified</pose>
		<truncated>0</truncated>
		<difficult>0</difficult>
		<rectangle>
			<xmin>1509</xmin>
			<ymin>517</ymin>
			<xmax>1607</xmax>
			<ymax>763</ymax>
		</rectangle>
	</object>
	<object>
		<name>8</name>
		<pose>Unspecified</pose>
		<truncated>0</truncated>
		<difficult>0</difficult>
		<rectangle>
			<xmin>1449</xmin>
			<ymin>525</ymin>
			<xmax>1525</xmax>
			<ymax>710</ymax>
		</rectangle>
	</object>
</annotation>
