<annotation>
	<folder>V0-S_canteen_0-G_1_hor</folder>
	<filename>0350.jpg</filename>
	<source>
		<database>My Database</database>
		<annotation>VOC2007</annotation>
		<image>flickr</image>
		<flickrid>NULL</flickrid>
	</source>
	<owner>
		<flickrid>NULL</flickrid>
		<name>dcx</name>
	</owner>
	<size>
		<width>2704</width>
		<height>1520</height>
		<depth>3</depth>
	</size>
	<segmented>0</segmented>
	<object>
		<name>1</name>
		<pose>Unspecified</pose>
		<truncated>0</truncated>
		<difficult>0</difficult>
		<rectangle>
			<xmin>2067</xmin>
			<ymin>556</ymin>
			<xmax>2170</xmax>
			<ymax>790</ymax>
		</rectangle>
	</object>
	<object>
		<name>3</name>
		<pose>Unspecified</pose>
		<truncated>0</truncated>
		<difficult>0</difficult>
		<rectangle>
			<xmin>1129</xmin>
			<ymin>454</ymin>
			<xmax>1285</xmax>
			<ymax>905</ymax>
		</rectangle>
	</object>
	<object>
		<name>4</name>
		<pose>Unspecified</pose>
		<truncated>0</truncated>
		<difficult>0</difficult>
		<rectangle>
			<xmin>582</xmin>
			<ymin>430</ymin>
			<xmax>762</xmax>
			<ymax>888</ymax>
		</rectangle>
	</object>
	<object>
		<name>5</name>
		<pose>Unspecified</pose>
		<truncated>0</truncated>
		<difficult>0</difficult>
		<rectangle>
			<xmin>2171</xmin>
			<ymin>569</ymin>
			<xmax>2394</xmax>
			<ymax>1066</ymax>
		</rectangle>
	</object>
	<object>
		<name>6</name>
		<pose>Unspecified</pose>
		<truncated>0</truncated>
		<difficult>0</difficult>
		<rectangle>
			<xmin>1314</xmin>
			<ymin>489</ymin>
			<xmax>1414</xmax>
			<ymax>758</ymax>
		</rectangle>
	</object>
	<object>
		<name>7</name>
		<pose>Unspecified</pose>
		<truncated>0</truncated>
		<difficult>0</difficult>
		<rectangle>
			<xmin>1514</xmin>
			<ymin>516</ymin>
			<xmax>1611</xmax>
			<ymax>763</ymax>
		</rectangle>
	</object>
	<object>
		<name>8</name>
		<pose>Unspecified</pose>
		<truncated>0</truncated>
		<difficult>0</difficult>
		<rectangle>
			<xmin>1444</xmin>
			<ymin>526</ymin>
			<xmax>1523</xmax>
			<ymax>709</ymax>
		</rectangle>
	</object>
</annotation>
