<annotation>
	<folder>V0-S_canteen_0-G_1_hor</folder>
	<filename>0351.jpg</filename>
	<source>
		<database>My Database</database>
		<annotation>VOC2007</annotation>
		<image>flickr</image>
		<flickrid>NULL</flickrid>
	</source>
	<owner>
		<flickrid>NULL</flickrid>
		<name>dcx</name>
	</owner>
	<size>
		<width>2704</width>
		<height>1520</height>
		<depth>3</depth>
	</size>
	<segmented>0</segmented>
	<object>
		<name>6</name>
		<pose>Unspecified</pose>
		<truncated>0</truncated>
		<difficult>0</difficult>
		<rectangle>
			<xmin>1315</xmin>
			<ymin>487</ymin>
			<xmax>1406</xmax>
			<ymax>758</ymax>
		</rectangle>
	</object>
	<object>
		<name>4</name>
		<pose>Unspecified</pose>
		<truncated>0</truncated>
		<difficult>0</difficult>
		<rectangle>
			<xmin>587</xmin>
			<ymin>430</ymin>
			<xmax>770</xmax>
			<ymax>886</ymax>
		</rectangle>
	</object>
	<object>
		<name>7</name>
		<pose>Unspecified</pose>
		<truncated>0</truncated>
		<difficult>0</difficult>
		<rectangle>
			<xmin>1520</xmin>
			<ymin>515</ymin>
			<xmax>1614</xmax>
			<ymax>763</ymax>
		</rectangle>
	</object>
	<object>
		<name>3</name>
		<pose>Unspecified</pose>
		<truncated>0</truncated>
		<difficult>0</difficult>
		<rectangle>
			<xmin>1121</xmin>
			<ymin>453</ymin>
			<xmax>1282</xmax>
			<ymax>905</ymax>
		</rectangle>
	</object>
	<object>
		<name>5</name>
		<pose>Unspecified</pose>
		<truncated>0</truncated>
		<difficult>0</difficult>
		<rectangle>
			<xmin>2170</xmin>
			<ymin>569</ymin>
			<xmax>2398</xmax>
			<ymax>1063</ymax>
		</rectangle>
	</object>
	<object>
		<name>1</name>
		<pose>Unspecified</pose>
		<truncated>0</truncated>
		<difficult>0</difficult>
		<rectangle>
			<xmin>2068</xmin>
			<ymin>556</ymin>
			<xmax>2171</xmax>
			<ymax>789</ymax>
		</rectangle>
	</object>
	<object>
		<name>8</name>
		<pose>Unspecified</pose>
		<truncated>0</truncated>
		<difficult>0</difficult>
		<rectangle>
			<xmin>1439</xmin>
			<ymin>526</ymin>
			<xmax>1521</xmax>
			<ymax>708</ymax>
		</rectangle>
	</object>
</annotation>
