<annotation>
	<folder>V0-S_canteen_0-G_1_hor</folder>
	<filename>0352.jpg</filename>
	<source>
		<database>My Database</database>
		<annotation>VOC2007</annotation>
		<image>flickr</image>
		<flickrid>NULL</flickrid>
	</source>
	<owner>
		<flickrid>NULL</flickrid>
		<name>dcx</name>
	</owner>
	<size>
		<width>2704</width>
		<height>1520</height>
		<depth>3</depth>
	</size>
	<segmented>0</segmented>
	<object>
		<name>1</name>
		<pose>Unspecified</pose>
		<truncated>0</truncated>
		<difficult>0</difficult>
		<rectangle>
			<xmin>2068</xmin>
			<ymin>556</ymin>
			<xmax>2171</xmax>
			<ymax>789</ymax>
		</rectangle>
	</object>
	<object>
		<name>3</name>
		<pose>Unspecified</pose>
		<truncated>0</truncated>
		<difficult>0</difficult>
		<rectangle>
			<xmin>1107</xmin>
			<ymin>452</ymin>
			<xmax>1276</xmax>
			<ymax>906</ymax>
		</rectangle>
	</object>
	<object>
		<name>4</name>
		<pose>Unspecified</pose>
		<truncated>0</truncated>
		<difficult>0</difficult>
		<rectangle>
			<xmin>593</xmin>
			<ymin>431</ymin>
			<xmax>773</xmax>
			<ymax>885</ymax>
		</rectangle>
	</object>
	<object>
		<name>5</name>
		<pose>Unspecified</pose>
		<truncated>0</truncated>
		<difficult>0</difficult>
		<rectangle>
			<xmin>2174</xmin>
			<ymin>567</ymin>
			<xmax>2401</xmax>
			<ymax>1059</ymax>
		</rectangle>
	</object>
	<object>
		<name>6</name>
		<pose>Unspecified</pose>
		<truncated>0</truncated>
		<difficult>0</difficult>
		<rectangle>
			<xmin>1306</xmin>
			<ymin>487</ymin>
			<xmax>1403</xmax>
			<ymax>758</ymax>
		</rectangle>
	</object>
	<object>
		<name>7</name>
		<pose>Unspecified</pose>
		<truncated>0</truncated>
		<difficult>0</difficult>
		<rectangle>
			<xmin>1526</xmin>
			<ymin>515</ymin>
			<xmax>1616</xmax>
			<ymax>762</ymax>
		</rectangle>
	</object>
	<object>
		<name>8</name>
		<pose>Unspecified</pose>
		<truncated>0</truncated>
		<difficult>0</difficult>
		<rectangle>
			<xmin>1439</xmin>
			<ymin>525</ymin>
			<xmax>1516</xmax>
			<ymax>708</ymax>
		</rectangle>
	</object>
</annotation>
