<annotation>
	<folder>V0-S_canteen_0-G_1_hor</folder>
	<filename>0353.jpg</filename>
	<source>
		<database>My Database</database>
		<annotation>VOC2007</annotation>
		<image>flickr</image>
		<flickrid>NULL</flickrid>
	</source>
	<owner>
		<flickrid>NULL</flickrid>
		<name>dcx</name>
	</owner>
	<size>
		<width>2704</width>
		<height>1520</height>
		<depth>3</depth>
	</size>
	<segmented>0</segmented>
	<object>
		<name>1</name>
		<pose>Unspecified</pose>
		<truncated>0</truncated>
		<difficult>0</difficult>
		<rectangle>
			<xmin>2067</xmin>
			<ymin>556</ymin>
			<xmax>2171</xmax>
			<ymax>788</ymax>
		</rectangle>
	</object>
	<object>
		<name>3</name>
		<pose>Unspecified</pose>
		<truncated>0</truncated>
		<difficult>0</difficult>
		<rectangle>
			<xmin>1094</xmin>
			<ymin>452</ymin>
			<xmax>1269</xmax>
			<ymax>907</ymax>
		</rectangle>
	</object>
	<object>
		<name>4</name>
		<pose>Unspecified</pose>
		<truncated>0</truncated>
		<difficult>0</difficult>
		<rectangle>
			<xmin>598</xmin>
			<ymin>431</ymin>
			<xmax>777</xmax>
			<ymax>884</ymax>
		</rectangle>
	</object>
	<object>
		<name>5</name>
		<pose>Unspecified</pose>
		<truncated>0</truncated>
		<difficult>0</difficult>
		<rectangle>
			<xmin>2178</xmin>
			<ymin>566</ymin>
			<xmax>2404</xmax>
			<ymax>1055</ymax>
		</rectangle>
	</object>
	<object>
		<name>6</name>
		<pose>Unspecified</pose>
		<truncated>0</truncated>
		<difficult>0</difficult>
		<rectangle>
			<xmin>1297</xmin>
			<ymin>488</ymin>
			<xmax>1399</xmax>
			<ymax>758</ymax>
		</rectangle>
	</object>
	<object>
		<name>7</name>
		<pose>Unspecified</pose>
		<truncated>0</truncated>
		<difficult>0</difficult>
		<rectangle>
			<xmin>1532</xmin>
			<ymin>515</ymin>
			<xmax>1618</xmax>
			<ymax>761</ymax>
		</rectangle>
	</object>
	<object>
		<name>8</name>
		<pose>Unspecified</pose>
		<truncated>0</truncated>
		<difficult>0</difficult>
		<rectangle>
			<xmin>1439</xmin>
			<ymin>524</ymin>
			<xmax>1510</xmax>
			<ymax>708</ymax>
		</rectangle>
	</object>
</annotation>
