<annotation>
	<folder>V0-S_canteen_0-G_1_hor</folder>
	<filename>0354.jpg</filename>
	<source>
		<database>My Database</database>
		<annotation>VOC2007</annotation>
		<image>flickr</image>
		<flickrid>NULL</flickrid>
	</source>
	<owner>
		<flickrid>NULL</flickrid>
		<name>dcx</name>
	</owner>
	<size>
		<width>2704</width>
		<height>1520</height>
		<depth>3</depth>
	</size>
	<segmented>0</segmented>
	<object>
		<name>1</name>
		<pose>Unspecified</pose>
		<truncated>0</truncated>
		<difficult>0</difficult>
		<rectangle>
			<xmin>2067</xmin>
			<ymin>555</ymin>
			<xmax>2172</xmax>
			<ymax>788</ymax>
		</rectangle>
	</object>
	<object>
		<name>3</name>
		<pose>Unspecified</pose>
		<truncated>0</truncated>
		<difficult>0</difficult>
		<rectangle>
			<xmin>1080</xmin>
			<ymin>451</ymin>
			<xmax>1263</xmax>
			<ymax>908</ymax>
		</rectangle>
	</object>
	<object>
		<name>4</name>
		<pose>Unspecified</pose>
		<truncated>0</truncated>
		<difficult>0</difficult>
		<rectangle>
			<xmin>604</xmin>
			<ymin>432</ymin>
			<xmax>780</xmax>
			<ymax>883</ymax>
		</rectangle>
	</object>
	<object>
		<name>5</name>
		<pose>Unspecified</pose>
		<truncated>0</truncated>
		<difficult>0</difficult>
		<rectangle>
			<xmin>2181</xmin>
			<ymin>564</ymin>
			<xmax>2406</xmax>
			<ymax>1052</ymax>
		</rectangle>
	</object>
	<object>
		<name>6</name>
		<pose>Unspecified</pose>
		<truncated>0</truncated>
		<difficult>0</difficult>
		<rectangle>
			<xmin>1288</xmin>
			<ymin>488</ymin>
			<xmax>1396</xmax>
			<ymax>758</ymax>
		</rectangle>
	</object>
	<object>
		<name>7</name>
		<pose>Unspecified</pose>
		<truncated>0</truncated>
		<difficult>0</difficult>
		<rectangle>
			<xmin>1537</xmin>
			<ymin>516</ymin>
			<xmax>1619</xmax>
			<ymax>761</ymax>
		</rectangle>
	</object>
	<object>
		<name>8</name>
		<pose>Unspecified</pose>
		<truncated>0</truncated>
		<difficult>0</difficult>
		<rectangle>
			<xmin>1440</xmin>
			<ymin>523</ymin>
			<xmax>1505</xmax>
			<ymax>708</ymax>
		</rectangle>
	</object>
</annotation>
