<annotation>
	<folder>V0-S_canteen_0-G_1_hor</folder>
	<filename>0356.jpg</filename>
	<source>
		<database>My Database</database>
		<annotation>VOC2007</annotation>
		<image>flickr</image>
		<flickrid>NULL</flickrid>
	</source>
	<owner>
		<flickrid>NULL</flickrid>
		<name>dcx</name>
	</owner>
	<size>
		<width>2704</width>
		<height>1520</height>
		<depth>3</depth>
	</size>
	<segmented>0</segmented>
	<object>
		<name>6</name>
		<pose>Unspecified</pose>
		<truncated>0</truncated>
		<difficult>0</difficult>
		<rectangle>
			<xmin>1270</xmin>
			<ymin>489</ymin>
			<xmax>1389</xmax>
			<ymax>758</ymax>
		</rectangle>
	</object>
	<object>
		<name>4</name>
		<pose>Unspecified</pose>
		<truncated>0</truncated>
		<difficult>0</difficult>
		<rectangle>
			<xmin>615</xmin>
			<ymin>433</ymin>
			<xmax>787</xmax>
			<ymax>881</ymax>
		</rectangle>
	</object>
	<object>
		<name>7</name>
		<pose>Unspecified</pose>
		<truncated>0</truncated>
		<difficult>0</difficult>
		<rectangle>
			<xmin>1549</xmin>
			<ymin>516</ymin>
			<xmax>1623</xmax>
			<ymax>759</ymax>
		</rectangle>
	</object>
	<object>
		<name>3</name>
		<pose>Unspecified</pose>
		<truncated>0</truncated>
		<difficult>0</difficult>
		<rectangle>
			<xmin>1053</xmin>
			<ymin>450</ymin>
			<xmax>1250</xmax>
			<ymax>910</ymax>
		</rectangle>
	</object>
	<object>
		<name>5</name>
		<pose>Unspecified</pose>
		<truncated>0</truncated>
		<difficult>0</difficult>
		<rectangle>
			<xmin>2189</xmin>
			<ymin>561</ymin>
			<xmax>2412</xmax>
			<ymax>1044</ymax>
		</rectangle>
	</object>
	<object>
		<name>1</name>
		<pose>Unspecified</pose>
		<truncated>0</truncated>
		<difficult>0</difficult>
		<rectangle>
			<xmin>2066</xmin>
			<ymin>555</ymin>
			<xmax>2172</xmax>
			<ymax>787</ymax>
		</rectangle>
	</object>
	<object>
		<name>8</name>
		<pose>Unspecified</pose>
		<truncated>0</truncated>
		<difficult>0</difficult>
		<rectangle>
			<xmin>1440</xmin>
			<ymin>521</ymin>
			<xmax>1494</xmax>
			<ymax>708</ymax>
		</rectangle>
	</object>
</annotation>
