<annotation>
	<folder>V0-S_canteen_0-G_1_hor</folder>
	<filename>0357.jpg</filename>
	<source>
		<database>My Database</database>
		<annotation>VOC2007</annotation>
		<image>flickr</image>
		<flickrid>NULL</flickrid>
	</source>
	<owner>
		<flickrid>NULL</flickrid>
		<name>dcx</name>
	</owner>
	<size>
		<width>2704</width>
		<height>1520</height>
		<depth>3</depth>
	</size>
	<segmented>0</segmented>
	<object>
		<name>1</name>
		<pose>Unspecified</pose>
		<truncated>0</truncated>
		<difficult>0</difficult>
		<rectangle>
			<xmin>2067</xmin>
			<ymin>554</ymin>
			<xmax>2172</xmax>
			<ymax>786</ymax>
		</rectangle>
	</object>
	<object>
		<name>3</name>
		<pose>Unspecified</pose>
		<truncated>0</truncated>
		<difficult>0</difficult>
		<rectangle>
			<xmin>1051</xmin>
			<ymin>447</ymin>
			<xmax>1246</xmax>
			<ymax>912</ymax>
		</rectangle>
	</object>
	<object>
		<name>4</name>
		<pose>Unspecified</pose>
		<truncated>0</truncated>
		<difficult>0</difficult>
		<rectangle>
			<xmin>619</xmin>
			<ymin>432</ymin>
			<xmax>788</xmax>
			<ymax>878</ymax>
		</rectangle>
	</object>
	<object>
		<name>5</name>
		<pose>Unspecified</pose>
		<truncated>0</truncated>
		<difficult>0</difficult>
		<rectangle>
			<xmin>2195</xmin>
			<ymin>562</ymin>
			<xmax>2413</xmax>
			<ymax>1043</ymax>
		</rectangle>
	</object>
	<object>
		<name>6</name>
		<pose>Unspecified</pose>
		<truncated>0</truncated>
		<difficult>0</difficult>
		<rectangle>
			<xmin>1267</xmin>
			<ymin>490</ymin>
			<xmax>1385</xmax>
			<ymax>759</ymax>
		</rectangle>
	</object>
	<object>
		<name>7</name>
		<pose>Unspecified</pose>
		<truncated>0</truncated>
		<difficult>0</difficult>
		<rectangle>
			<xmin>1551</xmin>
			<ymin>515</ymin>
			<xmax>1625</xmax>
			<ymax>758</ymax>
		</rectangle>
	</object>
	<object>
		<name>8</name>
		<pose>Unspecified</pose>
		<truncated>0</truncated>
		<difficult>0</difficult>
		<rectangle>
			<xmin>1433</xmin>
			<ymin>520</ymin>
			<xmax>1490</xmax>
			<ymax>708</ymax>
		</rectangle>
	</object>
</annotation>
