<annotation>
	<folder>V0-S_canteen_0-G_1_hor</folder>
	<filename>0359.jpg</filename>
	<source>
		<database>My Database</database>
		<annotation>VOC2007</annotation>
		<image>flickr</image>
		<flickrid>NULL</flickrid>
	</source>
	<owner>
		<flickrid>NULL</flickrid>
		<name>dcx</name>
	</owner>
	<size>
		<width>2704</width>
		<height>1520</height>
		<depth>3</depth>
	</size>
	<segmented>0</segmented>
	<object>
		<name>1</name>
		<pose>Unspecified</pose>
		<truncated>0</truncated>
		<difficult>0</difficult>
		<rectangle>
			<xmin>2070</xmin>
			<ymin>553</ymin>
			<xmax>2173</xmax>
			<ymax>785</ymax>
		</rectangle>
	</object>
	<object>
		<name>3</name>
		<pose>Unspecified</pose>
		<truncated>0</truncated>
		<difficult>0</difficult>
		<rectangle>
			<xmin>1047</xmin>
			<ymin>442</ymin>
			<xmax>1239</xmax>
			<ymax>916</ymax>
		</rectangle>
	</object>
	<object>
		<name>4</name>
		<pose>Unspecified</pose>
		<truncated>0</truncated>
		<difficult>0</difficult>
		<rectangle>
			<xmin>626</xmin>
			<ymin>429</ymin>
			<xmax>789</xmax>
			<ymax>871</ymax>
		</rectangle>
	</object>
	<object>
		<name>5</name>
		<pose>Unspecified</pose>
		<truncated>0</truncated>
		<difficult>0</difficult>
		<rectangle>
			<xmin>2208</xmin>
			<ymin>564</ymin>
			<xmax>2416</xmax>
			<ymax>1042</ymax>
		</rectangle>
	</object>
	<object>
		<name>6</name>
		<pose>Unspecified</pose>
		<truncated>0</truncated>
		<difficult>0</difficult>
		<rectangle>
			<xmin>1262</xmin>
			<ymin>491</ymin>
			<xmax>1378</xmax>
			<ymax>761</ymax>
		</rectangle>
	</object>
	<object>
		<name>7</name>
		<pose>Unspecified</pose>
		<truncated>0</truncated>
		<difficult>0</difficult>
		<rectangle>
			<xmin>1555</xmin>
			<ymin>514</ymin>
			<xmax>1628</xmax>
			<ymax>757</ymax>
		</rectangle>
	</object>
	<object>
		<name>8</name>
		<pose>Unspecified</pose>
		<truncated>0</truncated>
		<difficult>0</difficult>
		<rectangle>
			<xmin>1420</xmin>
			<ymin>517</ymin>
			<xmax>1481</xmax>
			<ymax>707</ymax>
		</rectangle>
	</object>
</annotation>
