<annotation>
	<folder>V0-S_canteen_0-G_1_hor</folder>
	<filename>0361.jpg</filename>
	<source>
		<database>My Database</database>
		<annotation>VOC2007</annotation>
		<image>flickr</image>
		<flickrid>NULL</flickrid>
	</source>
	<owner>
		<flickrid>NULL</flickrid>
		<name>dcx</name>
	</owner>
	<size>
		<width>2704</width>
		<height>1520</height>
		<depth>3</depth>
	</size>
	<segmented>0</segmented>
	<object>
		<name>6</name>
		<pose>Unspecified</pose>
		<truncated>0</truncated>
		<difficult>0</difficult>
		<rectangle>
			<xmin>1256</xmin>
			<ymin>492</ymin>
			<xmax>1371</xmax>
			<ymax>763</ymax>
		</rectangle>
	</object>
	<object>
		<name>4</name>
		<pose>Unspecified</pose>
		<truncated>0</truncated>
		<difficult>0</difficult>
		<rectangle>
			<xmin>634</xmin>
			<ymin>427</ymin>
			<xmax>790</xmax>
			<ymax>864</ymax>
		</rectangle>
	</object>
	<object>
		<name>7</name>
		<pose>Unspecified</pose>
		<truncated>0</truncated>
		<difficult>0</difficult>
		<rectangle>
			<xmin>1559</xmin>
			<ymin>513</ymin>
			<xmax>1631</xmax>
			<ymax>756</ymax>
		</rectangle>
	</object>
	<object>
		<name>3</name>
		<pose>Unspecified</pose>
		<truncated>0</truncated>
		<difficult>0</difficult>
		<rectangle>
			<xmin>1043</xmin>
			<ymin>437</ymin>
			<xmax>1231</xmax>
			<ymax>920</ymax>
		</rectangle>
	</object>
	<object>
		<name>5</name>
		<pose>Unspecified</pose>
		<truncated>0</truncated>
		<difficult>0</difficult>
		<rectangle>
			<xmin>2221</xmin>
			<ymin>566</ymin>
			<xmax>2419</xmax>
			<ymax>1040</ymax>
		</rectangle>
	</object>
	<object>
		<name>1</name>
		<pose>Unspecified</pose>
		<truncated>0</truncated>
		<difficult>0</difficult>
		<rectangle>
			<xmin>2073</xmin>
			<ymin>552</ymin>
			<xmax>2174</xmax>
			<ymax>784</ymax>
		</rectangle>
	</object>
	<object>
		<name>8</name>
		<pose>Unspecified</pose>
		<truncated>0</truncated>
		<difficult>0</difficult>
		<rectangle>
			<xmin>1407</xmin>
			<ymin>515</ymin>
			<xmax>1472</xmax>
			<ymax>706</ymax>
		</rectangle>
	</object>
</annotation>
