<annotation>
	<folder>V0-S_canteen_0-G_1_hor</folder>
	<filename>0362.jpg</filename>
	<source>
		<database>My Database</database>
		<annotation>VOC2007</annotation>
		<image>flickr</image>
		<flickrid>NULL</flickrid>
	</source>
	<owner>
		<flickrid>NULL</flickrid>
		<name>dcx</name>
	</owner>
	<size>
		<width>2704</width>
		<height>1520</height>
		<depth>3</depth>
	</size>
	<segmented>0</segmented>
	<object>
		<name>1</name>
		<pose>Unspecified</pose>
		<truncated>0</truncated>
		<difficult>0</difficult>
		<rectangle>
			<xmin>2072</xmin>
			<ymin>553</ymin>
			<xmax>2173</xmax>
			<ymax>785</ymax>
		</rectangle>
	</object>
	<object>
		<name>3</name>
		<pose>Unspecified</pose>
		<truncated>0</truncated>
		<difficult>0</difficult>
		<rectangle>
			<xmin>1042</xmin>
			<ymin>436</ymin>
			<xmax>1225</xmax>
			<ymax>922</ymax>
		</rectangle>
	</object>
	<object>
		<name>4</name>
		<pose>Unspecified</pose>
		<truncated>0</truncated>
		<difficult>0</difficult>
		<rectangle>
			<xmin>639</xmin>
			<ymin>428</ymin>
			<xmax>791</xmax>
			<ymax>859</ymax>
		</rectangle>
	</object>
	<object>
		<name>5</name>
		<pose>Unspecified</pose>
		<truncated>0</truncated>
		<difficult>0</difficult>
		<rectangle>
			<xmin>2222</xmin>
			<ymin>568</ymin>
			<xmax>2418</xmax>
			<ymax>1041</ymax>
		</rectangle>
	</object>
	<object>
		<name>6</name>
		<pose>Unspecified</pose>
		<truncated>0</truncated>
		<difficult>0</difficult>
		<rectangle>
			<xmin>1256</xmin>
			<ymin>490</ymin>
			<xmax>1365</xmax>
			<ymax>764</ymax>
		</rectangle>
	</object>
	<object>
		<name>7</name>
		<pose>Unspecified</pose>
		<truncated>0</truncated>
		<difficult>0</difficult>
		<rectangle>
			<xmin>1559</xmin>
			<ymin>514</ymin>
			<xmax>1631</xmax>
			<ymax>757</ymax>
		</rectangle>
	</object>
	<object>
		<name>8</name>
		<pose>Unspecified</pose>
		<truncated>0</truncated>
		<difficult>0</difficult>
		<rectangle>
			<xmin>1402</xmin>
			<ymin>516</ymin>
			<xmax>1468</xmax>
			<ymax>707</ymax>
		</rectangle>
	</object>
</annotation>
