<annotation>
	<folder>V0-S_canteen_0-G_1_hor</folder>
	<filename>0363.jpg</filename>
	<source>
		<database>My Database</database>
		<annotation>VOC2007</annotation>
		<image>flickr</image>
		<flickrid>NULL</flickrid>
	</source>
	<owner>
		<flickrid>NULL</flickrid>
		<name>dcx</name>
	</owner>
	<size>
		<width>2704</width>
		<height>1520</height>
		<depth>3</depth>
	</size>
	<segmented>0</segmented>
	<object>
		<name>1</name>
		<pose>Unspecified</pose>
		<truncated>0</truncated>
		<difficult>0</difficult>
		<rectangle>
			<xmin>2071</xmin>
			<ymin>554</ymin>
			<xmax>2172</xmax>
			<ymax>786</ymax>
		</rectangle>
	</object>
	<object>
		<name>3</name>
		<pose>Unspecified</pose>
		<truncated>0</truncated>
		<difficult>0</difficult>
		<rectangle>
			<xmin>1042</xmin>
			<ymin>435</ymin>
			<xmax>1219</xmax>
			<ymax>924</ymax>
		</rectangle>
	</object>
	<object>
		<name>4</name>
		<pose>Unspecified</pose>
		<truncated>0</truncated>
		<difficult>0</difficult>
		<rectangle>
			<xmin>644</xmin>
			<ymin>428</ymin>
			<xmax>792</xmax>
			<ymax>854</ymax>
		</rectangle>
	</object>
	<object>
		<name>5</name>
		<pose>Unspecified</pose>
		<truncated>0</truncated>
		<difficult>0</difficult>
		<rectangle>
			<xmin>2223</xmin>
			<ymin>569</ymin>
			<xmax>2416</xmax>
			<ymax>1042</ymax>
		</rectangle>
	</object>
	<object>
		<name>6</name>
		<pose>Unspecified</pose>
		<truncated>0</truncated>
		<difficult>0</difficult>
		<rectangle>
			<xmin>1255</xmin>
			<ymin>488</ymin>
			<xmax>1360</xmax>
			<ymax>765</ymax>
		</rectangle>
	</object>
	<object>
		<name>7</name>
		<pose>Unspecified</pose>
		<truncated>0</truncated>
		<difficult>0</difficult>
		<rectangle>
			<xmin>1558</xmin>
			<ymin>516</ymin>
			<xmax>1631</xmax>
			<ymax>758</ymax>
		</rectangle>
	</object>
	<object>
		<name>8</name>
		<pose>Unspecified</pose>
		<truncated>0</truncated>
		<difficult>0</difficult>
		<rectangle>
			<xmin>1397</xmin>
			<ymin>517</ymin>
			<xmax>1464</xmax>
			<ymax>708</ymax>
		</rectangle>
	</object>
</annotation>
