<annotation>
	<folder>V0-S_canteen_0-G_1_hor</folder>
	<filename>0364.jpg</filename>
	<source>
		<database>My Database</database>
		<annotation>VOC2007</annotation>
		<image>flickr</image>
		<flickrid>NULL</flickrid>
	</source>
	<owner>
		<flickrid>NULL</flickrid>
		<name>dcx</name>
	</owner>
	<size>
		<width>2704</width>
		<height>1520</height>
		<depth>3</depth>
	</size>
	<segmented>0</segmented>
	<object>
		<name>1</name>
		<pose>Unspecified</pose>
		<truncated>0</truncated>
		<difficult>0</difficult>
		<rectangle>
			<xmin>2070</xmin>
			<ymin>554</ymin>
			<xmax>2172</xmax>
			<ymax>786</ymax>
		</rectangle>
	</object>
	<object>
		<name>3</name>
		<pose>Unspecified</pose>
		<truncated>0</truncated>
		<difficult>0</difficult>
		<rectangle>
			<xmin>1041</xmin>
			<ymin>435</ymin>
			<xmax>1212</xmax>
			<ymax>925</ymax>
		</rectangle>
	</object>
	<object>
		<name>4</name>
		<pose>Unspecified</pose>
		<truncated>0</truncated>
		<difficult>0</difficult>
		<rectangle>
			<xmin>650</xmin>
			<ymin>429</ymin>
			<xmax>793</xmax>
			<ymax>850</ymax>
		</rectangle>
	</object>
	<object>
		<name>5</name>
		<pose>Unspecified</pose>
		<truncated>0</truncated>
		<difficult>0</difficult>
		<rectangle>
			<xmin>2224</xmin>
			<ymin>571</ymin>
			<xmax>2415</xmax>
			<ymax>1043</ymax>
		</rectangle>
	</object>
	<object>
		<name>6</name>
		<pose>Unspecified</pose>
		<truncated>0</truncated>
		<difficult>0</difficult>
		<rectangle>
			<xmin>1255</xmin>
			<ymin>485</ymin>
			<xmax>1354</xmax>
			<ymax>765</ymax>
		</rectangle>
	</object>
	<object>
		<name>7</name>
		<pose>Unspecified</pose>
		<truncated>0</truncated>
		<difficult>0</difficult>
		<rectangle>
			<xmin>1558</xmin>
			<ymin>517</ymin>
			<xmax>1630</xmax>
			<ymax>758</ymax>
		</rectangle>
	</object>
	<object>
		<name>8</name>
		<pose>Unspecified</pose>
		<truncated>0</truncated>
		<difficult>0</difficult>
		<rectangle>
			<xmin>1391</xmin>
			<ymin>518</ymin>
			<xmax>1459</xmax>
			<ymax>708</ymax>
		</rectangle>
	</object>
</annotation>
