<annotation>
	<folder>V0-S_canteen_0-G_1_hor</folder>
	<filename>0365.jpg</filename>
	<source>
		<database>My Database</database>
		<annotation>VOC2007</annotation>
		<image>flickr</image>
		<flickrid>NULL</flickrid>
	</source>
	<owner>
		<flickrid>NULL</flickrid>
		<name>dcx</name>
	</owner>
	<size>
		<width>2704</width>
		<height>1520</height>
		<depth>3</depth>
	</size>
	<segmented>0</segmented>
	<object>
		<name>1</name>
		<pose>Unspecified</pose>
		<truncated>0</truncated>
		<difficult>0</difficult>
		<rectangle>
			<xmin>2069</xmin>
			<ymin>555</ymin>
			<xmax>2171</xmax>
			<ymax>787</ymax>
		</rectangle>
	</object>
	<object>
		<name>3</name>
		<pose>Unspecified</pose>
		<truncated>0</truncated>
		<difficult>0</difficult>
		<rectangle>
			<xmin>1041</xmin>
			<ymin>434</ymin>
			<xmax>1206</xmax>
			<ymax>927</ymax>
		</rectangle>
	</object>
	<object>
		<name>4</name>
		<pose>Unspecified</pose>
		<truncated>0</truncated>
		<difficult>0</difficult>
		<rectangle>
			<xmin>655</xmin>
			<ymin>429</ymin>
			<xmax>794</xmax>
			<ymax>845</ymax>
		</rectangle>
	</object>
	<object>
		<name>5</name>
		<pose>Unspecified</pose>
		<truncated>0</truncated>
		<difficult>0</difficult>
		<rectangle>
			<xmin>2225</xmin>
			<ymin>572</ymin>
			<xmax>2413</xmax>
			<ymax>1044</ymax>
		</rectangle>
	</object>
	<object>
		<name>6</name>
		<pose>Unspecified</pose>
		<truncated>0</truncated>
		<difficult>0</difficult>
		<rectangle>
			<xmin>1254</xmin>
			<ymin>483</ymin>
			<xmax>1349</xmax>
			<ymax>766</ymax>
		</rectangle>
	</object>
	<object>
		<name>7</name>
		<pose>Unspecified</pose>
		<truncated>0</truncated>
		<difficult>0</difficult>
		<rectangle>
			<xmin>1557</xmin>
			<ymin>519</ymin>
			<xmax>1630</xmax>
			<ymax>759</ymax>
		</rectangle>
	</object>
	<object>
		<name>8</name>
		<pose>Unspecified</pose>
		<truncated>0</truncated>
		<difficult>0</difficult>
		<rectangle>
			<xmin>1386</xmin>
			<ymin>519</ymin>
			<xmax>1455</xmax>
			<ymax>709</ymax>
		</rectangle>
	</object>
</annotation>
