<annotation>
	<folder>V0-S_canteen_0-G_1_hor</folder>
	<filename>0366.jpg</filename>
	<source>
		<database>My Database</database>
		<annotation>VOC2007</annotation>
		<image>flickr</image>
		<flickrid>NULL</flickrid>
	</source>
	<owner>
		<flickrid>NULL</flickrid>
		<name>dcx</name>
	</owner>
	<size>
		<width>2704</width>
		<height>1520</height>
		<depth>3</depth>
	</size>
	<segmented>0</segmented>
	<object>
		<name>6</name>
		<pose>Unspecified</pose>
		<truncated>0</truncated>
		<difficult>0</difficult>
		<rectangle>
			<xmin>1254</xmin>
			<ymin>481</ymin>
			<xmax>1343</xmax>
			<ymax>767</ymax>
		</rectangle>
	</object>
	<object>
		<name>7</name>
		<pose>Unspecified</pose>
		<truncated>0</truncated>
		<difficult>0</difficult>
		<rectangle>
			<xmin>1557</xmin>
			<ymin>520</ymin>
			<xmax>1630</xmax>
			<ymax>760</ymax>
		</rectangle>
	</object>
	<object>
		<name>3</name>
		<pose>Unspecified</pose>
		<truncated>0</truncated>
		<difficult>0</difficult>
		<rectangle>
			<xmin>1040</xmin>
			<ymin>433</ymin>
			<xmax>1200</xmax>
			<ymax>929</ymax>
		</rectangle>
	</object>
	<object>
		<name>5</name>
		<pose>Unspecified</pose>
		<truncated>0</truncated>
		<difficult>0</difficult>
		<rectangle>
			<xmin>2226</xmin>
			<ymin>574</ymin>
			<xmax>2412</xmax>
			<ymax>1045</ymax>
		</rectangle>
	</object>
	<object>
		<name>1</name>
		<pose>Unspecified</pose>
		<truncated>0</truncated>
		<difficult>0</difficult>
		<rectangle>
			<xmin>2068</xmin>
			<ymin>556</ymin>
			<xmax>2170</xmax>
			<ymax>788</ymax>
		</rectangle>
	</object>
	<object>
		<name>8</name>
		<pose>Unspecified</pose>
		<truncated>0</truncated>
		<difficult>0</difficult>
		<rectangle>
			<xmin>1381</xmin>
			<ymin>520</ymin>
			<xmax>1451</xmax>
			<ymax>710</ymax>
		</rectangle>
	</object>
	<object>
		<name>4</name>
		<pose>Unspecified</pose>
		<truncated>0</truncated>
		<difficult>0</difficult>
		<rectangle>
			<xmin>660</xmin>
			<ymin>430</ymin>
			<xmax>795</xmax>
			<ymax>840</ymax>
		</rectangle>
	</object>
</annotation>
