<annotation>
	<folder>V0-S_canteen_0-G_1_hor</folder>
	<filename>0367.jpg</filename>
	<source>
		<database>My Database</database>
		<annotation>VOC2007</annotation>
		<image>flickr</image>
		<flickrid>NULL</flickrid>
	</source>
	<owner>
		<flickrid>NULL</flickrid>
		<name>dcx</name>
	</owner>
	<size>
		<width>2704</width>
		<height>1520</height>
		<depth>3</depth>
	</size>
	<segmented>0</segmented>
	<object>
		<name>1</name>
		<pose>Unspecified</pose>
		<truncated>0</truncated>
		<difficult>0</difficult>
		<rectangle>
			<xmin>2067</xmin>
			<ymin>556</ymin>
			<xmax>2169</xmax>
			<ymax>788</ymax>
		</rectangle>
	</object>
	<object>
		<name>3</name>
		<pose>Unspecified</pose>
		<truncated>0</truncated>
		<difficult>0</difficult>
		<rectangle>
			<xmin>1032</xmin>
			<ymin>432</ymin>
			<xmax>1198</xmax>
			<ymax>934</ymax>
		</rectangle>
	</object>
	<object>
		<name>4</name>
		<pose>Unspecified</pose>
		<truncated>0</truncated>
		<difficult>0</difficult>
		<rectangle>
			<xmin>665</xmin>
			<ymin>431</ymin>
			<xmax>799</xmax>
			<ymax>840</ymax>
		</rectangle>
	</object>
	<object>
		<name>5</name>
		<pose>Unspecified</pose>
		<truncated>0</truncated>
		<difficult>0</difficult>
		<rectangle>
			<xmin>2225</xmin>
			<ymin>573</ymin>
			<xmax>2410</xmax>
			<ymax>1042</ymax>
		</rectangle>
	</object>
	<object>
		<name>6</name>
		<pose>Unspecified</pose>
		<truncated>0</truncated>
		<difficult>0</difficult>
		<rectangle>
			<xmin>1244</xmin>
			<ymin>480</ymin>
			<xmax>1341</xmax>
			<ymax>768</ymax>
		</rectangle>
	</object>
	<object>
		<name>7</name>
		<pose>Unspecified</pose>
		<truncated>0</truncated>
		<difficult>0</difficult>
		<rectangle>
			<xmin>1557</xmin>
			<ymin>519</ymin>
			<xmax>1630</xmax>
			<ymax>758</ymax>
		</rectangle>
	</object>
	<object>
		<name>8</name>
		<pose>Unspecified</pose>
		<truncated>0</truncated>
		<difficult>0</difficult>
		<rectangle>
			<xmin>1377</xmin>
			<ymin>519</ymin>
			<xmax>1444</xmax>
			<ymax>709</ymax>
		</rectangle>
	</object>
</annotation>
