<annotation>
	<folder>V0-S_canteen_0-G_1_hor</folder>
	<filename>0369.jpg</filename>
	<source>
		<database>My Database</database>
		<annotation>VOC2007</annotation>
		<image>flickr</image>
		<flickrid>NULL</flickrid>
	</source>
	<owner>
		<flickrid>NULL</flickrid>
		<name>dcx</name>
	</owner>
	<size>
		<width>2704</width>
		<height>1520</height>
		<depth>3</depth>
	</size>
	<segmented>0</segmented>
	<object>
		<name>1</name>
		<pose>Unspecified</pose>
		<truncated>0</truncated>
		<difficult>0</difficult>
		<rectangle>
			<xmin>2065</xmin>
			<ymin>555</ymin>
			<xmax>2166</xmax>
			<ymax>789</ymax>
		</rectangle>
	</object>
	<object>
		<name>3</name>
		<pose>Unspecified</pose>
		<truncated>0</truncated>
		<difficult>0</difficult>
		<rectangle>
			<xmin>1015</xmin>
			<ymin>431</ymin>
			<xmax>1194</xmax>
			<ymax>944</ymax>
		</rectangle>
	</object>
	<object>
		<name>4</name>
		<pose>Unspecified</pose>
		<truncated>0</truncated>
		<difficult>0</difficult>
		<rectangle>
			<xmin>675</xmin>
			<ymin>432</ymin>
			<xmax>806</xmax>
			<ymax>839</ymax>
		</rectangle>
	</object>
	<object>
		<name>5</name>
		<pose>Unspecified</pose>
		<truncated>0</truncated>
		<difficult>0</difficult>
		<rectangle>
			<xmin>2222</xmin>
			<ymin>572</ymin>
			<xmax>2407</xmax>
			<ymax>1037</ymax>
		</rectangle>
	</object>
	<object>
		<name>6</name>
		<pose>Unspecified</pose>
		<truncated>0</truncated>
		<difficult>0</difficult>
		<rectangle>
			<xmin>1225</xmin>
			<ymin>479</ymin>
			<xmax>1336</xmax>
			<ymax>769</ymax>
		</rectangle>
	</object>
	<object>
		<name>7</name>
		<pose>Unspecified</pose>
		<truncated>0</truncated>
		<difficult>0</difficult>
		<rectangle>
			<xmin>1556</xmin>
			<ymin>517</ymin>
			<xmax>1630</xmax>
			<ymax>755</ymax>
		</rectangle>
	</object>
	<object>
		<name>8</name>
		<pose>Unspecified</pose>
		<truncated>0</truncated>
		<difficult>0</difficult>
		<rectangle>
			<xmin>1370</xmin>
			<ymin>516</ymin>
			<xmax>1431</xmax>
			<ymax>708</ymax>
		</rectangle>
	</object>
</annotation>
