<annotation>
	<folder>V0-S_canteen_0-G_1_hor</folder>
	<filename>0371.jpg</filename>
	<source>
		<database>My Database</database>
		<annotation>VOC2007</annotation>
		<image>flickr</image>
		<flickrid>NULL</flickrid>
	</source>
	<owner>
		<flickrid>NULL</flickrid>
		<name>dcx</name>
	</owner>
	<size>
		<width>2704</width>
		<height>1520</height>
		<depth>3</depth>
	</size>
	<segmented>0</segmented>
	<object>
		<name>6</name>
		<pose>Unspecified</pose>
		<truncated>0</truncated>
		<difficult>0</difficult>
		<rectangle>
			<xmin>1206</xmin>
			<ymin>477</ymin>
			<xmax>1331</xmax>
			<ymax>770</ymax>
		</rectangle>
	</object>
	<object>
		<name>4</name>
		<pose>Unspecified</pose>
		<truncated>0</truncated>
		<difficult>0</difficult>
		<rectangle>
			<xmin>685</xmin>
			<ymin>433</ymin>
			<xmax>814</xmax>
			<ymax>838</ymax>
		</rectangle>
	</object>
	<object>
		<name>7</name>
		<pose>Unspecified</pose>
		<truncated>0</truncated>
		<difficult>0</difficult>
		<rectangle>
			<xmin>1556</xmin>
			<ymin>515</ymin>
			<xmax>1630</xmax>
			<ymax>751</ymax>
		</rectangle>
	</object>
	<object>
		<name>3</name>
		<pose>Unspecified</pose>
		<truncated>0</truncated>
		<difficult>0</difficult>
		<rectangle>
			<xmin>998</xmin>
			<ymin>430</ymin>
			<xmax>1190</xmax>
			<ymax>954</ymax>
		</rectangle>
	</object>
	<object>
		<name>5</name>
		<pose>Unspecified</pose>
		<truncated>0</truncated>
		<difficult>0</difficult>
		<rectangle>
			<xmin>2219</xmin>
			<ymin>570</ymin>
			<xmax>2404</xmax>
			<ymax>1031</ymax>
		</rectangle>
	</object>
	<object>
		<name>1</name>
		<pose>Unspecified</pose>
		<truncated>0</truncated>
		<difficult>0</difficult>
		<rectangle>
			<xmin>2063</xmin>
			<ymin>555</ymin>
			<xmax>2163</xmax>
			<ymax>789</ymax>
		</rectangle>
	</object>
	<object>
		<name>8</name>
		<pose>Unspecified</pose>
		<truncated>0</truncated>
		<difficult>0</difficult>
		<rectangle>
			<xmin>1362</xmin>
			<ymin>513</ymin>
			<xmax>1418</xmax>
			<ymax>707</ymax>
		</rectangle>
	</object>
</annotation>
