<annotation>
	<folder>V0-S_canteen_0-G_1_hor</folder>
	<filename>0374.jpg</filename>
	<source>
		<database>My Database</database>
		<annotation>VOC2007</annotation>
		<image>flickr</image>
		<flickrid>NULL</flickrid>
	</source>
	<owner>
		<flickrid>NULL</flickrid>
		<name>dcx</name>
	</owner>
	<size>
		<width>2704</width>
		<height>1520</height>
		<depth>3</depth>
	</size>
	<segmented>0</segmented>
	<object>
		<name>1</name>
		<pose>Unspecified</pose>
		<truncated>0</truncated>
		<difficult>0</difficult>
		<rectangle>
			<xmin>2059</xmin>
			<ymin>553</ymin>
			<xmax>2162</xmax>
			<ymax>787</ymax>
		</rectangle>
	</object>
	<object>
		<name>3</name>
		<pose>Unspecified</pose>
		<truncated>0</truncated>
		<difficult>0</difficult>
		<rectangle>
			<xmin>984</xmin>
			<ymin>432</ymin>
			<xmax>1176</xmax>
			<ymax>958</ymax>
		</rectangle>
	</object>
	<object>
		<name>4</name>
		<pose>Unspecified</pose>
		<truncated>0</truncated>
		<difficult>0</difficult>
		<rectangle>
			<xmin>690</xmin>
			<ymin>436</ymin>
			<xmax>838</xmax>
			<ymax>836</ymax>
		</rectangle>
	</object>
	<object>
		<name>5</name>
		<pose>Unspecified</pose>
		<truncated>0</truncated>
		<difficult>0</difficult>
		<rectangle>
			<xmin>2221</xmin>
			<ymin>565</ymin>
			<xmax>2404</xmax>
			<ymax>1015</ymax>
		</rectangle>
	</object>
	<object>
		<name>6</name>
		<pose>Unspecified</pose>
		<truncated>0</truncated>
		<difficult>0</difficult>
		<rectangle>
			<xmin>1193</xmin>
			<ymin>476</ymin>
			<xmax>1333</xmax>
			<ymax>772</ymax>
		</rectangle>
	</object>
	<object>
		<name>7</name>
		<pose>Unspecified</pose>
		<truncated>0</truncated>
		<difficult>0</difficult>
		<rectangle>
			<xmin>1556</xmin>
			<ymin>511</ymin>
			<xmax>1634</xmax>
			<ymax>747</ymax>
		</rectangle>
	</object>
	<object>
		<name>8</name>
		<pose>Unspecified</pose>
		<truncated>0</truncated>
		<difficult>0</difficult>
		<rectangle>
			<xmin>1328</xmin>
			<ymin>513</ymin>
			<xmax>1406</xmax>
			<ymax>707</ymax>
		</rectangle>
	</object>
</annotation>
