<annotation>
	<folder>V0-S_canteen_0-G_1_hor</folder>
	<filename>0376.jpg</filename>
	<source>
		<database>My Database</database>
		<annotation>VOC2007</annotation>
		<image>flickr</image>
		<flickrid>NULL</flickrid>
	</source>
	<owner>
		<flickrid>NULL</flickrid>
		<name>dcx</name>
	</owner>
	<size>
		<width>2704</width>
		<height>1520</height>
		<depth>3</depth>
	</size>
	<segmented>0</segmented>
	<object>
		<name>6</name>
		<pose>Unspecified</pose>
		<truncated>0</truncated>
		<difficult>0</difficult>
		<rectangle>
			<xmin>1185</xmin>
			<ymin>476</ymin>
			<xmax>1335</xmax>
			<ymax>773</ymax>
		</rectangle>
	</object>
	<object>
		<name>4</name>
		<pose>Unspecified</pose>
		<truncated>0</truncated>
		<difficult>0</difficult>
		<rectangle>
			<xmin>694</xmin>
			<ymin>438</ymin>
			<xmax>854</xmax>
			<ymax>835</ymax>
		</rectangle>
	</object>
	<object>
		<name>7</name>
		<pose>Unspecified</pose>
		<truncated>0</truncated>
		<difficult>0</difficult>
		<rectangle>
			<xmin>1556</xmin>
			<ymin>509</ymin>
			<xmax>1636</xmax>
			<ymax>744</ymax>
		</rectangle>
	</object>
	<object>
		<name>3</name>
		<pose>Unspecified</pose>
		<truncated>0</truncated>
		<difficult>0</difficult>
		<rectangle>
			<xmin>975</xmin>
			<ymin>433</ymin>
			<xmax>1166</xmax>
			<ymax>961</ymax>
		</rectangle>
	</object>
	<object>
		<name>5</name>
		<pose>Unspecified</pose>
		<truncated>0</truncated>
		<difficult>0</difficult>
		<rectangle>
			<xmin>2222</xmin>
			<ymin>561</ymin>
			<xmax>2404</xmax>
			<ymax>1005</ymax>
		</rectangle>
	</object>
	<object>
		<name>1</name>
		<pose>Unspecified</pose>
		<truncated>0</truncated>
		<difficult>0</difficult>
		<rectangle>
			<xmin>2057</xmin>
			<ymin>552</ymin>
			<xmax>2161</xmax>
			<ymax>785</ymax>
		</rectangle>
	</object>
	<object>
		<name>8</name>
		<pose>Unspecified</pose>
		<truncated>0</truncated>
		<difficult>0</difficult>
		<rectangle>
			<xmin>1306</xmin>
			<ymin>513</ymin>
			<xmax>1398</xmax>
			<ymax>707</ymax>
		</rectangle>
	</object>
</annotation>
