<annotation>
	<folder>V0-S_canteen_0-G_1_hor</folder>
	<filename>0377.jpg</filename>
	<source>
		<database>My Database</database>
		<annotation>VOC2007</annotation>
		<image>flickr</image>
		<flickrid>NULL</flickrid>
	</source>
	<owner>
		<flickrid>NULL</flickrid>
		<name>dcx</name>
	</owner>
	<size>
		<width>2704</width>
		<height>1520</height>
		<depth>3</depth>
	</size>
	<segmented>0</segmented>
	<object>
		<name>1</name>
		<pose>Unspecified</pose>
		<truncated>0</truncated>
		<difficult>0</difficult>
		<rectangle>
			<xmin>2060</xmin>
			<ymin>552</ymin>
			<xmax>2162</xmax>
			<ymax>784</ymax>
		</rectangle>
	</object>
	<object>
		<name>3</name>
		<pose>Unspecified</pose>
		<truncated>0</truncated>
		<difficult>0</difficult>
		<rectangle>
			<xmin>974</xmin>
			<ymin>432</ymin>
			<xmax>1162</xmax>
			<ymax>963</ymax>
		</rectangle>
	</object>
	<object>
		<name>4</name>
		<pose>Unspecified</pose>
		<truncated>0</truncated>
		<difficult>0</difficult>
		<rectangle>
			<xmin>699</xmin>
			<ymin>437</ymin>
			<xmax>857</xmax>
			<ymax>833</ymax>
		</rectangle>
	</object>
	<object>
		<name>5</name>
		<pose>Unspecified</pose>
		<truncated>0</truncated>
		<difficult>0</difficult>
		<rectangle>
			<xmin>2224</xmin>
			<ymin>562</ymin>
			<xmax>2406</xmax>
			<ymax>1004</ymax>
		</rectangle>
	</object>
	<object>
		<name>6</name>
		<pose>Unspecified</pose>
		<truncated>0</truncated>
		<difficult>0</difficult>
		<rectangle>
			<xmin>1181</xmin>
			<ymin>475</ymin>
			<xmax>1334</xmax>
			<ymax>774</ymax>
		</rectangle>
	</object>
	<object>
		<name>7</name>
		<pose>Unspecified</pose>
		<truncated>0</truncated>
		<difficult>0</difficult>
		<rectangle>
			<xmin>1559</xmin>
			<ymin>509</ymin>
			<xmax>1638</xmax>
			<ymax>743</ymax>
		</rectangle>
	</object>
	<object>
		<name>8</name>
		<pose>Unspecified</pose>
		<truncated>0</truncated>
		<difficult>0</difficult>
		<rectangle>
			<xmin>1305</xmin>
			<ymin>511</ymin>
			<xmax>1395</xmax>
			<ymax>706</ymax>
		</rectangle>
	</object>
</annotation>
