<annotation>
	<folder>V0-S_canteen_0-G_1_hor</folder>
	<filename>0378.jpg</filename>
	<source>
		<database>My Database</database>
		<annotation>VOC2007</annotation>
		<image>flickr</image>
		<flickrid>NULL</flickrid>
	</source>
	<owner>
		<flickrid>NULL</flickrid>
		<name>dcx</name>
	</owner>
	<size>
		<width>2704</width>
		<height>1520</height>
		<depth>3</depth>
	</size>
	<segmented>0</segmented>
	<object>
		<name>1</name>
		<pose>Unspecified</pose>
		<truncated>0</truncated>
		<difficult>0</difficult>
		<rectangle>
			<xmin>2062</xmin>
			<ymin>552</ymin>
			<xmax>2163</xmax>
			<ymax>784</ymax>
		</rectangle>
	</object>
	<object>
		<name>3</name>
		<pose>Unspecified</pose>
		<truncated>0</truncated>
		<difficult>0</difficult>
		<rectangle>
			<xmin>972</xmin>
			<ymin>430</ymin>
			<xmax>1159</xmax>
			<ymax>964</ymax>
		</rectangle>
	</object>
	<object>
		<name>4</name>
		<pose>Unspecified</pose>
		<truncated>0</truncated>
		<difficult>0</difficult>
		<rectangle>
			<xmin>704</xmin>
			<ymin>437</ymin>
			<xmax>860</xmax>
			<ymax>830</ymax>
		</rectangle>
	</object>
	<object>
		<name>5</name>
		<pose>Unspecified</pose>
		<truncated>0</truncated>
		<difficult>0</difficult>
		<rectangle>
			<xmin>2227</xmin>
			<ymin>562</ymin>
			<xmax>2407</xmax>
			<ymax>1002</ymax>
		</rectangle>
	</object>
	<object>
		<name>6</name>
		<pose>Unspecified</pose>
		<truncated>0</truncated>
		<difficult>0</difficult>
		<rectangle>
			<xmin>1176</xmin>
			<ymin>475</ymin>
			<xmax>1332</xmax>
			<ymax>775</ymax>
		</rectangle>
	</object>
	<object>
		<name>7</name>
		<pose>Unspecified</pose>
		<truncated>0</truncated>
		<difficult>0</difficult>
		<rectangle>
			<xmin>1561</xmin>
			<ymin>509</ymin>
			<xmax>1640</xmax>
			<ymax>743</ymax>
		</rectangle>
	</object>
	<object>
		<name>8</name>
		<pose>Unspecified</pose>
		<truncated>0</truncated>
		<difficult>0</difficult>
		<rectangle>
			<xmin>1304</xmin>
			<ymin>510</ymin>
			<xmax>1393</xmax>
			<ymax>705</ymax>
		</rectangle>
	</object>
</annotation>
