<annotation>
	<folder>V0-S_canteen_0-G_1_hor</folder>
	<filename>0379.jpg</filename>
	<source>
		<database>My Database</database>
		<annotation>VOC2007</annotation>
		<image>flickr</image>
		<flickrid>NULL</flickrid>
	</source>
	<owner>
		<flickrid>NULL</flickrid>
		<name>dcx</name>
	</owner>
	<size>
		<width>2704</width>
		<height>1520</height>
		<depth>3</depth>
	</size>
	<segmented>0</segmented>
	<object>
		<name>1</name>
		<pose>Unspecified</pose>
		<truncated>0</truncated>
		<difficult>0</difficult>
		<rectangle>
			<xmin>2065</xmin>
			<ymin>552</ymin>
			<xmax>2163</xmax>
			<ymax>783</ymax>
		</rectangle>
	</object>
	<object>
		<name>3</name>
		<pose>Unspecified</pose>
		<truncated>0</truncated>
		<difficult>0</difficult>
		<rectangle>
			<xmin>971</xmin>
			<ymin>429</ymin>
			<xmax>1155</xmax>
			<ymax>966</ymax>
		</rectangle>
	</object>
	<object>
		<name>4</name>
		<pose>Unspecified</pose>
		<truncated>0</truncated>
		<difficult>0</difficult>
		<rectangle>
			<xmin>709</xmin>
			<ymin>436</ymin>
			<xmax>862</xmax>
			<ymax>828</ymax>
		</rectangle>
	</object>
	<object>
		<name>5</name>
		<pose>Unspecified</pose>
		<truncated>0</truncated>
		<difficult>0</difficult>
		<rectangle>
			<xmin>2229</xmin>
			<ymin>563</ymin>
			<xmax>2409</xmax>
			<ymax>1001</ymax>
		</rectangle>
	</object>
	<object>
		<name>6</name>
		<pose>Unspecified</pose>
		<truncated>0</truncated>
		<difficult>0</difficult>
		<rectangle>
			<xmin>1172</xmin>
			<ymin>474</ymin>
			<xmax>1331</xmax>
			<ymax>776</ymax>
		</rectangle>
	</object>
	<object>
		<name>7</name>
		<pose>Unspecified</pose>
		<truncated>0</truncated>
		<difficult>0</difficult>
		<rectangle>
			<xmin>1564</xmin>
			<ymin>510</ymin>
			<xmax>1641</xmax>
			<ymax>742</ymax>
		</rectangle>
	</object>
	<object>
		<name>8</name>
		<pose>Unspecified</pose>
		<truncated>0</truncated>
		<difficult>0</difficult>
		<rectangle>
			<xmin>1303</xmin>
			<ymin>508</ymin>
			<xmax>1390</xmax>
			<ymax>703</ymax>
		</rectangle>
	</object>
</annotation>
