<annotation>
	<folder>V0-S_canteen_0-G_1_hor</folder>
	<filename>0380.jpg</filename>
	<source>
		<database>My Database</database>
		<annotation>VOC2007</annotation>
		<image>flickr</image>
		<flickrid>NULL</flickrid>
	</source>
	<owner>
		<flickrid>NULL</flickrid>
		<name>dcx</name>
	</owner>
	<size>
		<width>2704</width>
		<height>1520</height>
		<depth>3</depth>
	</size>
	<segmented>0</segmented>
	<object>
		<name>1</name>
		<pose>Unspecified</pose>
		<truncated>0</truncated>
		<difficult>0</difficult>
		<rectangle>
			<xmin>2067</xmin>
			<ymin>552</ymin>
			<xmax>2164</xmax>
			<ymax>783</ymax>
		</rectangle>
	</object>
	<object>
		<name>3</name>
		<pose>Unspecified</pose>
		<truncated>0</truncated>
		<difficult>0</difficult>
		<rectangle>
			<xmin>969</xmin>
			<ymin>427</ymin>
			<xmax>1152</xmax>
			<ymax>967</ymax>
		</rectangle>
	</object>
	<object>
		<name>4</name>
		<pose>Unspecified</pose>
		<truncated>0</truncated>
		<difficult>0</difficult>
		<rectangle>
			<xmin>714</xmin>
			<ymin>436</ymin>
			<xmax>865</xmax>
			<ymax>825</ymax>
		</rectangle>
	</object>
	<object>
		<name>5</name>
		<pose>Unspecified</pose>
		<truncated>0</truncated>
		<difficult>0</difficult>
		<rectangle>
			<xmin>2232</xmin>
			<ymin>563</ymin>
			<xmax>2410</xmax>
			<ymax>999</ymax>
		</rectangle>
	</object>
	<object>
		<name>6</name>
		<pose>Unspecified</pose>
		<truncated>0</truncated>
		<difficult>0</difficult>
		<rectangle>
			<xmin>1167</xmin>
			<ymin>474</ymin>
			<xmax>1329</xmax>
			<ymax>777</ymax>
		</rectangle>
	</object>
	<object>
		<name>7</name>
		<pose>Unspecified</pose>
		<truncated>0</truncated>
		<difficult>0</difficult>
		<rectangle>
			<xmin>1566</xmin>
			<ymin>510</ymin>
			<xmax>1643</xmax>
			<ymax>742</ymax>
		</rectangle>
	</object>
	<object>
		<name>8</name>
		<pose>Unspecified</pose>
		<truncated>0</truncated>
		<difficult>0</difficult>
		<rectangle>
			<xmin>1302</xmin>
			<ymin>507</ymin>
			<xmax>1388</xmax>
			<ymax>702</ymax>
		</rectangle>
	</object>
</annotation>
