<annotation>
	<folder>V0-S_canteen_0-G_1_hor</folder>
	<filename>0381.jpg</filename>
	<source>
		<database>My Database</database>
		<annotation>VOC2007</annotation>
		<image>flickr</image>
		<flickrid>NULL</flickrid>
	</source>
	<owner>
		<flickrid>NULL</flickrid>
		<name>dcx</name>
	</owner>
	<size>
		<width>2704</width>
		<height>1520</height>
		<depth>3</depth>
	</size>
	<segmented>0</segmented>
	<object>
		<name>6</name>
		<pose>Unspecified</pose>
		<truncated>0</truncated>
		<difficult>0</difficult>
		<rectangle>
			<xmin>1163</xmin>
			<ymin>473</ymin>
			<xmax>1328</xmax>
			<ymax>778</ymax>
		</rectangle>
	</object>
	<object>
		<name>4</name>
		<pose>Unspecified</pose>
		<truncated>0</truncated>
		<difficult>0</difficult>
		<rectangle>
			<xmin>719</xmin>
			<ymin>435</ymin>
			<xmax>868</xmax>
			<ymax>823</ymax>
		</rectangle>
	</object>
	<object>
		<name>7</name>
		<pose>Unspecified</pose>
		<truncated>0</truncated>
		<difficult>0</difficult>
		<rectangle>
			<xmin>1569</xmin>
			<ymin>510</ymin>
			<xmax>1645</xmax>
			<ymax>741</ymax>
		</rectangle>
	</object>
	<object>
		<name>3</name>
		<pose>Unspecified</pose>
		<truncated>0</truncated>
		<difficult>0</difficult>
		<rectangle>
			<xmin>968</xmin>
			<ymin>426</ymin>
			<xmax>1148</xmax>
			<ymax>969</ymax>
		</rectangle>
	</object>
	<object>
		<name>5</name>
		<pose>Unspecified</pose>
		<truncated>0</truncated>
		<difficult>0</difficult>
		<rectangle>
			<xmin>2234</xmin>
			<ymin>564</ymin>
			<xmax>2412</xmax>
			<ymax>998</ymax>
		</rectangle>
	</object>
	<object>
		<name>1</name>
		<pose>Unspecified</pose>
		<truncated>0</truncated>
		<difficult>0</difficult>
		<rectangle>
			<xmin>2070</xmin>
			<ymin>552</ymin>
			<xmax>2165</xmax>
			<ymax>782</ymax>
		</rectangle>
	</object>
	<object>
		<name>8</name>
		<pose>Unspecified</pose>
		<truncated>0</truncated>
		<difficult>0</difficult>
		<rectangle>
			<xmin>1301</xmin>
			<ymin>505</ymin>
			<xmax>1385</xmax>
			<ymax>701</ymax>
		</rectangle>
	</object>
</annotation>
