<annotation>
	<folder>V0-S_canteen_0-G_1_hor</folder>
	<filename>0382.jpg</filename>
	<source>
		<database>My Database</database>
		<annotation>VOC2007</annotation>
		<image>flickr</image>
		<flickrid>NULL</flickrid>
	</source>
	<owner>
		<flickrid>NULL</flickrid>
		<name>dcx</name>
	</owner>
	<size>
		<width>2704</width>
		<height>1520</height>
		<depth>3</depth>
	</size>
	<segmented>0</segmented>
	<object>
		<name>1</name>
		<pose>Unspecified</pose>
		<truncated>0</truncated>
		<difficult>0</difficult>
		<rectangle>
			<xmin>2069</xmin>
			<ymin>552</ymin>
			<xmax>2165</xmax>
			<ymax>782</ymax>
		</rectangle>
	</object>
	<object>
		<name>3</name>
		<pose>Unspecified</pose>
		<truncated>0</truncated>
		<difficult>0</difficult>
		<rectangle>
			<xmin>966</xmin>
			<ymin>424</ymin>
			<xmax>1146</xmax>
			<ymax>970</ymax>
		</rectangle>
	</object>
	<object>
		<name>4</name>
		<pose>Unspecified</pose>
		<truncated>0</truncated>
		<difficult>0</difficult>
		<rectangle>
			<xmin>730</xmin>
			<ymin>434</ymin>
			<xmax>875</xmax>
			<ymax>822</ymax>
		</rectangle>
	</object>
	<object>
		<name>5</name>
		<pose>Unspecified</pose>
		<truncated>0</truncated>
		<difficult>0</difficult>
		<rectangle>
			<xmin>2234</xmin>
			<ymin>566</ymin>
			<xmax>2413</xmax>
			<ymax>997</ymax>
		</rectangle>
	</object>
	<object>
		<name>6</name>
		<pose>Unspecified</pose>
		<truncated>0</truncated>
		<difficult>0</difficult>
		<rectangle>
			<xmin>1166</xmin>
			<ymin>472</ymin>
			<xmax>1324</xmax>
			<ymax>779</ymax>
		</rectangle>
	</object>
	<object>
		<name>7</name>
		<pose>Unspecified</pose>
		<truncated>0</truncated>
		<difficult>0</difficult>
		<rectangle>
			<xmin>1570</xmin>
			<ymin>511</ymin>
			<xmax>1645</xmax>
			<ymax>741</ymax>
		</rectangle>
	</object>
	<object>
		<name>8</name>
		<pose>Unspecified</pose>
		<truncated>0</truncated>
		<difficult>0</difficult>
		<rectangle>
			<xmin>1299</xmin>
			<ymin>504</ymin>
			<xmax>1377</xmax>
			<ymax>701</ymax>
		</rectangle>
	</object>
</annotation>
