<annotation>
	<folder>V0-S_canteen_0-G_1_hor</folder>
	<filename>0386.jpg</filename>
	<source>
		<database>My Database</database>
		<annotation>VOC2007</annotation>
		<image>flickr</image>
		<flickrid>NULL</flickrid>
	</source>
	<owner>
		<flickrid>NULL</flickrid>
		<name>dcx</name>
	</owner>
	<size>
		<width>2704</width>
		<height>1520</height>
		<depth>3</depth>
	</size>
	<segmented>0</segmented>
	<object>
		<name>6</name>
		<pose>Unspecified</pose>
		<truncated>0</truncated>
		<difficult>0</difficult>
		<rectangle>
			<xmin>1176</xmin>
			<ymin>467</ymin>
			<xmax>1306</xmax>
			<ymax>781</ymax>
		</rectangle>
	</object>
	<object>
		<name>4</name>
		<pose>Unspecified</pose>
		<truncated>0</truncated>
		<difficult>0</difficult>
		<rectangle>
			<xmin>774</xmin>
			<ymin>432</ymin>
			<xmax>903</xmax>
			<ymax>816</ymax>
		</rectangle>
	</object>
	<object>
		<name>7</name>
		<pose>Unspecified</pose>
		<truncated>0</truncated>
		<difficult>0</difficult>
		<rectangle>
			<xmin>1575</xmin>
			<ymin>515</ymin>
			<xmax>1647</xmax>
			<ymax>741</ymax>
		</rectangle>
	</object>
	<object>
		<name>3</name>
		<pose>Unspecified</pose>
		<truncated>0</truncated>
		<difficult>0</difficult>
		<rectangle>
			<xmin>960</xmin>
			<ymin>418</ymin>
			<xmax>1139</xmax>
			<ymax>972</ymax>
		</rectangle>
	</object>
	<object>
		<name>5</name>
		<pose>Unspecified</pose>
		<truncated>0</truncated>
		<difficult>0</difficult>
		<rectangle>
			<xmin>2236</xmin>
			<ymin>572</ymin>
			<xmax>2417</xmax>
			<ymax>993</ymax>
		</rectangle>
	</object>
	<object>
		<name>1</name>
		<pose>Unspecified</pose>
		<truncated>0</truncated>
		<difficult>0</difficult>
		<rectangle>
			<xmin>2066</xmin>
			<ymin>552</ymin>
			<xmax>2165</xmax>
			<ymax>782</ymax>
		</rectangle>
	</object>
	<object>
		<name>8</name>
		<pose>Unspecified</pose>
		<truncated>0</truncated>
		<difficult>0</difficult>
		<rectangle>
			<xmin>1293</xmin>
			<ymin>500</ymin>
			<xmax>1343</xmax>
			<ymax>702</ymax>
		</rectangle>
	</object>
</annotation>
