<annotation>
	<folder>V0-S_canteen_0-G_1_hor</folder>
	<filename>0387.jpg</filename>
	<source>
		<database>My Database</database>
		<annotation>VOC2007</annotation>
		<image>flickr</image>
		<flickrid>NULL</flickrid>
	</source>
	<owner>
		<flickrid>NULL</flickrid>
		<name>dcx</name>
	</owner>
	<size>
		<width>2704</width>
		<height>1520</height>
		<depth>3</depth>
	</size>
	<segmented>0</segmented>
	<object>
		<name>1</name>
		<pose>Unspecified</pose>
		<truncated>0</truncated>
		<difficult>0</difficult>
		<rectangle>
			<xmin>2066</xmin>
			<ymin>552</ymin>
			<xmax>2165</xmax>
			<ymax>782</ymax>
		</rectangle>
	</object>
	<object>
		<name>3</name>
		<pose>Unspecified</pose>
		<truncated>0</truncated>
		<difficult>0</difficult>
		<rectangle>
			<xmin>954</xmin>
			<ymin>418</ymin>
			<xmax>1139</xmax>
			<ymax>977</ymax>
		</rectangle>
	</object>
	<object>
		<name>4</name>
		<pose>Unspecified</pose>
		<truncated>0</truncated>
		<difficult>0</difficult>
		<rectangle>
			<xmin>778</xmin>
			<ymin>434</ymin>
			<xmax>909</xmax>
			<ymax>816</ymax>
		</rectangle>
	</object>
	<object>
		<name>5</name>
		<pose>Unspecified</pose>
		<truncated>0</truncated>
		<difficult>0</difficult>
		<rectangle>
			<xmin>2235</xmin>
			<ymin>572</ymin>
			<xmax>2419</xmax>
			<ymax>991</ymax>
		</rectangle>
	</object>
	<object>
		<name>6</name>
		<pose>Unspecified</pose>
		<truncated>0</truncated>
		<difficult>0</difficult>
		<rectangle>
			<xmin>1171</xmin>
			<ymin>467</ymin>
			<xmax>1299</xmax>
			<ymax>781</ymax>
		</rectangle>
	</object>
	<object>
		<name>7</name>
		<pose>Unspecified</pose>
		<truncated>0</truncated>
		<difficult>0</difficult>
		<rectangle>
			<xmin>1575</xmin>
			<ymin>516</ymin>
			<xmax>1648</xmax>
			<ymax>740</ymax>
		</rectangle>
	</object>
	<object>
		<name>8</name>
		<pose>Unspecified</pose>
		<truncated>0</truncated>
		<difficult>0</difficult>
		<rectangle>
			<xmin>1283</xmin>
			<ymin>501</ymin>
			<xmax>1340</xmax>
			<ymax>702</ymax>
		</rectangle>
	</object>
</annotation>
