<annotation>
	<folder>V0-S_canteen_0-G_1_hor</folder>
	<filename>0390.jpg</filename>
	<source>
		<database>My Database</database>
		<annotation>VOC2007</annotation>
		<image>flickr</image>
		<flickrid>NULL</flickrid>
	</source>
	<owner>
		<flickrid>NULL</flickrid>
		<name>dcx</name>
	</owner>
	<size>
		<width>2704</width>
		<height>1520</height>
		<depth>3</depth>
	</size>
	<segmented>0</segmented>
	<object>
		<name>1</name>
		<pose>Unspecified</pose>
		<truncated>0</truncated>
		<difficult>0</difficult>
		<rectangle>
			<xmin>2065</xmin>
			<ymin>552</ymin>
			<xmax>2167</xmax>
			<ymax>784</ymax>
		</rectangle>
	</object>
	<object>
		<name>3</name>
		<pose>Unspecified</pose>
		<truncated>0</truncated>
		<difficult>0</difficult>
		<rectangle>
			<xmin>936</xmin>
			<ymin>420</ymin>
			<xmax>1139</xmax>
			<ymax>994</ymax>
		</rectangle>
	</object>
	<object>
		<name>4</name>
		<pose>Unspecified</pose>
		<truncated>0</truncated>
		<difficult>0</difficult>
		<rectangle>
			<xmin>788</xmin>
			<ymin>442</ymin>
			<xmax>927</xmax>
			<ymax>816</ymax>
		</rectangle>
	</object>
	<object>
		<name>5</name>
		<pose>Unspecified</pose>
		<truncated>0</truncated>
		<difficult>0</difficult>
		<rectangle>
			<xmin>2234</xmin>
			<ymin>572</ymin>
			<xmax>2427</xmax>
			<ymax>983</ymax>
		</rectangle>
	</object>
	<object>
		<name>6</name>
		<pose>Unspecified</pose>
		<truncated>0</truncated>
		<difficult>0</difficult>
		<rectangle>
			<xmin>1158</xmin>
			<ymin>468</ymin>
			<xmax>1276</xmax>
			<ymax>783</ymax>
		</rectangle>
	</object>
	<object>
		<name>7</name>
		<pose>Unspecified</pose>
		<truncated>0</truncated>
		<difficult>0</difficult>
		<rectangle>
			<xmin>1577</xmin>
			<ymin>517</ymin>
			<xmax>1652</xmax>
			<ymax>737</ymax>
		</rectangle>
	</object>
	<object>
		<name>8</name>
		<pose>Unspecified</pose>
		<truncated>0</truncated>
		<difficult>0</difficult>
		<rectangle>
			<xmin>1252</xmin>
			<ymin>503</ymin>
			<xmax>1331</xmax>
			<ymax>702</ymax>
		</rectangle>
	</object>
</annotation>
