<annotation>
	<folder>V0-S_canteen_0-G_1_hor</folder>
	<filename>0391.jpg</filename>
	<source>
		<database>My Database</database>
		<annotation>VOC2007</annotation>
		<image>flickr</image>
		<flickrid>NULL</flickrid>
	</source>
	<owner>
		<flickrid>NULL</flickrid>
		<name>dcx</name>
	</owner>
	<size>
		<width>2704</width>
		<height>1520</height>
		<depth>3</depth>
	</size>
	<segmented>0</segmented>
	<object>
		<name>6</name>
		<pose>Unspecified</pose>
		<truncated>0</truncated>
		<difficult>0</difficult>
		<rectangle>
			<xmin>1153</xmin>
			<ymin>468</ymin>
			<xmax>1269</xmax>
			<ymax>783</ymax>
		</rectangle>
	</object>
	<object>
		<name>4</name>
		<pose>Unspecified</pose>
		<truncated>0</truncated>
		<difficult>0</difficult>
		<rectangle>
			<xmin>792</xmin>
			<ymin>444</ymin>
			<xmax>933</xmax>
			<ymax>816</ymax>
		</rectangle>
	</object>
	<object>
		<name>7</name>
		<pose>Unspecified</pose>
		<truncated>0</truncated>
		<difficult>0</difficult>
		<rectangle>
			<xmin>1577</xmin>
			<ymin>518</ymin>
			<xmax>1653</xmax>
			<ymax>736</ymax>
		</rectangle>
	</object>
	<object>
		<name>3</name>
		<pose>Unspecified</pose>
		<truncated>0</truncated>
		<difficult>0</difficult>
		<rectangle>
			<xmin>930</xmin>
			<ymin>420</ymin>
			<xmax>1139</xmax>
			<ymax>999</ymax>
		</rectangle>
	</object>
	<object>
		<name>5</name>
		<pose>Unspecified</pose>
		<truncated>0</truncated>
		<difficult>0</difficult>
		<rectangle>
			<xmin>2233</xmin>
			<ymin>572</ymin>
			<xmax>2429</xmax>
			<ymax>981</ymax>
		</rectangle>
	</object>
	<object>
		<name>1</name>
		<pose>Unspecified</pose>
		<truncated>0</truncated>
		<difficult>0</difficult>
		<rectangle>
			<xmin>2065</xmin>
			<ymin>552</ymin>
			<xmax>2167</xmax>
			<ymax>784</ymax>
		</rectangle>
	</object>
	<object>
		<name>8</name>
		<pose>Unspecified</pose>
		<truncated>0</truncated>
		<difficult>0</difficult>
		<rectangle>
			<xmin>1242</xmin>
			<ymin>504</ymin>
			<xmax>1328</xmax>
			<ymax>702</ymax>
		</rectangle>
	</object>
</annotation>
