<annotation>
	<folder>V0-S_canteen_0-G_1_hor</folder>
	<filename>0392.jpg</filename>
	<source>
		<database>My Database</database>
		<annotation>VOC2007</annotation>
		<image>flickr</image>
		<flickrid>NULL</flickrid>
	</source>
	<owner>
		<flickrid>NULL</flickrid>
		<name>dcx</name>
	</owner>
	<size>
		<width>2704</width>
		<height>1520</height>
		<depth>3</depth>
	</size>
	<segmented>0</segmented>
	<object>
		<name>1</name>
		<pose>Unspecified</pose>
		<truncated>0</truncated>
		<difficult>0</difficult>
		<rectangle>
			<xmin>2066</xmin>
			<ymin>553</ymin>
			<xmax>2167</xmax>
			<ymax>785</ymax>
		</rectangle>
	</object>
	<object>
		<name>3</name>
		<pose>Unspecified</pose>
		<truncated>0</truncated>
		<difficult>0</difficult>
		<rectangle>
			<xmin>931</xmin>
			<ymin>420</ymin>
			<xmax>1141</xmax>
			<ymax>1005</ymax>
		</rectangle>
	</object>
	<object>
		<name>4</name>
		<pose>Unspecified</pose>
		<truncated>0</truncated>
		<difficult>0</difficult>
		<rectangle>
			<xmin>795</xmin>
			<ymin>445</ymin>
			<xmax>935</xmax>
			<ymax>815</ymax>
		</rectangle>
	</object>
	<object>
		<name>5</name>
		<pose>Unspecified</pose>
		<truncated>0</truncated>
		<difficult>0</difficult>
		<rectangle>
			<xmin>2236</xmin>
			<ymin>572</ymin>
			<xmax>2429</xmax>
			<ymax>981</ymax>
		</rectangle>
	</object>
	<object>
		<name>6</name>
		<pose>Unspecified</pose>
		<truncated>0</truncated>
		<difficult>0</difficult>
		<rectangle>
			<xmin>1145</xmin>
			<ymin>469</ymin>
			<xmax>1263</xmax>
			<ymax>784</ymax>
		</rectangle>
	</object>
	<object>
		<name>7</name>
		<pose>Unspecified</pose>
		<truncated>0</truncated>
		<difficult>0</difficult>
		<rectangle>
			<xmin>1577</xmin>
			<ymin>517</ymin>
			<xmax>1653</xmax>
			<ymax>735</ymax>
		</rectangle>
	</object>
	<object>
		<name>8</name>
		<pose>Unspecified</pose>
		<truncated>0</truncated>
		<difficult>0</difficult>
		<rectangle>
			<xmin>1241</xmin>
			<ymin>503</ymin>
			<xmax>1321</xmax>
			<ymax>703</ymax>
		</rectangle>
	</object>
</annotation>
