<annotation>
	<folder>V0-S_canteen_0-G_1_hor</folder>
	<filename>0394.jpg</filename>
	<source>
		<database>My Database</database>
		<annotation>VOC2007</annotation>
		<image>flickr</image>
		<flickrid>NULL</flickrid>
	</source>
	<owner>
		<flickrid>NULL</flickrid>
		<name>dcx</name>
	</owner>
	<size>
		<width>2704</width>
		<height>1520</height>
		<depth>3</depth>
	</size>
	<segmented>0</segmented>
	<object>
		<name>1</name>
		<pose>Unspecified</pose>
		<truncated>0</truncated>
		<difficult>0</difficult>
		<rectangle>
			<xmin>2069</xmin>
			<ymin>554</ymin>
			<xmax>2167</xmax>
			<ymax>786</ymax>
		</rectangle>
	</object>
	<object>
		<name>3</name>
		<pose>Unspecified</pose>
		<truncated>0</truncated>
		<difficult>0</difficult>
		<rectangle>
			<xmin>934</xmin>
			<ymin>421</ymin>
			<xmax>1144</xmax>
			<ymax>1017</ymax>
		</rectangle>
	</object>
	<object>
		<name>4</name>
		<pose>Unspecified</pose>
		<truncated>0</truncated>
		<difficult>0</difficult>
		<rectangle>
			<xmin>802</xmin>
			<ymin>447</ymin>
			<xmax>938</xmax>
			<ymax>813</ymax>
		</rectangle>
	</object>
	<object>
		<name>5</name>
		<pose>Unspecified</pose>
		<truncated>0</truncated>
		<difficult>0</difficult>
		<rectangle>
			<xmin>2242</xmin>
			<ymin>572</ymin>
			<xmax>2430</xmax>
			<ymax>980</ymax>
		</rectangle>
	</object>
	<object>
		<name>6</name>
		<pose>Unspecified</pose>
		<truncated>0</truncated>
		<difficult>0</difficult>
		<rectangle>
			<xmin>1129</xmin>
			<ymin>471</ymin>
			<xmax>1252</xmax>
			<ymax>786</ymax>
		</rectangle>
	</object>
	<object>
		<name>7</name>
		<pose>Unspecified</pose>
		<truncated>0</truncated>
		<difficult>0</difficult>
		<rectangle>
			<xmin>1576</xmin>
			<ymin>515</ymin>
			<xmax>1654</xmax>
			<ymax>734</ymax>
		</rectangle>
	</object>
	<object>
		<name>8</name>
		<pose>Unspecified</pose>
		<truncated>0</truncated>
		<difficult>0</difficult>
		<rectangle>
			<xmin>1240</xmin>
			<ymin>501</ymin>
			<xmax>1306</xmax>
			<ymax>704</ymax>
		</rectangle>
	</object>
</annotation>
