<annotation>
	<folder>V0-S_canteen_0-G_1_hor</folder>
	<filename>0396.jpg</filename>
	<source>
		<database>My Database</database>
		<annotation>VOC2007</annotation>
		<image>flickr</image>
		<flickrid>NULL</flickrid>
	</source>
	<owner>
		<flickrid>NULL</flickrid>
		<name>dcx</name>
	</owner>
	<size>
		<width>2704</width>
		<height>1520</height>
		<depth>3</depth>
	</size>
	<segmented>0</segmented>
	<object>
		<name>6</name>
		<pose>Unspecified</pose>
		<truncated>0</truncated>
		<difficult>0</difficult>
		<rectangle>
			<xmin>1113</xmin>
			<ymin>473</ymin>
			<xmax>1241</xmax>
			<ymax>788</ymax>
		</rectangle>
	</object>
	<object>
		<name>4</name>
		<pose>Unspecified</pose>
		<truncated>0</truncated>
		<difficult>0</difficult>
		<rectangle>
			<xmin>809</xmin>
			<ymin>449</ymin>
			<xmax>941</xmax>
			<ymax>811</ymax>
		</rectangle>
	</object>
	<object>
		<name>7</name>
		<pose>Unspecified</pose>
		<truncated>0</truncated>
		<difficult>0</difficult>
		<rectangle>
			<xmin>1575</xmin>
			<ymin>513</ymin>
			<xmax>1655</xmax>
			<ymax>732</ymax>
		</rectangle>
	</object>
	<object>
		<name>3</name>
		<pose>Unspecified</pose>
		<truncated>0</truncated>
		<difficult>0</difficult>
		<rectangle>
			<xmin>937</xmin>
			<ymin>421</ymin>
			<xmax>1148</xmax>
			<ymax>1029</ymax>
		</rectangle>
	</object>
	<object>
		<name>5</name>
		<pose>Unspecified</pose>
		<truncated>0</truncated>
		<difficult>0</difficult>
		<rectangle>
			<xmin>2248</xmin>
			<ymin>572</ymin>
			<xmax>2431</xmax>
			<ymax>979</ymax>
		</rectangle>
	</object>
	<object>
		<name>1</name>
		<pose>Unspecified</pose>
		<truncated>0</truncated>
		<difficult>0</difficult>
		<rectangle>
			<xmin>2071</xmin>
			<ymin>556</ymin>
			<xmax>2167</xmax>
			<ymax>788</ymax>
		</rectangle>
	</object>
	<object>
		<name>8</name>
		<pose>Unspecified</pose>
		<truncated>0</truncated>
		<difficult>0</difficult>
		<rectangle>
			<xmin>1239</xmin>
			<ymin>499</ymin>
			<xmax>1292</xmax>
			<ymax>705</ymax>
		</rectangle>
	</object>
</annotation>
