<annotation>
	<folder>V0-S_canteen_0-G_1_hor</folder>
	<filename>0397.jpg</filename>
	<source>
		<database>My Database</database>
		<annotation>VOC2007</annotation>
		<image>flickr</image>
		<flickrid>NULL</flickrid>
	</source>
	<owner>
		<flickrid>NULL</flickrid>
		<name>dcx</name>
	</owner>
	<size>
		<width>2704</width>
		<height>1520</height>
		<depth>3</depth>
	</size>
	<segmented>0</segmented>
	<object>
		<name>1</name>
		<pose>Unspecified</pose>
		<truncated>0</truncated>
		<difficult>0</difficult>
		<rectangle>
			<xmin>2071</xmin>
			<ymin>555</ymin>
			<xmax>2169</xmax>
			<ymax>787</ymax>
		</rectangle>
	</object>
	<object>
		<name>3</name>
		<pose>Unspecified</pose>
		<truncated>0</truncated>
		<difficult>0</difficult>
		<rectangle>
			<xmin>939</xmin>
			<ymin>420</ymin>
			<xmax>1150</xmax>
			<ymax>1032</ymax>
		</rectangle>
	</object>
	<object>
		<name>4</name>
		<pose>Unspecified</pose>
		<truncated>0</truncated>
		<difficult>0</difficult>
		<rectangle>
			<xmin>817</xmin>
			<ymin>447</ymin>
			<xmax>942</xmax>
			<ymax>807</ymax>
		</rectangle>
	</object>
	<object>
		<name>5</name>
		<pose>Unspecified</pose>
		<truncated>0</truncated>
		<difficult>0</difficult>
		<rectangle>
			<xmin>2253</xmin>
			<ymin>572</ymin>
			<xmax>2432</xmax>
			<ymax>978</ymax>
		</rectangle>
	</object>
	<object>
		<name>6</name>
		<pose>Unspecified</pose>
		<truncated>0</truncated>
		<difficult>0</difficult>
		<rectangle>
			<xmin>1112</xmin>
			<ymin>471</ymin>
			<xmax>1239</xmax>
			<ymax>790</ymax>
		</rectangle>
	</object>
	<object>
		<name>7</name>
		<pose>Unspecified</pose>
		<truncated>0</truncated>
		<difficult>0</difficult>
		<rectangle>
			<xmin>1573</xmin>
			<ymin>512</ymin>
			<xmax>1655</xmax>
			<ymax>732</ymax>
		</rectangle>
	</object>
	<object>
		<name>8</name>
		<pose>Unspecified</pose>
		<truncated>0</truncated>
		<difficult>0</difficult>
		<rectangle>
			<xmin>1232</xmin>
			<ymin>498</ymin>
			<xmax>1288</xmax>
			<ymax>704</ymax>
		</rectangle>
	</object>
</annotation>
