<annotation>
	<folder>V0-S_canteen_0-G_1_hor</folder>
	<filename>0400.jpg</filename>
	<source>
		<database>My Database</database>
		<annotation>VOC2007</annotation>
		<image>flickr</image>
		<flickrid>NULL</flickrid>
	</source>
	<owner>
		<flickrid>NULL</flickrid>
		<name>dcx</name>
	</owner>
	<size>
		<width>2704</width>
		<height>1520</height>
		<depth>3</depth>
	</size>
	<segmented>0</segmented>
	<object>
		<name>1</name>
		<pose>Unspecified</pose>
		<truncated>0</truncated>
		<difficult>0</difficult>
		<rectangle>
			<xmin>2071</xmin>
			<ymin>553</ymin>
			<xmax>2174</xmax>
			<ymax>785</ymax>
		</rectangle>
	</object>
	<object>
		<name>3</name>
		<pose>Unspecified</pose>
		<truncated>0</truncated>
		<difficult>0</difficult>
		<rectangle>
			<xmin>943</xmin>
			<ymin>419</ymin>
			<xmax>1155</xmax>
			<ymax>1043</ymax>
		</rectangle>
	</object>
	<object>
		<name>4</name>
		<pose>Unspecified</pose>
		<truncated>0</truncated>
		<difficult>0</difficult>
		<rectangle>
			<xmin>841</xmin>
			<ymin>443</ymin>
			<xmax>946</xmax>
			<ymax>794</ymax>
		</rectangle>
	</object>
	<object>
		<name>5</name>
		<pose>Unspecified</pose>
		<truncated>0</truncated>
		<difficult>0</difficult>
		<rectangle>
			<xmin>2268</xmin>
			<ymin>574</ymin>
			<xmax>2437</xmax>
			<ymax>975</ymax>
		</rectangle>
	</object>
	<object>
		<name>6</name>
		<pose>Unspecified</pose>
		<truncated>0</truncated>
		<difficult>0</difficult>
		<rectangle>
			<xmin>1110</xmin>
			<ymin>466</ymin>
			<xmax>1235</xmax>
			<ymax>795</ymax>
		</rectangle>
	</object>
	<object>
		<name>7</name>
		<pose>Unspecified</pose>
		<truncated>0</truncated>
		<difficult>0</difficult>
		<rectangle>
			<xmin>1567</xmin>
			<ymin>510</ymin>
			<xmax>1655</xmax>
			<ymax>730</ymax>
		</rectangle>
	</object>
	<object>
		<name>8</name>
		<pose>Unspecified</pose>
		<truncated>0</truncated>
		<difficult>0</difficult>
		<rectangle>
			<xmin>1213</xmin>
			<ymin>494</ymin>
			<xmax>1275</xmax>
			<ymax>702</ymax>
		</rectangle>
	</object>
</annotation>
