<annotation>
	<folder>V0-S_canteen_0-G_1_hor</folder>
	<filename>0401.jpg</filename>
	<source>
		<database>My Database</database>
		<annotation>VOC2007</annotation>
		<image>flickr</image>
		<flickrid>NULL</flickrid>
	</source>
	<owner>
		<flickrid>NULL</flickrid>
		<name>dcx</name>
	</owner>
	<size>
		<width>2704</width>
		<height>1520</height>
		<depth>3</depth>
	</size>
	<segmented>0</segmented>
	<object>
		<name>6</name>
		<pose>Unspecified</pose>
		<truncated>0</truncated>
		<difficult>0</difficult>
		<rectangle>
			<xmin>1109</xmin>
			<ymin>464</ymin>
			<xmax>1233</xmax>
			<ymax>797</ymax>
		</rectangle>
	</object>
	<object>
		<name>4</name>
		<pose>Unspecified</pose>
		<truncated>0</truncated>
		<difficult>0</difficult>
		<rectangle>
			<xmin>849</xmin>
			<ymin>441</ymin>
			<xmax>947</xmax>
			<ymax>790</ymax>
		</rectangle>
	</object>
	<object>
		<name>7</name>
		<pose>Unspecified</pose>
		<truncated>0</truncated>
		<difficult>0</difficult>
		<rectangle>
			<xmin>1565</xmin>
			<ymin>509</ymin>
			<xmax>1655</xmax>
			<ymax>730</ymax>
		</rectangle>
	</object>
	<object>
		<name>3</name>
		<pose>Unspecified</pose>
		<truncated>0</truncated>
		<difficult>0</difficult>
		<rectangle>
			<xmin>945</xmin>
			<ymin>418</ymin>
			<xmax>1157</xmax>
			<ymax>1046</ymax>
		</rectangle>
	</object>
	<object>
		<name>5</name>
		<pose>Unspecified</pose>
		<truncated>0</truncated>
		<difficult>0</difficult>
		<rectangle>
			<xmin>2273</xmin>
			<ymin>574</ymin>
			<xmax>2438</xmax>
			<ymax>974</ymax>
		</rectangle>
	</object>
	<object>
		<name>1</name>
		<pose>Unspecified</pose>
		<truncated>0</truncated>
		<difficult>0</difficult>
		<rectangle>
			<xmin>2071</xmin>
			<ymin>552</ymin>
			<xmax>2176</xmax>
			<ymax>784</ymax>
		</rectangle>
	</object>
	<object>
		<name>8</name>
		<pose>Unspecified</pose>
		<truncated>0</truncated>
		<difficult>0</difficult>
		<rectangle>
			<xmin>1206</xmin>
			<ymin>493</ymin>
			<xmax>1271</xmax>
			<ymax>701</ymax>
		</rectangle>
	</object>
</annotation>
