<annotation>
	<folder>V0-S_canteen_0-G_1_hor</folder>
	<filename>0402.jpg</filename>
	<source>
		<database>My Database</database>
		<annotation>VOC2007</annotation>
		<image>flickr</image>
		<flickrid>NULL</flickrid>
	</source>
	<owner>
		<flickrid>NULL</flickrid>
		<name>dcx</name>
	</owner>
	<size>
		<width>2704</width>
		<height>1520</height>
		<depth>3</depth>
	</size>
	<segmented>0</segmented>
	<object>
		<name>1</name>
		<pose>Unspecified</pose>
		<truncated>0</truncated>
		<difficult>0</difficult>
		<rectangle>
			<xmin>2072</xmin>
			<ymin>550</ymin>
			<xmax>2177</xmax>
			<ymax>783</ymax>
		</rectangle>
	</object>
	<object>
		<name>3</name>
		<pose>Unspecified</pose>
		<truncated>0</truncated>
		<difficult>0</difficult>
		<rectangle>
			<xmin>952</xmin>
			<ymin>414</ymin>
			<xmax>1160</xmax>
			<ymax>1044</ymax>
		</rectangle>
	</object>
	<object>
		<name>4</name>
		<pose>Unspecified</pose>
		<truncated>0</truncated>
		<difficult>0</difficult>
		<rectangle>
			<xmin>854</xmin>
			<ymin>440</ymin>
			<xmax>952</xmax>
			<ymax>789</ymax>
		</rectangle>
	</object>
	<object>
		<name>5</name>
		<pose>Unspecified</pose>
		<truncated>0</truncated>
		<difficult>0</difficult>
		<rectangle>
			<xmin>2274</xmin>
			<ymin>572</ymin>
			<xmax>2438</xmax>
			<ymax>972</ymax>
		</rectangle>
	</object>
	<object>
		<name>7</name>
		<pose>Unspecified</pose>
		<truncated>0</truncated>
		<difficult>0</difficult>
		<rectangle>
			<xmin>1565</xmin>
			<ymin>509</ymin>
			<xmax>1654</xmax>
			<ymax>729</ymax>
		</rectangle>
	</object>
	<object>
		<name>8</name>
		<pose>Unspecified</pose>
		<truncated>0</truncated>
		<difficult>0</difficult>
		<rectangle>
			<xmin>1199</xmin>
			<ymin>491</ymin>
			<xmax>1269</xmax>
			<ymax>699</ymax>
		</rectangle>
	</object>
</annotation>
