<annotation>
	<folder>V0-S_canteen_0-G_1_hor</folder>
	<filename>0403.jpg</filename>
	<source>
		<database>My Database</database>
		<annotation>VOC2007</annotation>
		<image>flickr</image>
		<flickrid>NULL</flickrid>
	</source>
	<owner>
		<flickrid>NULL</flickrid>
		<name>dcx</name>
	</owner>
	<size>
		<width>2704</width>
		<height>1520</height>
		<depth>3</depth>
	</size>
	<segmented>0</segmented>
	<object>
		<name>1</name>
		<pose>Unspecified</pose>
		<truncated>0</truncated>
		<difficult>0</difficult>
		<rectangle>
			<xmin>2073</xmin>
			<ymin>548</ymin>
			<xmax>2178</xmax>
			<ymax>781</ymax>
		</rectangle>
	</object>
	<object>
		<name>3</name>
		<pose>Unspecified</pose>
		<truncated>0</truncated>
		<difficult>0</difficult>
		<rectangle>
			<xmin>959</xmin>
			<ymin>410</ymin>
			<xmax>1162</xmax>
			<ymax>1043</ymax>
		</rectangle>
	</object>
	<object>
		<name>4</name>
		<pose>Unspecified</pose>
		<truncated>0</truncated>
		<difficult>0</difficult>
		<rectangle>
			<xmin>859</xmin>
			<ymin>438</ymin>
			<xmax>958</xmax>
			<ymax>787</ymax>
		</rectangle>
	</object>
	<object>
		<name>5</name>
		<pose>Unspecified</pose>
		<truncated>0</truncated>
		<difficult>0</difficult>
		<rectangle>
			<xmin>2276</xmin>
			<ymin>569</ymin>
			<xmax>2438</xmax>
			<ymax>969</ymax>
		</rectangle>
	</object>
	<object>
		<name>7</name>
		<pose>Unspecified</pose>
		<truncated>0</truncated>
		<difficult>0</difficult>
		<rectangle>
			<xmin>1565</xmin>
			<ymin>509</ymin>
			<xmax>1653</xmax>
			<ymax>728</ymax>
		</rectangle>
	</object>
	<object>
		<name>8</name>
		<pose>Unspecified</pose>
		<truncated>0</truncated>
		<difficult>0</difficult>
		<rectangle>
			<xmin>1192</xmin>
			<ymin>489</ymin>
			<xmax>1268</xmax>
			<ymax>698</ymax>
		</rectangle>
	</object>
</annotation>
