<annotation>
	<folder>V0-S_canteen_0-G_1_hor</folder>
	<filename>0404.jpg</filename>
	<source>
		<database>My Database</database>
		<annotation>VOC2007</annotation>
		<image>flickr</image>
		<flickrid>NULL</flickrid>
	</source>
	<owner>
		<flickrid>NULL</flickrid>
		<name>dcx</name>
	</owner>
	<size>
		<width>2704</width>
		<height>1520</height>
		<depth>3</depth>
	</size>
	<segmented>0</segmented>
	<object>
		<name>1</name>
		<pose>Unspecified</pose>
		<truncated>0</truncated>
		<difficult>0</difficult>
		<rectangle>
			<xmin>2075</xmin>
			<ymin>546</ymin>
			<xmax>2178</xmax>
			<ymax>780</ymax>
		</rectangle>
	</object>
	<object>
		<name>3</name>
		<pose>Unspecified</pose>
		<truncated>0</truncated>
		<difficult>0</difficult>
		<rectangle>
			<xmin>967</xmin>
			<ymin>407</ymin>
			<xmax>1165</xmax>
			<ymax>1041</ymax>
		</rectangle>
	</object>
	<object>
		<name>4</name>
		<pose>Unspecified</pose>
		<truncated>0</truncated>
		<difficult>0</difficult>
		<rectangle>
			<xmin>864</xmin>
			<ymin>437</ymin>
			<xmax>963</xmax>
			<ymax>786</ymax>
		</rectangle>
	</object>
	<object>
		<name>5</name>
		<pose>Unspecified</pose>
		<truncated>0</truncated>
		<difficult>0</difficult>
		<rectangle>
			<xmin>2277</xmin>
			<ymin>567</ymin>
			<xmax>2439</xmax>
			<ymax>967</ymax>
		</rectangle>
	</object>
	<object>
		<name>7</name>
		<pose>Unspecified</pose>
		<truncated>0</truncated>
		<difficult>0</difficult>
		<rectangle>
			<xmin>1565</xmin>
			<ymin>509</ymin>
			<xmax>1652</xmax>
			<ymax>726</ymax>
		</rectangle>
	</object>
	<object>
		<name>8</name>
		<pose>Unspecified</pose>
		<truncated>0</truncated>
		<difficult>0</difficult>
		<rectangle>
			<xmin>1185</xmin>
			<ymin>488</ymin>
			<xmax>1266</xmax>
			<ymax>696</ymax>
		</rectangle>
	</object>
</annotation>
