<annotation>
	<folder>V0-S_canteen_0-G_1_hor</folder>
	<filename>0406.jpg</filename>
	<source>
		<database>My Database</database>
		<annotation>VOC2007</annotation>
		<image>flickr</image>
		<flickrid>NULL</flickrid>
	</source>
	<owner>
		<flickrid>NULL</flickrid>
		<name>dcx</name>
	</owner>
	<size>
		<width>2704</width>
		<height>1520</height>
		<depth>3</depth>
	</size>
	<segmented>0</segmented>
	<object>
		<name>4</name>
		<pose>Unspecified</pose>
		<truncated>0</truncated>
		<difficult>0</difficult>
		<rectangle>
			<xmin>874</xmin>
			<ymin>434</ymin>
			<xmax>974</xmax>
			<ymax>783</ymax>
		</rectangle>
	</object>
	<object>
		<name>7</name>
		<pose>Unspecified</pose>
		<truncated>0</truncated>
		<difficult>0</difficult>
		<rectangle>
			<xmin>1565</xmin>
			<ymin>509</ymin>
			<xmax>1650</xmax>
			<ymax>724</ymax>
		</rectangle>
	</object>
	<object>
		<name>3</name>
		<pose>Unspecified</pose>
		<truncated>0</truncated>
		<difficult>0</difficult>
		<rectangle>
			<xmin>981</xmin>
			<ymin>399</ymin>
			<xmax>1170</xmax>
			<ymax>1038</ymax>
		</rectangle>
	</object>
	<object>
		<name>5</name>
		<pose>Unspecified</pose>
		<truncated>0</truncated>
		<difficult>0</difficult>
		<rectangle>
			<xmin>2280</xmin>
			<ymin>562</ymin>
			<xmax>2439</xmax>
			<ymax>962</ymax>
		</rectangle>
	</object>
	<object>
		<name>1</name>
		<pose>Unspecified</pose>
		<truncated>0</truncated>
		<difficult>0</difficult>
		<rectangle>
			<xmin>2077</xmin>
			<ymin>542</ymin>
			<xmax>2180</xmax>
			<ymax>777</ymax>
		</rectangle>
	</object>
	<object>
		<name>8</name>
		<pose>Unspecified</pose>
		<truncated>0</truncated>
		<difficult>0</difficult>
		<rectangle>
			<xmin>1171</xmin>
			<ymin>484</ymin>
			<xmax>1263</xmax>
			<ymax>693</ymax>
		</rectangle>
	</object>
</annotation>
