<annotation>
	<folder>V0-S_canteen_0-G_1_hor</folder>
	<filename>0407.jpg</filename>
	<source>
		<database>My Database</database>
		<annotation>VOC2007</annotation>
		<image>flickr</image>
		<flickrid>NULL</flickrid>
	</source>
	<owner>
		<flickrid>NULL</flickrid>
		<name>dcx</name>
	</owner>
	<size>
		<width>2704</width>
		<height>1520</height>
		<depth>3</depth>
	</size>
	<segmented>0</segmented>
	<object>
		<name>1</name>
		<pose>Unspecified</pose>
		<truncated>0</truncated>
		<difficult>0</difficult>
		<rectangle>
			<xmin>2076</xmin>
			<ymin>541</ymin>
			<xmax>2180</xmax>
			<ymax>777</ymax>
		</rectangle>
	</object>
	<object>
		<name>3</name>
		<pose>Unspecified</pose>
		<truncated>0</truncated>
		<difficult>0</difficult>
		<rectangle>
			<xmin>982</xmin>
			<ymin>400</ymin>
			<xmax>1173</xmax>
			<ymax>1037</ymax>
		</rectangle>
	</object>
	<object>
		<name>4</name>
		<pose>Unspecified</pose>
		<truncated>0</truncated>
		<difficult>0</difficult>
		<rectangle>
			<xmin>877</xmin>
			<ymin>435</ymin>
			<xmax>982</xmax>
			<ymax>783</ymax>
		</rectangle>
	</object>
	<object>
		<name>5</name>
		<pose>Unspecified</pose>
		<truncated>0</truncated>
		<difficult>0</difficult>
		<rectangle>
			<xmin>2280</xmin>
			<ymin>562</ymin>
			<xmax>2438</xmax>
			<ymax>958</ymax>
		</rectangle>
	</object>
	<object>
		<name>7</name>
		<pose>Unspecified</pose>
		<truncated>0</truncated>
		<difficult>0</difficult>
		<rectangle>
			<xmin>1564</xmin>
			<ymin>507</ymin>
			<xmax>1646</xmax>
			<ymax>723</ymax>
		</rectangle>
	</object>
	<object>
		<name>8</name>
		<pose>Unspecified</pose>
		<truncated>0</truncated>
		<difficult>0</difficult>
		<rectangle>
			<xmin>1169</xmin>
			<ymin>483</ymin>
			<xmax>1254</xmax>
			<ymax>693</ymax>
		</rectangle>
	</object>
</annotation>
