<annotation>
	<folder>V0-S_canteen_0-G_1_hor</folder>
	<filename>0409.jpg</filename>
	<source>
		<database>My Database</database>
		<annotation>VOC2007</annotation>
		<image>flickr</image>
		<flickrid>NULL</flickrid>
	</source>
	<owner>
		<flickrid>NULL</flickrid>
		<name>dcx</name>
	</owner>
	<size>
		<width>2704</width>
		<height>1520</height>
		<depth>3</depth>
	</size>
	<segmented>0</segmented>
	<object>
		<name>1</name>
		<pose>Unspecified</pose>
		<truncated>0</truncated>
		<difficult>0</difficult>
		<rectangle>
			<xmin>2074</xmin>
			<ymin>540</ymin>
			<xmax>2179</xmax>
			<ymax>777</ymax>
		</rectangle>
	</object>
	<object>
		<name>3</name>
		<pose>Unspecified</pose>
		<truncated>0</truncated>
		<difficult>0</difficult>
		<rectangle>
			<xmin>983</xmin>
			<ymin>403</ymin>
			<xmax>1179</xmax>
			<ymax>1036</ymax>
		</rectangle>
	</object>
	<object>
		<name>4</name>
		<pose>Unspecified</pose>
		<truncated>0</truncated>
		<difficult>0</difficult>
		<rectangle>
			<xmin>882</xmin>
			<ymin>438</ymin>
			<xmax>998</xmax>
			<ymax>783</ymax>
		</rectangle>
	</object>
	<object>
		<name>5</name>
		<pose>Unspecified</pose>
		<truncated>0</truncated>
		<difficult>0</difficult>
		<rectangle>
			<xmin>2281</xmin>
			<ymin>561</ymin>
			<xmax>2437</xmax>
			<ymax>950</ymax>
		</rectangle>
	</object>
	<object>
		<name>7</name>
		<pose>Unspecified</pose>
		<truncated>0</truncated>
		<difficult>0</difficult>
		<rectangle>
			<xmin>1563</xmin>
			<ymin>504</ymin>
			<xmax>1639</xmax>
			<ymax>720</ymax>
		</rectangle>
	</object>
	<object>
		<name>8</name>
		<pose>Unspecified</pose>
		<truncated>0</truncated>
		<difficult>0</difficult>
		<rectangle>
			<xmin>1164</xmin>
			<ymin>481</ymin>
			<xmax>1235</xmax>
			<ymax>693</ymax>
		</rectangle>
	</object>
</annotation>
