<annotation>
	<folder>V0-S_canteen_0-G_1_hor</folder>
	<filename>0410.jpg</filename>
	<source>
		<database>My Database</database>
		<annotation>VOC2007</annotation>
		<image>flickr</image>
		<flickrid>NULL</flickrid>
	</source>
	<owner>
		<flickrid>NULL</flickrid>
		<name>dcx</name>
	</owner>
	<size>
		<width>2704</width>
		<height>1520</height>
		<depth>3</depth>
	</size>
	<segmented>0</segmented>
	<object>
		<name>1</name>
		<pose>Unspecified</pose>
		<truncated>0</truncated>
		<difficult>0</difficult>
		<rectangle>
			<xmin>2073</xmin>
			<ymin>540</ymin>
			<xmax>2179</xmax>
			<ymax>777</ymax>
		</rectangle>
	</object>
	<object>
		<name>3</name>
		<pose>Unspecified</pose>
		<truncated>0</truncated>
		<difficult>0</difficult>
		<rectangle>
			<xmin>984</xmin>
			<ymin>405</ymin>
			<xmax>1182</xmax>
			<ymax>1036</ymax>
		</rectangle>
	</object>
	<object>
		<name>4</name>
		<pose>Unspecified</pose>
		<truncated>0</truncated>
		<difficult>0</difficult>
		<rectangle>
			<xmin>885</xmin>
			<ymin>440</ymin>
			<xmax>1006</xmax>
			<ymax>783</ymax>
		</rectangle>
	</object>
	<object>
		<name>5</name>
		<pose>Unspecified</pose>
		<truncated>0</truncated>
		<difficult>0</difficult>
		<rectangle>
			<xmin>2282</xmin>
			<ymin>561</ymin>
			<xmax>2437</xmax>
			<ymax>946</ymax>
		</rectangle>
	</object>
	<object>
		<name>7</name>
		<pose>Unspecified</pose>
		<truncated>0</truncated>
		<difficult>0</difficult>
		<rectangle>
			<xmin>1562</xmin>
			<ymin>502</ymin>
			<xmax>1636</xmax>
			<ymax>718</ymax>
		</rectangle>
	</object>
	<object>
		<name>8</name>
		<pose>Unspecified</pose>
		<truncated>0</truncated>
		<difficult>0</difficult>
		<rectangle>
			<xmin>1162</xmin>
			<ymin>480</ymin>
			<xmax>1225</xmax>
			<ymax>693</ymax>
		</rectangle>
	</object>
</annotation>
