<annotation>
	<folder>V0-S_canteen_0-G_1_hor</folder>
	<filename>0413.jpg</filename>
	<source>
		<database>My Database</database>
		<annotation>VOC2007</annotation>
		<image>flickr</image>
		<flickrid>NULL</flickrid>
	</source>
	<owner>
		<flickrid>NULL</flickrid>
		<name>dcx</name>
	</owner>
	<size>
		<width>2704</width>
		<height>1520</height>
		<depth>3</depth>
	</size>
	<segmented>0</segmented>
	<object>
		<name>1</name>
		<pose>Unspecified</pose>
		<truncated>0</truncated>
		<difficult>0</difficult>
		<rectangle>
			<xmin>2072</xmin>
			<ymin>539</ymin>
			<xmax>2177</xmax>
			<ymax>774</ymax>
		</rectangle>
	</object>
	<object>
		<name>3</name>
		<pose>Unspecified</pose>
		<truncated>0</truncated>
		<difficult>0</difficult>
		<rectangle>
			<xmin>985</xmin>
			<ymin>411</ymin>
			<xmax>1218</xmax>
			<ymax>1035</ymax>
		</rectangle>
	</object>
	<object>
		<name>4</name>
		<pose>Unspecified</pose>
		<truncated>0</truncated>
		<difficult>0</difficult>
		<rectangle>
			<xmin>889</xmin>
			<ymin>444</ymin>
			<xmax>1016</xmax>
			<ymax>777</ymax>
		</rectangle>
	</object>
	<object>
		<name>5</name>
		<pose>Unspecified</pose>
		<truncated>0</truncated>
		<difficult>0</difficult>
		<rectangle>
			<xmin>2280</xmin>
			<ymin>562</ymin>
			<xmax>2436</xmax>
			<ymax>941</ymax>
		</rectangle>
	</object>
	<object>
		<name>7</name>
		<pose>Unspecified</pose>
		<truncated>0</truncated>
		<difficult>0</difficult>
		<rectangle>
			<xmin>1561</xmin>
			<ymin>500</ymin>
			<xmax>1625</xmax>
			<ymax>714</ymax>
		</rectangle>
	</object>
</annotation>
