<annotation>
	<folder>V0-S_canteen_0-G_1_hor</folder>
	<filename>0415.jpg</filename>
	<source>
		<database>My Database</database>
		<annotation>VOC2007</annotation>
		<image>flickr</image>
		<flickrid>NULL</flickrid>
	</source>
	<owner>
		<flickrid>NULL</flickrid>
		<name>dcx</name>
	</owner>
	<size>
		<width>2704</width>
		<height>1520</height>
		<depth>3</depth>
	</size>
	<segmented>0</segmented>
	<object>
		<name>1</name>
		<pose>Unspecified</pose>
		<truncated>0</truncated>
		<difficult>0</difficult>
		<rectangle>
			<xmin>2072</xmin>
			<ymin>539</ymin>
			<xmax>2176</xmax>
			<ymax>771</ymax>
		</rectangle>
	</object>
	<object>
		<name>3</name>
		<pose>Unspecified</pose>
		<truncated>0</truncated>
		<difficult>0</difficult>
		<rectangle>
			<xmin>985</xmin>
			<ymin>416</ymin>
			<xmax>1251</xmax>
			<ymax>1035</ymax>
		</rectangle>
	</object>
	<object>
		<name>4</name>
		<pose>Unspecified</pose>
		<truncated>0</truncated>
		<difficult>0</difficult>
		<rectangle>
			<xmin>890</xmin>
			<ymin>447</ymin>
			<xmax>1019</xmax>
			<ymax>772</ymax>
		</rectangle>
	</object>
	<object>
		<name>5</name>
		<pose>Unspecified</pose>
		<truncated>0</truncated>
		<difficult>0</difficult>
		<rectangle>
			<xmin>2278</xmin>
			<ymin>563</ymin>
			<xmax>2437</xmax>
			<ymax>940</ymax>
		</rectangle>
	</object>
	<object>
		<name>7</name>
		<pose>Unspecified</pose>
		<truncated>0</truncated>
		<difficult>0</difficult>
		<rectangle>
			<xmin>1560</xmin>
			<ymin>501</ymin>
			<xmax>1618</xmax>
			<ymax>711</ymax>
		</rectangle>
	</object>
</annotation>
