<annotation>
	<folder>V0-S_canteen_0-G_1_hor</folder>
	<filename>0416.jpg</filename>
	<source>
		<database>My Database</database>
		<annotation>VOC2007</annotation>
		<image>flickr</image>
		<flickrid>NULL</flickrid>
	</source>
	<owner>
		<flickrid>NULL</flickrid>
		<name>dcx</name>
	</owner>
	<size>
		<width>2704</width>
		<height>1520</height>
		<depth>3</depth>
	</size>
	<segmented>0</segmented>
	<object>
		<name>4</name>
		<pose>Unspecified</pose>
		<truncated>0</truncated>
		<difficult>0</difficult>
		<rectangle>
			<xmin>891</xmin>
			<ymin>448</ymin>
			<xmax>1020</xmax>
			<ymax>769</ymax>
		</rectangle>
	</object>
	<object>
		<name>7</name>
		<pose>Unspecified</pose>
		<truncated>0</truncated>
		<difficult>0</difficult>
		<rectangle>
			<xmin>1560</xmin>
			<ymin>501</ymin>
			<xmax>1615</xmax>
			<ymax>710</ymax>
		</rectangle>
	</object>
	<object>
		<name>3</name>
		<pose>Unspecified</pose>
		<truncated>0</truncated>
		<difficult>0</difficult>
		<rectangle>
			<xmin>985</xmin>
			<ymin>418</ymin>
			<xmax>1268</xmax>
			<ymax>1035</ymax>
		</rectangle>
	</object>
	<object>
		<name>5</name>
		<pose>Unspecified</pose>
		<truncated>0</truncated>
		<difficult>0</difficult>
		<rectangle>
			<xmin>2277</xmin>
			<ymin>563</ymin>
			<xmax>2437</xmax>
			<ymax>940</ymax>
		</rectangle>
	</object>
	<object>
		<name>1</name>
		<pose>Unspecified</pose>
		<truncated>0</truncated>
		<difficult>0</difficult>
		<rectangle>
			<xmin>2072</xmin>
			<ymin>539</ymin>
			<xmax>2175</xmax>
			<ymax>770</ymax>
		</rectangle>
	</object>
</annotation>
