<annotation>
	<folder>V0-S_canteen_0-G_1_hor</folder>
	<filename>0417.jpg</filename>
	<source>
		<database>My Database</database>
		<annotation>VOC2007</annotation>
		<image>flickr</image>
		<flickrid>NULL</flickrid>
	</source>
	<owner>
		<flickrid>NULL</flickrid>
		<name>dcx</name>
	</owner>
	<size>
		<width>2704</width>
		<height>1520</height>
		<depth>3</depth>
	</size>
	<segmented>0</segmented>
	<object>
		<name>1</name>
		<pose>Unspecified</pose>
		<truncated>0</truncated>
		<difficult>0</difficult>
		<rectangle>
			<xmin>2073</xmin>
			<ymin>537</ymin>
			<xmax>2176</xmax>
			<ymax>768</ymax>
		</rectangle>
	</object>
	<object>
		<name>3</name>
		<pose>Unspecified</pose>
		<truncated>0</truncated>
		<difficult>0</difficult>
		<rectangle>
			<xmin>990</xmin>
			<ymin>415</ymin>
			<xmax>1272</xmax>
			<ymax>1035</ymax>
		</rectangle>
	</object>
	<object>
		<name>4</name>
		<pose>Unspecified</pose>
		<truncated>0</truncated>
		<difficult>0</difficult>
		<rectangle>
			<xmin>900</xmin>
			<ymin>443</ymin>
			<xmax>1023</xmax>
			<ymax>766</ymax>
		</rectangle>
	</object>
	<object>
		<name>5</name>
		<pose>Unspecified</pose>
		<truncated>0</truncated>
		<difficult>0</difficult>
		<rectangle>
			<xmin>2280</xmin>
			<ymin>560</ymin>
			<xmax>2439</xmax>
			<ymax>935</ymax>
		</rectangle>
	</object>
	<object>
		<name>7</name>
		<pose>Unspecified</pose>
		<truncated>0</truncated>
		<difficult>0</difficult>
		<rectangle>
			<xmin>1559</xmin>
			<ymin>498</ymin>
			<xmax>1614</xmax>
			<ymax>708</ymax>
		</rectangle>
	</object>
</annotation>
