<annotation>
	<folder>V0-S_canteen_0-G_1_hor</folder>
	<filename>0421.jpg</filename>
	<source>
		<database>My Database</database>
		<annotation>VOC2007</annotation>
		<image>flickr</image>
		<flickrid>NULL</flickrid>
	</source>
	<owner>
		<flickrid>NULL</flickrid>
		<name>dcx</name>
	</owner>
	<size>
		<width>2704</width>
		<height>1520</height>
		<depth>3</depth>
	</size>
	<segmented>0</segmented>
	<object>
		<name>6</name>
		<pose>Unspecified</pose>
		<truncated>0</truncated>
		<difficult>0</difficult>
		<rectangle>
			<xmin>1014</xmin>
			<ymin>428</ymin>
			<xmax>1139</xmax>
			<ymax>796</ymax>
		</rectangle>
	</object>
	<object>
		<name>4</name>
		<pose>Unspecified</pose>
		<truncated>0</truncated>
		<difficult>0</difficult>
		<rectangle>
			<xmin>934</xmin>
			<ymin>424</ymin>
			<xmax>1033</xmax>
			<ymax>755</ymax>
		</rectangle>
	</object>
	<object>
		<name>7</name>
		<pose>Unspecified</pose>
		<truncated>0</truncated>
		<difficult>0</difficult>
		<rectangle>
			<xmin>1555</xmin>
			<ymin>484</ymin>
			<xmax>1612</xmax>
			<ymax>700</ymax>
		</rectangle>
	</object>
	<object>
		<name>3</name>
		<pose>Unspecified</pose>
		<truncated>0</truncated>
		<difficult>0</difficult>
		<rectangle>
			<xmin>1009</xmin>
			<ymin>405</ymin>
			<xmax>1287</xmax>
			<ymax>1035</ymax>
		</rectangle>
	</object>
	<object>
		<name>5</name>
		<pose>Unspecified</pose>
		<truncated>0</truncated>
		<difficult>0</difficult>
		<rectangle>
			<xmin>2294</xmin>
			<ymin>550</ymin>
			<xmax>2446</xmax>
			<ymax>916</ymax>
		</rectangle>
	</object>
	<object>
		<name>1</name>
		<pose>Unspecified</pose>
		<truncated>0</truncated>
		<difficult>0</difficult>
		<rectangle>
			<xmin>2077</xmin>
			<ymin>528</ymin>
			<xmax>2182</xmax>
			<ymax>761</ymax>
		</rectangle>
	</object>
</annotation>
