<annotation>
	<folder>V0-S_canteen_0-G_1_hor</folder>
	<filename>0422.jpg</filename>
	<source>
		<database>My Database</database>
		<annotation>VOC2007</annotation>
		<image>flickr</image>
		<flickrid>NULL</flickrid>
	</source>
	<owner>
		<flickrid>NULL</flickrid>
		<name>dcx</name>
	</owner>
	<size>
		<width>2704</width>
		<height>1520</height>
		<depth>3</depth>
	</size>
	<segmented>0</segmented>
	<object>
		<name>1</name>
		<pose>Unspecified</pose>
		<truncated>0</truncated>
		<difficult>0</difficult>
		<rectangle>
			<xmin>2081</xmin>
			<ymin>523</ymin>
			<xmax>2187</xmax>
			<ymax>756</ymax>
		</rectangle>
	</object>
	<object>
		<name>3</name>
		<pose>Unspecified</pose>
		<truncated>0</truncated>
		<difficult>0</difficult>
		<rectangle>
			<xmin>1034</xmin>
			<ymin>400</ymin>
			<xmax>1299</xmax>
			<ymax>1031</ymax>
		</rectangle>
	</object>
	<object>
		<name>5</name>
		<pose>Unspecified</pose>
		<truncated>0</truncated>
		<difficult>0</difficult>
		<rectangle>
			<xmin>2298</xmin>
			<ymin>544</ymin>
			<xmax>2453</xmax>
			<ymax>909</ymax>
		</rectangle>
	</object>
	<object>
		<name>6</name>
		<pose>Unspecified</pose>
		<truncated>0</truncated>
		<difficult>0</difficult>
		<rectangle>
			<xmin>1011</xmin>
			<ymin>421</ymin>
			<xmax>1137</xmax>
			<ymax>792</ymax>
		</rectangle>
	</object>
	<object>
		<name>7</name>
		<pose>Unspecified</pose>
		<truncated>0</truncated>
		<difficult>0</difficult>
		<rectangle>
			<xmin>1551</xmin>
			<ymin>479</ymin>
			<xmax>1614</xmax>
			<ymax>695</ymax>
		</rectangle>
	</object>
</annotation>
