<annotation>
	<folder>V0-S_canteen_0-G_1_hor</folder>
	<filename>0424.jpg</filename>
	<source>
		<database>My Database</database>
		<annotation>VOC2007</annotation>
		<image>flickr</image>
		<flickrid>NULL</flickrid>
	</source>
	<owner>
		<flickrid>NULL</flickrid>
		<name>dcx</name>
	</owner>
	<size>
		<width>2704</width>
		<height>1520</height>
		<depth>3</depth>
	</size>
	<segmented>0</segmented>
	<object>
		<name>1</name>
		<pose>Unspecified</pose>
		<truncated>0</truncated>
		<difficult>0</difficult>
		<rectangle>
			<xmin>2090</xmin>
			<ymin>512</ymin>
			<xmax>2197</xmax>
			<ymax>745</ymax>
		</rectangle>
	</object>
	<object>
		<name>3</name>
		<pose>Unspecified</pose>
		<truncated>0</truncated>
		<difficult>0</difficult>
		<rectangle>
			<xmin>1085</xmin>
			<ymin>391</ymin>
			<xmax>1322</xmax>
			<ymax>1023</ymax>
		</rectangle>
	</object>
	<object>
		<name>5</name>
		<pose>Unspecified</pose>
		<truncated>0</truncated>
		<difficult>0</difficult>
		<rectangle>
			<xmin>2306</xmin>
			<ymin>531</ymin>
			<xmax>2468</xmax>
			<ymax>894</ymax>
		</rectangle>
	</object>
	<object>
		<name>6</name>
		<pose>Unspecified</pose>
		<truncated>0</truncated>
		<difficult>0</difficult>
		<rectangle>
			<xmin>1006</xmin>
			<ymin>406</ymin>
			<xmax>1132</xmax>
			<ymax>783</ymax>
		</rectangle>
	</object>
	<object>
		<name>7</name>
		<pose>Unspecified</pose>
		<truncated>0</truncated>
		<difficult>0</difficult>
		<rectangle>
			<xmin>1544</xmin>
			<ymin>468</ymin>
			<xmax>1617</xmax>
			<ymax>684</ymax>
		</rectangle>
	</object>
</annotation>
