<annotation>
	<folder>V0-S_canteen_0-G_1_hor</folder>
	<filename>0425.jpg</filename>
	<source>
		<database>My Database</database>
		<annotation>VOC2007</annotation>
		<image>flickr</image>
		<flickrid>NULL</flickrid>
	</source>
	<owner>
		<flickrid>NULL</flickrid>
		<name>dcx</name>
	</owner>
	<size>
		<width>2704</width>
		<height>1520</height>
		<depth>3</depth>
	</size>
	<segmented>0</segmented>
	<object>
		<name>1</name>
		<pose>Unspecified</pose>
		<truncated>0</truncated>
		<difficult>0</difficult>
		<rectangle>
			<xmin>2094</xmin>
			<ymin>507</ymin>
			<xmax>2202</xmax>
			<ymax>740</ymax>
		</rectangle>
	</object>
	<object>
		<name>3</name>
		<pose>Unspecified</pose>
		<truncated>0</truncated>
		<difficult>0</difficult>
		<rectangle>
			<xmin>1111</xmin>
			<ymin>386</ymin>
			<xmax>1333</xmax>
			<ymax>1019</ymax>
		</rectangle>
	</object>
	<object>
		<name>5</name>
		<pose>Unspecified</pose>
		<truncated>0</truncated>
		<difficult>0</difficult>
		<rectangle>
			<xmin>2310</xmin>
			<ymin>524</ymin>
			<xmax>2476</xmax>
			<ymax>886</ymax>
		</rectangle>
	</object>
	<object>
		<name>6</name>
		<pose>Unspecified</pose>
		<truncated>0</truncated>
		<difficult>0</difficult>
		<rectangle>
			<xmin>1004</xmin>
			<ymin>398</ymin>
			<xmax>1130</xmax>
			<ymax>779</ymax>
		</rectangle>
	</object>
	<object>
		<name>7</name>
		<pose>Unspecified</pose>
		<truncated>0</truncated>
		<difficult>0</difficult>
		<rectangle>
			<xmin>1541</xmin>
			<ymin>463</ymin>
			<xmax>1619</xmax>
			<ymax>678</ymax>
		</rectangle>
	</object>
</annotation>
