<annotation>
	<folder>V0-S_canteen_0-G_1_hor</folder>
	<filename>0426.jpg</filename>
	<source>
		<database>My Database</database>
		<annotation>VOC2007</annotation>
		<image>flickr</image>
		<flickrid>NULL</flickrid>
	</source>
	<owner>
		<flickrid>NULL</flickrid>
		<name>dcx</name>
	</owner>
	<size>
		<width>2704</width>
		<height>1520</height>
		<depth>3</depth>
	</size>
	<segmented>0</segmented>
	<object>
		<name>6</name>
		<pose>Unspecified</pose>
		<truncated>0</truncated>
		<difficult>0</difficult>
		<rectangle>
			<xmin>1001</xmin>
			<ymin>391</ymin>
			<xmax>1128</xmax>
			<ymax>775</ymax>
		</rectangle>
	</object>
	<object>
		<name>7</name>
		<pose>Unspecified</pose>
		<truncated>0</truncated>
		<difficult>0</difficult>
		<rectangle>
			<xmin>1537</xmin>
			<ymin>458</ymin>
			<xmax>1621</xmax>
			<ymax>673</ymax>
		</rectangle>
	</object>
	<object>
		<name>3</name>
		<pose>Unspecified</pose>
		<truncated>0</truncated>
		<difficult>0</difficult>
		<rectangle>
			<xmin>1136</xmin>
			<ymin>381</ymin>
			<xmax>1345</xmax>
			<ymax>1015</ymax>
		</rectangle>
	</object>
	<object>
		<name>5</name>
		<pose>Unspecified</pose>
		<truncated>0</truncated>
		<difficult>0</difficult>
		<rectangle>
			<xmin>2314</xmin>
			<ymin>518</ymin>
			<xmax>2483</xmax>
			<ymax>879</ymax>
		</rectangle>
	</object>
	<object>
		<name>1</name>
		<pose>Unspecified</pose>
		<truncated>0</truncated>
		<difficult>0</difficult>
		<rectangle>
			<xmin>2098</xmin>
			<ymin>502</ymin>
			<xmax>2207</xmax>
			<ymax>735</ymax>
		</rectangle>
	</object>
</annotation>
