<annotation>
	<folder>V0-S_canteen_0-G_1_hor</folder>
	<filename>0427.jpg</filename>
	<source>
		<database>My Database</database>
		<annotation>VOC2007</annotation>
		<image>flickr</image>
		<flickrid>NULL</flickrid>
	</source>
	<owner>
		<flickrid>NULL</flickrid>
		<name>dcx</name>
	</owner>
	<size>
		<width>2704</width>
		<height>1520</height>
		<depth>3</depth>
	</size>
	<segmented>0</segmented>
	<object>
		<name>1</name>
		<pose>Unspecified</pose>
		<truncated>0</truncated>
		<difficult>0</difficult>
		<rectangle>
			<xmin>2102</xmin>
			<ymin>496</ymin>
			<xmax>2212</xmax>
			<ymax>730</ymax>
		</rectangle>
	</object>
	<object>
		<name>3</name>
		<pose>Unspecified</pose>
		<truncated>0</truncated>
		<difficult>0</difficult>
		<rectangle>
			<xmin>1153</xmin>
			<ymin>379</ymin>
			<xmax>1367</xmax>
			<ymax>1016</ymax>
		</rectangle>
	</object>
	<object>
		<name>5</name>
		<pose>Unspecified</pose>
		<truncated>0</truncated>
		<difficult>0</difficult>
		<rectangle>
			<xmin>2319</xmin>
			<ymin>513</ymin>
			<xmax>2489</xmax>
			<ymax>876</ymax>
		</rectangle>
	</object>
	<object>
		<name>6</name>
		<pose>Unspecified</pose>
		<truncated>0</truncated>
		<difficult>0</difficult>
		<rectangle>
			<xmin>989</xmin>
			<ymin>389</ymin>
			<xmax>1125</xmax>
			<ymax>773</ymax>
		</rectangle>
	</object>
	<object>
		<name>7</name>
		<pose>Unspecified</pose>
		<truncated>0</truncated>
		<difficult>0</difficult>
		<rectangle>
			<xmin>1538</xmin>
			<ymin>453</ymin>
			<xmax>1623</xmax>
			<ymax>669</ymax>
		</rectangle>
	</object>
</annotation>
