<annotation>
	<folder>V0-S_canteen_0-G_1_hor</folder>
	<filename>0428.jpg</filename>
	<source>
		<database>My Database</database>
		<annotation>VOC2007</annotation>
		<image>flickr</image>
		<flickrid>NULL</flickrid>
	</source>
	<owner>
		<flickrid>NULL</flickrid>
		<name>dcx</name>
	</owner>
	<size>
		<width>2704</width>
		<height>1520</height>
		<depth>3</depth>
	</size>
	<segmented>0</segmented>
	<object>
		<name>1</name>
		<pose>Unspecified</pose>
		<truncated>0</truncated>
		<difficult>0</difficult>
		<rectangle>
			<xmin>2106</xmin>
			<ymin>490</ymin>
			<xmax>2217</xmax>
			<ymax>725</ymax>
		</rectangle>
	</object>
	<object>
		<name>3</name>
		<pose>Unspecified</pose>
		<truncated>0</truncated>
		<difficult>0</difficult>
		<rectangle>
			<xmin>1169</xmin>
			<ymin>377</ymin>
			<xmax>1388</xmax>
			<ymax>1016</ymax>
		</rectangle>
	</object>
	<object>
		<name>5</name>
		<pose>Unspecified</pose>
		<truncated>0</truncated>
		<difficult>0</difficult>
		<rectangle>
			<xmin>2325</xmin>
			<ymin>507</ymin>
			<xmax>2494</xmax>
			<ymax>872</ymax>
		</rectangle>
	</object>
	<object>
		<name>6</name>
		<pose>Unspecified</pose>
		<truncated>0</truncated>
		<difficult>0</difficult>
		<rectangle>
			<xmin>977</xmin>
			<ymin>387</ymin>
			<xmax>1122</xmax>
			<ymax>772</ymax>
		</rectangle>
	</object>
	<object>
		<name>7</name>
		<pose>Unspecified</pose>
		<truncated>0</truncated>
		<difficult>0</difficult>
		<rectangle>
			<xmin>1538</xmin>
			<ymin>449</ymin>
			<xmax>1625</xmax>
			<ymax>665</ymax>
		</rectangle>
	</object>
</annotation>
