<annotation>
	<folder>V0-S_canteen_0-G_1_hor</folder>
	<filename>0429.jpg</filename>
	<source>
		<database>My Database</database>
		<annotation>VOC2007</annotation>
		<image>flickr</image>
		<flickrid>NULL</flickrid>
	</source>
	<owner>
		<flickrid>NULL</flickrid>
		<name>dcx</name>
	</owner>
	<size>
		<width>2704</width>
		<height>1520</height>
		<depth>3</depth>
	</size>
	<segmented>0</segmented>
	<object>
		<name>1</name>
		<pose>Unspecified</pose>
		<truncated>0</truncated>
		<difficult>0</difficult>
		<rectangle>
			<xmin>2111</xmin>
			<ymin>484</ymin>
			<xmax>2221</xmax>
			<ymax>720</ymax>
		</rectangle>
	</object>
	<object>
		<name>3</name>
		<pose>Unspecified</pose>
		<truncated>0</truncated>
		<difficult>0</difficult>
		<rectangle>
			<xmin>1186</xmin>
			<ymin>374</ymin>
			<xmax>1410</xmax>
			<ymax>1017</ymax>
		</rectangle>
	</object>
	<object>
		<name>5</name>
		<pose>Unspecified</pose>
		<truncated>0</truncated>
		<difficult>0</difficult>
		<rectangle>
			<xmin>2330</xmin>
			<ymin>502</ymin>
			<xmax>2500</xmax>
			<ymax>869</ymax>
		</rectangle>
	</object>
	<object>
		<name>6</name>
		<pose>Unspecified</pose>
		<truncated>0</truncated>
		<difficult>0</difficult>
		<rectangle>
			<xmin>966</xmin>
			<ymin>384</ymin>
			<xmax>1119</xmax>
			<ymax>770</ymax>
		</rectangle>
	</object>
	<object>
		<name>7</name>
		<pose>Unspecified</pose>
		<truncated>0</truncated>
		<difficult>0</difficult>
		<rectangle>
			<xmin>1539</xmin>
			<ymin>444</ymin>
			<xmax>1626</xmax>
			<ymax>662</ymax>
		</rectangle>
	</object>
</annotation>
