<annotation>
	<folder>V0-S_canteen_0-G_1_hor</folder>
	<filename>0430.jpg</filename>
	<source>
		<database>My Database</database>
		<annotation>VOC2007</annotation>
		<image>flickr</image>
		<flickrid>NULL</flickrid>
	</source>
	<owner>
		<flickrid>NULL</flickrid>
		<name>dcx</name>
	</owner>
	<size>
		<width>2704</width>
		<height>1520</height>
		<depth>3</depth>
	</size>
	<segmented>0</segmented>
	<object>
		<name>1</name>
		<pose>Unspecified</pose>
		<truncated>0</truncated>
		<difficult>0</difficult>
		<rectangle>
			<xmin>2115</xmin>
			<ymin>478</ymin>
			<xmax>2226</xmax>
			<ymax>715</ymax>
		</rectangle>
	</object>
	<object>
		<name>3</name>
		<pose>Unspecified</pose>
		<truncated>0</truncated>
		<difficult>0</difficult>
		<rectangle>
			<xmin>1202</xmin>
			<ymin>372</ymin>
			<xmax>1431</xmax>
			<ymax>1017</ymax>
		</rectangle>
	</object>
	<object>
		<name>5</name>
		<pose>Unspecified</pose>
		<truncated>0</truncated>
		<difficult>0</difficult>
		<rectangle>
			<xmin>2336</xmin>
			<ymin>496</ymin>
			<xmax>2505</xmax>
			<ymax>865</ymax>
		</rectangle>
	</object>
	<object>
		<name>6</name>
		<pose>Unspecified</pose>
		<truncated>0</truncated>
		<difficult>0</difficult>
		<rectangle>
			<xmin>954</xmin>
			<ymin>382</ymin>
			<xmax>1116</xmax>
			<ymax>769</ymax>
		</rectangle>
	</object>
	<object>
		<name>7</name>
		<pose>Unspecified</pose>
		<truncated>0</truncated>
		<difficult>0</difficult>
		<rectangle>
			<xmin>1539</xmin>
			<ymin>440</ymin>
			<xmax>1628</xmax>
			<ymax>658</ymax>
		</rectangle>
	</object>
</annotation>
