<annotation>
	<folder>V0-S_canteen_0-G_1_hor</folder>
	<filename>0431.jpg</filename>
	<source>
		<database>My Database</database>
		<annotation>VOC2007</annotation>
		<image>flickr</image>
		<flickrid>NULL</flickrid>
	</source>
	<owner>
		<flickrid>NULL</flickrid>
		<name>dcx</name>
	</owner>
	<size>
		<width>2704</width>
		<height>1520</height>
		<depth>3</depth>
	</size>
	<segmented>0</segmented>
	<object>
		<name>6</name>
		<pose>Unspecified</pose>
		<truncated>0</truncated>
		<difficult>0</difficult>
		<rectangle>
			<xmin>942</xmin>
			<ymin>380</ymin>
			<xmax>1113</xmax>
			<ymax>767</ymax>
		</rectangle>
	</object>
	<object>
		<name>7</name>
		<pose>Unspecified</pose>
		<truncated>0</truncated>
		<difficult>0</difficult>
		<rectangle>
			<xmin>1540</xmin>
			<ymin>435</ymin>
			<xmax>1630</xmax>
			<ymax>654</ymax>
		</rectangle>
	</object>
	<object>
		<name>3</name>
		<pose>Unspecified</pose>
		<truncated>0</truncated>
		<difficult>0</difficult>
		<rectangle>
			<xmin>1219</xmin>
			<ymin>370</ymin>
			<xmax>1453</xmax>
			<ymax>1018</ymax>
		</rectangle>
	</object>
	<object>
		<name>5</name>
		<pose>Unspecified</pose>
		<truncated>0</truncated>
		<difficult>0</difficult>
		<rectangle>
			<xmin>2341</xmin>
			<ymin>491</ymin>
			<xmax>2511</xmax>
			<ymax>862</ymax>
		</rectangle>
	</object>
	<object>
		<name>1</name>
		<pose>Unspecified</pose>
		<truncated>0</truncated>
		<difficult>0</difficult>
		<rectangle>
			<xmin>2119</xmin>
			<ymin>472</ymin>
			<xmax>2231</xmax>
			<ymax>710</ymax>
		</rectangle>
	</object>
</annotation>
