<annotation>
	<folder>V0-S_canteen_0-G_1_hor</folder>
	<filename>0432.jpg</filename>
	<source>
		<database>My Database</database>
		<annotation>VOC2007</annotation>
		<image>flickr</image>
		<flickrid>NULL</flickrid>
	</source>
	<owner>
		<flickrid>NULL</flickrid>
		<name>dcx</name>
	</owner>
	<size>
		<width>2704</width>
		<height>1520</height>
		<depth>3</depth>
	</size>
	<segmented>0</segmented>
	<object>
		<name>1</name>
		<pose>Unspecified</pose>
		<truncated>0</truncated>
		<difficult>0</difficult>
		<rectangle>
			<xmin>2120</xmin>
			<ymin>470</ymin>
			<xmax>2233</xmax>
			<ymax>707</ymax>
		</rectangle>
	</object>
	<object>
		<name>3</name>
		<pose>Unspecified</pose>
		<truncated>0</truncated>
		<difficult>0</difficult>
		<rectangle>
			<xmin>1220</xmin>
			<ymin>369</ymin>
			<xmax>1472</xmax>
			<ymax>1012</ymax>
		</rectangle>
	</object>
	<object>
		<name>5</name>
		<pose>Unspecified</pose>
		<truncated>0</truncated>
		<difficult>0</difficult>
		<rectangle>
			<xmin>2341</xmin>
			<ymin>488</ymin>
			<xmax>2512</xmax>
			<ymax>858</ymax>
		</rectangle>
	</object>
	<object>
		<name>6</name>
		<pose>Unspecified</pose>
		<truncated>0</truncated>
		<difficult>0</difficult>
		<rectangle>
			<xmin>940</xmin>
			<ymin>376</ymin>
			<xmax>1110</xmax>
			<ymax>767</ymax>
		</rectangle>
	</object>
	<object>
		<name>7</name>
		<pose>Unspecified</pose>
		<truncated>0</truncated>
		<difficult>0</difficult>
		<rectangle>
			<xmin>1541</xmin>
			<ymin>432</ymin>
			<xmax>1629</xmax>
			<ymax>651</ymax>
		</rectangle>
	</object>
</annotation>
