<annotation>
	<folder>V0-S_canteen_0-G_1_hor</folder>
	<filename>0433.jpg</filename>
	<source>
		<database>My Database</database>
		<annotation>VOC2007</annotation>
		<image>flickr</image>
		<flickrid>NULL</flickrid>
	</source>
	<owner>
		<flickrid>NULL</flickrid>
		<name>dcx</name>
	</owner>
	<size>
		<width>2704</width>
		<height>1520</height>
		<depth>3</depth>
	</size>
	<segmented>0</segmented>
	<object>
		<name>1</name>
		<pose>Unspecified</pose>
		<truncated>0</truncated>
		<difficult>0</difficult>
		<rectangle>
			<xmin>2121</xmin>
			<ymin>467</ymin>
			<xmax>2235</xmax>
			<ymax>704</ymax>
		</rectangle>
	</object>
	<object>
		<name>3</name>
		<pose>Unspecified</pose>
		<truncated>0</truncated>
		<difficult>0</difficult>
		<rectangle>
			<xmin>1221</xmin>
			<ymin>368</ymin>
			<xmax>1491</xmax>
			<ymax>1007</ymax>
		</rectangle>
	</object>
	<object>
		<name>5</name>
		<pose>Unspecified</pose>
		<truncated>0</truncated>
		<difficult>0</difficult>
		<rectangle>
			<xmin>2341</xmin>
			<ymin>485</ymin>
			<xmax>2512</xmax>
			<ymax>854</ymax>
		</rectangle>
	</object>
	<object>
		<name>6</name>
		<pose>Unspecified</pose>
		<truncated>0</truncated>
		<difficult>0</difficult>
		<rectangle>
			<xmin>938</xmin>
			<ymin>372</ymin>
			<xmax>1107</xmax>
			<ymax>767</ymax>
		</rectangle>
	</object>
	<object>
		<name>7</name>
		<pose>Unspecified</pose>
		<truncated>0</truncated>
		<difficult>0</difficult>
		<rectangle>
			<xmin>1542</xmin>
			<ymin>429</ymin>
			<xmax>1628</xmax>
			<ymax>647</ymax>
		</rectangle>
	</object>
</annotation>
