<annotation>
	<folder>V0-S_canteen_0-G_1_hor</folder>
	<filename>0435.jpg</filename>
	<source>
		<database>My Database</database>
		<annotation>VOC2007</annotation>
		<image>flickr</image>
		<flickrid>NULL</flickrid>
	</source>
	<owner>
		<flickrid>NULL</flickrid>
		<name>dcx</name>
	</owner>
	<size>
		<width>2704</width>
		<height>1520</height>
		<depth>3</depth>
	</size>
	<segmented>0</segmented>
	<object>
		<name>1</name>
		<pose>Unspecified</pose>
		<truncated>0</truncated>
		<difficult>0</difficult>
		<rectangle>
			<xmin>2122</xmin>
			<ymin>462</ymin>
			<xmax>2239</xmax>
			<ymax>698</ymax>
		</rectangle>
	</object>
	<object>
		<name>3</name>
		<pose>Unspecified</pose>
		<truncated>0</truncated>
		<difficult>0</difficult>
		<rectangle>
			<xmin>1224</xmin>
			<ymin>367</ymin>
			<xmax>1529</xmax>
			<ymax>996</ymax>
		</rectangle>
	</object>
	<object>
		<name>5</name>
		<pose>Unspecified</pose>
		<truncated>0</truncated>
		<difficult>0</difficult>
		<rectangle>
			<xmin>2342</xmin>
			<ymin>479</ymin>
			<xmax>2513</xmax>
			<ymax>847</ymax>
		</rectangle>
	</object>
	<object>
		<name>6</name>
		<pose>Unspecified</pose>
		<truncated>0</truncated>
		<difficult>0</difficult>
		<rectangle>
			<xmin>933</xmin>
			<ymin>364</ymin>
			<xmax>1101</xmax>
			<ymax>768</ymax>
		</rectangle>
	</object>
	<object>
		<name>7</name>
		<pose>Unspecified</pose>
		<truncated>0</truncated>
		<difficult>0</difficult>
		<rectangle>
			<xmin>1543</xmin>
			<ymin>423</ymin>
			<xmax>1625</xmax>
			<ymax>640</ymax>
		</rectangle>
	</object>
</annotation>
