<annotation>
	<folder>V0-S_canteen_0-G_1_hor</folder>
	<filename>0436.jpg</filename>
	<source>
		<database>My Database</database>
		<annotation>VOC2007</annotation>
		<image>flickr</image>
		<flickrid>NULL</flickrid>
	</source>
	<owner>
		<flickrid>NULL</flickrid>
		<name>dcx</name>
	</owner>
	<size>
		<width>2704</width>
		<height>1520</height>
		<depth>3</depth>
	</size>
	<segmented>0</segmented>
	<object>
		<name>6</name>
		<pose>Unspecified</pose>
		<truncated>0</truncated>
		<difficult>0</difficult>
		<rectangle>
			<xmin>931</xmin>
			<ymin>360</ymin>
			<xmax>1098</xmax>
			<ymax>768</ymax>
		</rectangle>
	</object>
	<object>
		<name>4</name>
		<pose>Unspecified</pose>
		<truncated>0</truncated>
		<difficult>0</difficult>
		<rectangle>
			<xmin>1027</xmin>
			<ymin>383</ymin>
			<xmax>1131</xmax>
			<ymax>702</ymax>
		</rectangle>
	</object>
	<object>
		<name>7</name>
		<pose>Unspecified</pose>
		<truncated>0</truncated>
		<difficult>0</difficult>
		<rectangle>
			<xmin>1544</xmin>
			<ymin>420</ymin>
			<xmax>1624</xmax>
			<ymax>637</ymax>
		</rectangle>
	</object>
	<object>
		<name>3</name>
		<pose>Unspecified</pose>
		<truncated>0</truncated>
		<difficult>0</difficult>
		<rectangle>
			<xmin>1225</xmin>
			<ymin>366</ymin>
			<xmax>1548</xmax>
			<ymax>990</ymax>
		</rectangle>
	</object>
	<object>
		<name>5</name>
		<pose>Unspecified</pose>
		<truncated>0</truncated>
		<difficult>0</difficult>
		<rectangle>
			<xmin>2342</xmin>
			<ymin>476</ymin>
			<xmax>2514</xmax>
			<ymax>843</ymax>
		</rectangle>
	</object>
	<object>
		<name>1</name>
		<pose>Unspecified</pose>
		<truncated>0</truncated>
		<difficult>0</difficult>
		<rectangle>
			<xmin>2123</xmin>
			<ymin>460</ymin>
			<xmax>2241</xmax>
			<ymax>695</ymax>
		</rectangle>
	</object>
</annotation>
