<annotation>
	<folder>V0-S_canteen_0-G_1_hor</folder>
	<filename>0437.jpg</filename>
	<source>
		<database>My Database</database>
		<annotation>VOC2007</annotation>
		<image>flickr</image>
		<flickrid>NULL</flickrid>
	</source>
	<owner>
		<flickrid>NULL</flickrid>
		<name>dcx</name>
	</owner>
	<size>
		<width>2704</width>
		<height>1520</height>
		<depth>3</depth>
	</size>
	<segmented>0</segmented>
	<object>
		<name>1</name>
		<pose>Unspecified</pose>
		<truncated>0</truncated>
		<difficult>0</difficult>
		<rectangle>
			<xmin>2122</xmin>
			<ymin>458</ymin>
			<xmax>2239</xmax>
			<ymax>694</ymax>
		</rectangle>
	</object>
	<object>
		<name>3</name>
		<pose>Unspecified</pose>
		<truncated>0</truncated>
		<difficult>0</difficult>
		<rectangle>
			<xmin>1235</xmin>
			<ymin>365</ymin>
			<xmax>1548</xmax>
			<ymax>992</ymax>
		</rectangle>
	</object>
	<object>
		<name>4</name>
		<pose>Unspecified</pose>
		<truncated>0</truncated>
		<difficult>0</difficult>
		<rectangle>
			<xmin>1033</xmin>
			<ymin>382</ymin>
			<xmax>1133</xmax>
			<ymax>698</ymax>
		</rectangle>
	</object>
	<object>
		<name>5</name>
		<pose>Unspecified</pose>
		<truncated>0</truncated>
		<difficult>0</difficult>
		<rectangle>
			<xmin>2341</xmin>
			<ymin>477</ymin>
			<xmax>2510</xmax>
			<ymax>842</ymax>
		</rectangle>
	</object>
	<object>
		<name>6</name>
		<pose>Unspecified</pose>
		<truncated>0</truncated>
		<difficult>0</difficult>
		<rectangle>
			<xmin>922</xmin>
			<ymin>356</ymin>
			<xmax>1085</xmax>
			<ymax>766</ymax>
		</rectangle>
	</object>
	<object>
		<name>7</name>
		<pose>Unspecified</pose>
		<truncated>0</truncated>
		<difficult>0</difficult>
		<rectangle>
			<xmin>1544</xmin>
			<ymin>419</ymin>
			<xmax>1623</xmax>
			<ymax>636</ymax>
		</rectangle>
	</object>
</annotation>
