<annotation>
	<folder>V0-S_canteen_0-G_1_hor</folder>
	<filename>0438.jpg</filename>
	<source>
		<database>My Database</database>
		<annotation>VOC2007</annotation>
		<image>flickr</image>
		<flickrid>NULL</flickrid>
	</source>
	<owner>
		<flickrid>NULL</flickrid>
		<name>dcx</name>
	</owner>
	<size>
		<width>2704</width>
		<height>1520</height>
		<depth>3</depth>
	</size>
	<segmented>0</segmented>
	<object>
		<name>1</name>
		<pose>Unspecified</pose>
		<truncated>0</truncated>
		<difficult>0</difficult>
		<rectangle>
			<xmin>2120</xmin>
			<ymin>456</ymin>
			<xmax>2238</xmax>
			<ymax>693</ymax>
		</rectangle>
	</object>
	<object>
		<name>3</name>
		<pose>Unspecified</pose>
		<truncated>0</truncated>
		<difficult>0</difficult>
		<rectangle>
			<xmin>1244</xmin>
			<ymin>363</ymin>
			<xmax>1548</xmax>
			<ymax>993</ymax>
		</rectangle>
	</object>
	<object>
		<name>4</name>
		<pose>Unspecified</pose>
		<truncated>0</truncated>
		<difficult>0</difficult>
		<rectangle>
			<xmin>1039</xmin>
			<ymin>381</ymin>
			<xmax>1136</xmax>
			<ymax>694</ymax>
		</rectangle>
	</object>
	<object>
		<name>5</name>
		<pose>Unspecified</pose>
		<truncated>0</truncated>
		<difficult>0</difficult>
		<rectangle>
			<xmin>2341</xmin>
			<ymin>477</ymin>
			<xmax>2506</xmax>
			<ymax>841</ymax>
		</rectangle>
	</object>
	<object>
		<name>6</name>
		<pose>Unspecified</pose>
		<truncated>0</truncated>
		<difficult>0</difficult>
		<rectangle>
			<xmin>913</xmin>
			<ymin>353</ymin>
			<xmax>1072</xmax>
			<ymax>764</ymax>
		</rectangle>
	</object>
	<object>
		<name>7</name>
		<pose>Unspecified</pose>
		<truncated>0</truncated>
		<difficult>0</difficult>
		<rectangle>
			<xmin>1543</xmin>
			<ymin>418</ymin>
			<xmax>1622</xmax>
			<ymax>635</ymax>
		</rectangle>
	</object>
</annotation>
