<annotation>
	<folder>V0-S_canteen_0-G_1_hor</folder>
	<filename>0439.jpg</filename>
	<source>
		<database>My Database</database>
		<annotation>VOC2007</annotation>
		<image>flickr</image>
		<flickrid>NULL</flickrid>
	</source>
	<owner>
		<flickrid>NULL</flickrid>
		<name>dcx</name>
	</owner>
	<size>
		<width>2704</width>
		<height>1520</height>
		<depth>3</depth>
	</size>
	<segmented>0</segmented>
	<object>
		<name>1</name>
		<pose>Unspecified</pose>
		<truncated>0</truncated>
		<difficult>0</difficult>
		<rectangle>
			<xmin>2119</xmin>
			<ymin>454</ymin>
			<xmax>2236</xmax>
			<ymax>691</ymax>
		</rectangle>
	</object>
	<object>
		<name>3</name>
		<pose>Unspecified</pose>
		<truncated>0</truncated>
		<difficult>0</difficult>
		<rectangle>
			<xmin>1254</xmin>
			<ymin>362</ymin>
			<xmax>1548</xmax>
			<ymax>995</ymax>
		</rectangle>
	</object>
	<object>
		<name>4</name>
		<pose>Unspecified</pose>
		<truncated>0</truncated>
		<difficult>0</difficult>
		<rectangle>
			<xmin>1045</xmin>
			<ymin>381</ymin>
			<xmax>1138</xmax>
			<ymax>691</ymax>
		</rectangle>
	</object>
	<object>
		<name>5</name>
		<pose>Unspecified</pose>
		<truncated>0</truncated>
		<difficult>0</difficult>
		<rectangle>
			<xmin>2340</xmin>
			<ymin>478</ymin>
			<xmax>2503</xmax>
			<ymax>840</ymax>
		</rectangle>
	</object>
	<object>
		<name>6</name>
		<pose>Unspecified</pose>
		<truncated>0</truncated>
		<difficult>0</difficult>
		<rectangle>
			<xmin>905</xmin>
			<ymin>349</ymin>
			<xmax>1059</xmax>
			<ymax>763</ymax>
		</rectangle>
	</object>
	<object>
		<name>7</name>
		<pose>Unspecified</pose>
		<truncated>0</truncated>
		<difficult>0</difficult>
		<rectangle>
			<xmin>1543</xmin>
			<ymin>418</ymin>
			<xmax>1620</xmax>
			<ymax>634</ymax>
		</rectangle>
	</object>
</annotation>
