<annotation>
	<folder>V0-S_canteen_0-G_1_hor</folder>
	<filename>0440.jpg</filename>
	<source>
		<database>My Database</database>
		<annotation>VOC2007</annotation>
		<image>flickr</image>
		<flickrid>NULL</flickrid>
	</source>
	<owner>
		<flickrid>NULL</flickrid>
		<name>dcx</name>
	</owner>
	<size>
		<width>2704</width>
		<height>1520</height>
		<depth>3</depth>
	</size>
	<segmented>0</segmented>
	<object>
		<name>1</name>
		<pose>Unspecified</pose>
		<truncated>0</truncated>
		<difficult>0</difficult>
		<rectangle>
			<xmin>2117</xmin>
			<ymin>452</ymin>
			<xmax>2235</xmax>
			<ymax>690</ymax>
		</rectangle>
	</object>
	<object>
		<name>3</name>
		<pose>Unspecified</pose>
		<truncated>0</truncated>
		<difficult>0</difficult>
		<rectangle>
			<xmin>1263</xmin>
			<ymin>360</ymin>
			<xmax>1548</xmax>
			<ymax>996</ymax>
		</rectangle>
	</object>
	<object>
		<name>4</name>
		<pose>Unspecified</pose>
		<truncated>0</truncated>
		<difficult>0</difficult>
		<rectangle>
			<xmin>1051</xmin>
			<ymin>380</ymin>
			<xmax>1141</xmax>
			<ymax>687</ymax>
		</rectangle>
	</object>
	<object>
		<name>5</name>
		<pose>Unspecified</pose>
		<truncated>0</truncated>
		<difficult>0</difficult>
		<rectangle>
			<xmin>2340</xmin>
			<ymin>478</ymin>
			<xmax>2499</xmax>
			<ymax>839</ymax>
		</rectangle>
	</object>
	<object>
		<name>6</name>
		<pose>Unspecified</pose>
		<truncated>0</truncated>
		<difficult>0</difficult>
		<rectangle>
			<xmin>896</xmin>
			<ymin>346</ymin>
			<xmax>1046</xmax>
			<ymax>761</ymax>
		</rectangle>
	</object>
	<object>
		<name>7</name>
		<pose>Unspecified</pose>
		<truncated>0</truncated>
		<difficult>0</difficult>
		<rectangle>
			<xmin>1542</xmin>
			<ymin>417</ymin>
			<xmax>1619</xmax>
			<ymax>633</ymax>
		</rectangle>
	</object>
</annotation>
