<annotation>
	<folder>V0-S_canteen_0-G_1_hor</folder>
	<filename>0441.jpg</filename>
	<source>
		<database>My Database</database>
		<annotation>VOC2007</annotation>
		<image>flickr</image>
		<flickrid>NULL</flickrid>
	</source>
	<owner>
		<flickrid>NULL</flickrid>
		<name>dcx</name>
	</owner>
	<size>
		<width>2704</width>
		<height>1520</height>
		<depth>3</depth>
	</size>
	<segmented>0</segmented>
	<object>
		<name>6</name>
		<pose>Unspecified</pose>
		<truncated>0</truncated>
		<difficult>0</difficult>
		<rectangle>
			<xmin>887</xmin>
			<ymin>342</ymin>
			<xmax>1033</xmax>
			<ymax>759</ymax>
		</rectangle>
	</object>
	<object>
		<name>4</name>
		<pose>Unspecified</pose>
		<truncated>0</truncated>
		<difficult>0</difficult>
		<rectangle>
			<xmin>1057</xmin>
			<ymin>379</ymin>
			<xmax>1143</xmax>
			<ymax>683</ymax>
		</rectangle>
	</object>
	<object>
		<name>7</name>
		<pose>Unspecified</pose>
		<truncated>0</truncated>
		<difficult>0</difficult>
		<rectangle>
			<xmin>1542</xmin>
			<ymin>416</ymin>
			<xmax>1618</xmax>
			<ymax>632</ymax>
		</rectangle>
	</object>
	<object>
		<name>3</name>
		<pose>Unspecified</pose>
		<truncated>0</truncated>
		<difficult>0</difficult>
		<rectangle>
			<xmin>1273</xmin>
			<ymin>359</ymin>
			<xmax>1548</xmax>
			<ymax>998</ymax>
		</rectangle>
	</object>
	<object>
		<name>5</name>
		<pose>Unspecified</pose>
		<truncated>0</truncated>
		<difficult>0</difficult>
		<rectangle>
			<xmin>2339</xmin>
			<ymin>479</ymin>
			<xmax>2495</xmax>
			<ymax>838</ymax>
		</rectangle>
	</object>
	<object>
		<name>1</name>
		<pose>Unspecified</pose>
		<truncated>0</truncated>
		<difficult>0</difficult>
		<rectangle>
			<xmin>2116</xmin>
			<ymin>450</ymin>
			<xmax>2233</xmax>
			<ymax>689</ymax>
		</rectangle>
	</object>
</annotation>
