<annotation>
	<folder>V0-S_canteen_0-G_1_hor</folder>
	<filename>0442.jpg</filename>
	<source>
		<database>My Database</database>
		<annotation>VOC2007</annotation>
		<image>flickr</image>
		<flickrid>NULL</flickrid>
	</source>
	<owner>
		<flickrid>NULL</flickrid>
		<name>dcx</name>
	</owner>
	<size>
		<width>2704</width>
		<height>1520</height>
		<depth>3</depth>
	</size>
	<segmented>0</segmented>
	<object>
		<name>1</name>
		<pose>Unspecified</pose>
		<truncated>0</truncated>
		<difficult>0</difficult>
		<rectangle>
			<xmin>2115</xmin>
			<ymin>451</ymin>
			<xmax>2232</xmax>
			<ymax>690</ymax>
		</rectangle>
	</object>
	<object>
		<name>3</name>
		<pose>Unspecified</pose>
		<truncated>0</truncated>
		<difficult>0</difficult>
		<rectangle>
			<xmin>1299</xmin>
			<ymin>360</ymin>
			<xmax>1560</xmax>
			<ymax>998</ymax>
		</rectangle>
	</object>
	<object>
		<name>4</name>
		<pose>Unspecified</pose>
		<truncated>0</truncated>
		<difficult>0</difficult>
		<rectangle>
			<xmin>1058</xmin>
			<ymin>380</ymin>
			<xmax>1148</xmax>
			<ymax>683</ymax>
		</rectangle>
	</object>
	<object>
		<name>5</name>
		<pose>Unspecified</pose>
		<truncated>0</truncated>
		<difficult>0</difficult>
		<rectangle>
			<xmin>2337</xmin>
			<ymin>477</ymin>
			<xmax>2492</xmax>
			<ymax>835</ymax>
		</rectangle>
	</object>
	<object>
		<name>6</name>
		<pose>Unspecified</pose>
		<truncated>0</truncated>
		<difficult>0</difficult>
		<rectangle>
			<xmin>874</xmin>
			<ymin>340</ymin>
			<xmax>1033</xmax>
			<ymax>763</ymax>
		</rectangle>
	</object>
</annotation>
