<annotation>
	<folder>V0-S_canteen_0-G_1_hor</folder>
	<filename>0443.jpg</filename>
	<source>
		<database>My Database</database>
		<annotation>VOC2007</annotation>
		<image>flickr</image>
		<flickrid>NULL</flickrid>
	</source>
	<owner>
		<flickrid>NULL</flickrid>
		<name>dcx</name>
	</owner>
	<size>
		<width>2704</width>
		<height>1520</height>
		<depth>3</depth>
	</size>
	<segmented>0</segmented>
	<object>
		<name>1</name>
		<pose>Unspecified</pose>
		<truncated>0</truncated>
		<difficult>0</difficult>
		<rectangle>
			<xmin>2114</xmin>
			<ymin>452</ymin>
			<xmax>2231</xmax>
			<ymax>691</ymax>
		</rectangle>
	</object>
	<object>
		<name>3</name>
		<pose>Unspecified</pose>
		<truncated>0</truncated>
		<difficult>0</difficult>
		<rectangle>
			<xmin>1325</xmin>
			<ymin>361</ymin>
			<xmax>1572</xmax>
			<ymax>999</ymax>
		</rectangle>
	</object>
	<object>
		<name>4</name>
		<pose>Unspecified</pose>
		<truncated>0</truncated>
		<difficult>0</difficult>
		<rectangle>
			<xmin>1060</xmin>
			<ymin>382</ymin>
			<xmax>1154</xmax>
			<ymax>684</ymax>
		</rectangle>
	</object>
	<object>
		<name>5</name>
		<pose>Unspecified</pose>
		<truncated>0</truncated>
		<difficult>0</difficult>
		<rectangle>
			<xmin>2334</xmin>
			<ymin>476</ymin>
			<xmax>2488</xmax>
			<ymax>832</ymax>
		</rectangle>
	</object>
	<object>
		<name>6</name>
		<pose>Unspecified</pose>
		<truncated>0</truncated>
		<difficult>0</difficult>
		<rectangle>
			<xmin>861</xmin>
			<ymin>338</ymin>
			<xmax>1033</xmax>
			<ymax>766</ymax>
		</rectangle>
	</object>
</annotation>
