<annotation>
	<folder>V0-S_canteen_0-G_1_hor</folder>
	<filename>0444.jpg</filename>
	<source>
		<database>My Database</database>
		<annotation>VOC2007</annotation>
		<image>flickr</image>
		<flickrid>NULL</flickrid>
	</source>
	<owner>
		<flickrid>NULL</flickrid>
		<name>dcx</name>
	</owner>
	<size>
		<width>2704</width>
		<height>1520</height>
		<depth>3</depth>
	</size>
	<segmented>0</segmented>
	<object>
		<name>1</name>
		<pose>Unspecified</pose>
		<truncated>0</truncated>
		<difficult>0</difficult>
		<rectangle>
			<xmin>2114</xmin>
			<ymin>453</ymin>
			<xmax>2230</xmax>
			<ymax>693</ymax>
		</rectangle>
	</object>
	<object>
		<name>3</name>
		<pose>Unspecified</pose>
		<truncated>0</truncated>
		<difficult>0</difficult>
		<rectangle>
			<xmin>1351</xmin>
			<ymin>361</ymin>
			<xmax>1584</xmax>
			<ymax>999</ymax>
		</rectangle>
	</object>
	<object>
		<name>4</name>
		<pose>Unspecified</pose>
		<truncated>0</truncated>
		<difficult>0</difficult>
		<rectangle>
			<xmin>1061</xmin>
			<ymin>383</ymin>
			<xmax>1159</xmax>
			<ymax>684</ymax>
		</rectangle>
	</object>
	<object>
		<name>5</name>
		<pose>Unspecified</pose>
		<truncated>0</truncated>
		<difficult>0</difficult>
		<rectangle>
			<xmin>2332</xmin>
			<ymin>474</ymin>
			<xmax>2485</xmax>
			<ymax>828</ymax>
		</rectangle>
	</object>
	<object>
		<name>6</name>
		<pose>Unspecified</pose>
		<truncated>0</truncated>
		<difficult>0</difficult>
		<rectangle>
			<xmin>847</xmin>
			<ymin>337</ymin>
			<xmax>1032</xmax>
			<ymax>770</ymax>
		</rectangle>
	</object>
</annotation>
