<annotation>
	<folder>V0-S_canteen_0-G_1_hor</folder>
	<filename>0445.jpg</filename>
	<source>
		<database>My Database</database>
		<annotation>VOC2007</annotation>
		<image>flickr</image>
		<flickrid>NULL</flickrid>
	</source>
	<owner>
		<flickrid>NULL</flickrid>
		<name>dcx</name>
	</owner>
	<size>
		<width>2704</width>
		<height>1520</height>
		<depth>3</depth>
	</size>
	<segmented>0</segmented>
	<object>
		<name>1</name>
		<pose>Unspecified</pose>
		<truncated>0</truncated>
		<difficult>0</difficult>
		<rectangle>
			<xmin>2113</xmin>
			<ymin>454</ymin>
			<xmax>2229</xmax>
			<ymax>694</ymax>
		</rectangle>
	</object>
	<object>
		<name>3</name>
		<pose>Unspecified</pose>
		<truncated>0</truncated>
		<difficult>0</difficult>
		<rectangle>
			<xmin>1377</xmin>
			<ymin>362</ymin>
			<xmax>1596</xmax>
			<ymax>1000</ymax>
		</rectangle>
	</object>
	<object>
		<name>4</name>
		<pose>Unspecified</pose>
		<truncated>0</truncated>
		<difficult>0</difficult>
		<rectangle>
			<xmin>1063</xmin>
			<ymin>385</ymin>
			<xmax>1165</xmax>
			<ymax>685</ymax>
		</rectangle>
	</object>
	<object>
		<name>5</name>
		<pose>Unspecified</pose>
		<truncated>0</truncated>
		<difficult>0</difficult>
		<rectangle>
			<xmin>2329</xmin>
			<ymin>473</ymin>
			<xmax>2481</xmax>
			<ymax>825</ymax>
		</rectangle>
	</object>
	<object>
		<name>6</name>
		<pose>Unspecified</pose>
		<truncated>0</truncated>
		<difficult>0</difficult>
		<rectangle>
			<xmin>834</xmin>
			<ymin>335</ymin>
			<xmax>1032</xmax>
			<ymax>773</ymax>
		</rectangle>
	</object>
</annotation>
