<annotation>
	<folder>V0-S_canteen_0-G_1_hor</folder>
	<filename>0447.jpg</filename>
	<source>
		<database>My Database</database>
		<annotation>VOC2007</annotation>
		<image>flickr</image>
		<flickrid>NULL</flickrid>
	</source>
	<owner>
		<flickrid>NULL</flickrid>
		<name>dcx</name>
	</owner>
	<size>
		<width>2704</width>
		<height>1520</height>
		<depth>3</depth>
	</size>
	<segmented>0</segmented>
	<object>
		<name>1</name>
		<pose>Unspecified</pose>
		<truncated>0</truncated>
		<difficult>0</difficult>
		<rectangle>
			<xmin>2111</xmin>
			<ymin>456</ymin>
			<xmax>2227</xmax>
			<ymax>696</ymax>
		</rectangle>
	</object>
	<object>
		<name>3</name>
		<pose>Unspecified</pose>
		<truncated>0</truncated>
		<difficult>0</difficult>
		<rectangle>
			<xmin>1409</xmin>
			<ymin>366</ymin>
			<xmax>1621</xmax>
			<ymax>1000</ymax>
		</rectangle>
	</object>
	<object>
		<name>4</name>
		<pose>Unspecified</pose>
		<truncated>0</truncated>
		<difficult>0</difficult>
		<rectangle>
			<xmin>1065</xmin>
			<ymin>386</ymin>
			<xmax>1172</xmax>
			<ymax>684</ymax>
		</rectangle>
	</object>
	<object>
		<name>5</name>
		<pose>Unspecified</pose>
		<truncated>0</truncated>
		<difficult>0</difficult>
		<rectangle>
			<xmin>2327</xmin>
			<ymin>473</ymin>
			<xmax>2475</xmax>
			<ymax>822</ymax>
		</rectangle>
	</object>
	<object>
		<name>6</name>
		<pose>Unspecified</pose>
		<truncated>0</truncated>
		<difficult>0</difficult>
		<rectangle>
			<xmin>812</xmin>
			<ymin>337</ymin>
			<xmax>1036</xmax>
			<ymax>782</ymax>
		</rectangle>
	</object>
</annotation>
