<annotation>
	<folder>V0-S_canteen_0-G_1_hor</folder>
	<filename>0448.jpg</filename>
	<source>
		<database>My Database</database>
		<annotation>VOC2007</annotation>
		<image>flickr</image>
		<flickrid>NULL</flickrid>
	</source>
	<owner>
		<flickrid>NULL</flickrid>
		<name>dcx</name>
	</owner>
	<size>
		<width>2704</width>
		<height>1520</height>
		<depth>3</depth>
	</size>
	<segmented>0</segmented>
	<object>
		<name>1</name>
		<pose>Unspecified</pose>
		<truncated>0</truncated>
		<difficult>0</difficult>
		<rectangle>
			<xmin>2110</xmin>
			<ymin>457</ymin>
			<xmax>2226</xmax>
			<ymax>697</ymax>
		</rectangle>
	</object>
	<object>
		<name>3</name>
		<pose>Unspecified</pose>
		<truncated>0</truncated>
		<difficult>0</difficult>
		<rectangle>
			<xmin>1415</xmin>
			<ymin>368</ymin>
			<xmax>1634</xmax>
			<ymax>1000</ymax>
		</rectangle>
	</object>
	<object>
		<name>4</name>
		<pose>Unspecified</pose>
		<truncated>0</truncated>
		<difficult>0</difficult>
		<rectangle>
			<xmin>1066</xmin>
			<ymin>386</ymin>
			<xmax>1175</xmax>
			<ymax>683</ymax>
		</rectangle>
	</object>
	<object>
		<name>5</name>
		<pose>Unspecified</pose>
		<truncated>0</truncated>
		<difficult>0</difficult>
		<rectangle>
			<xmin>2327</xmin>
			<ymin>474</ymin>
			<xmax>2472</xmax>
			<ymax>822</ymax>
		</rectangle>
	</object>
	<object>
		<name>6</name>
		<pose>Unspecified</pose>
		<truncated>0</truncated>
		<difficult>0</difficult>
		<rectangle>
			<xmin>803</xmin>
			<ymin>340</ymin>
			<xmax>1040</xmax>
			<ymax>786</ymax>
		</rectangle>
	</object>
</annotation>
