<annotation>
	<folder>V0-S_canteen_0-G_1_hor</folder>
	<filename>0451.jpg</filename>
	<source>
		<database>My Database</database>
		<annotation>VOC2007</annotation>
		<image>flickr</image>
		<flickrid>NULL</flickrid>
	</source>
	<owner>
		<flickrid>NULL</flickrid>
		<name>dcx</name>
	</owner>
	<size>
		<width>2704</width>
		<height>1520</height>
		<depth>3</depth>
	</size>
	<segmented>0</segmented>
	<object>
		<name>6</name>
		<pose>Unspecified</pose>
		<truncated>0</truncated>
		<difficult>0</difficult>
		<rectangle>
			<xmin>777</xmin>
			<ymin>351</ymin>
			<xmax>1053</xmax>
			<ymax>800</ymax>
		</rectangle>
	</object>
	<object>
		<name>4</name>
		<pose>Unspecified</pose>
		<truncated>0</truncated>
		<difficult>0</difficult>
		<rectangle>
			<xmin>1068</xmin>
			<ymin>386</ymin>
			<xmax>1182</xmax>
			<ymax>681</ymax>
		</rectangle>
	</object>
	<object>
		<name>3</name>
		<pose>Unspecified</pose>
		<truncated>0</truncated>
		<difficult>0</difficult>
		<rectangle>
			<xmin>1432</xmin>
			<ymin>376</ymin>
			<xmax>1674</xmax>
			<ymax>999</ymax>
		</rectangle>
	</object>
	<object>
		<name>5</name>
		<pose>Unspecified</pose>
		<truncated>0</truncated>
		<difficult>0</difficult>
		<rectangle>
			<xmin>2327</xmin>
			<ymin>479</ymin>
			<xmax>2463</xmax>
			<ymax>822</ymax>
		</rectangle>
	</object>
	<object>
		<name>1</name>
		<pose>Unspecified</pose>
		<truncated>0</truncated>
		<difficult>0</difficult>
		<rectangle>
			<xmin>2107</xmin>
			<ymin>461</ymin>
			<xmax>2223</xmax>
			<ymax>700</ymax>
		</rectangle>
	</object>
</annotation>
