<annotation>
	<folder>V0-S_canteen_0-G_1_hor</folder>
	<filename>0452.jpg</filename>
	<source>
		<database>My Database</database>
		<annotation>VOC2007</annotation>
		<image>flickr</image>
		<flickrid>NULL</flickrid>
	</source>
	<owner>
		<flickrid>NULL</flickrid>
		<name>dcx</name>
	</owner>
	<size>
		<width>2704</width>
		<height>1520</height>
		<depth>3</depth>
	</size>
	<segmented>0</segmented>
	<object>
		<name>1</name>
		<pose>Unspecified</pose>
		<truncated>0</truncated>
		<difficult>0</difficult>
		<rectangle>
			<xmin>2107</xmin>
			<ymin>461</ymin>
			<xmax>2224</xmax>
			<ymax>699</ymax>
		</rectangle>
	</object>
	<object>
		<name>3</name>
		<pose>Unspecified</pose>
		<truncated>0</truncated>
		<difficult>0</difficult>
		<rectangle>
			<xmin>1435</xmin>
			<ymin>379</ymin>
			<xmax>1687</xmax>
			<ymax>1000</ymax>
		</rectangle>
	</object>
	<object>
		<name>4</name>
		<pose>Unspecified</pose>
		<truncated>0</truncated>
		<difficult>0</difficult>
		<rectangle>
			<xmin>1072</xmin>
			<ymin>387</ymin>
			<xmax>1184</xmax>
			<ymax>681</ymax>
		</rectangle>
	</object>
	<object>
		<name>5</name>
		<pose>Unspecified</pose>
		<truncated>0</truncated>
		<difficult>0</difficult>
		<rectangle>
			<xmin>2326</xmin>
			<ymin>480</ymin>
			<xmax>2460</xmax>
			<ymax>823</ymax>
		</rectangle>
	</object>
	<object>
		<name>6</name>
		<pose>Unspecified</pose>
		<truncated>0</truncated>
		<difficult>0</difficult>
		<rectangle>
			<xmin>774</xmin>
			<ymin>350</ymin>
			<xmax>1045</xmax>
			<ymax>805</ymax>
		</rectangle>
	</object>
</annotation>
