<annotation>
	<folder>V0-S_canteen_0-G_1_hor</folder>
	<filename>0453.jpg</filename>
	<source>
		<database>My Database</database>
		<annotation>VOC2007</annotation>
		<image>flickr</image>
		<flickrid>NULL</flickrid>
	</source>
	<owner>
		<flickrid>NULL</flickrid>
		<name>dcx</name>
	</owner>
	<size>
		<width>2704</width>
		<height>1520</height>
		<depth>3</depth>
	</size>
	<segmented>0</segmented>
	<object>
		<name>1</name>
		<pose>Unspecified</pose>
		<truncated>0</truncated>
		<difficult>0</difficult>
		<rectangle>
			<xmin>2107</xmin>
			<ymin>461</ymin>
			<xmax>2224</xmax>
			<ymax>699</ymax>
		</rectangle>
	</object>
	<object>
		<name>3</name>
		<pose>Unspecified</pose>
		<truncated>0</truncated>
		<difficult>0</difficult>
		<rectangle>
			<xmin>1438</xmin>
			<ymin>381</ymin>
			<xmax>1701</xmax>
			<ymax>1000</ymax>
		</rectangle>
	</object>
	<object>
		<name>4</name>
		<pose>Unspecified</pose>
		<truncated>0</truncated>
		<difficult>0</difficult>
		<rectangle>
			<xmin>1077</xmin>
			<ymin>387</ymin>
			<xmax>1186</xmax>
			<ymax>681</ymax>
		</rectangle>
	</object>
	<object>
		<name>5</name>
		<pose>Unspecified</pose>
		<truncated>0</truncated>
		<difficult>0</difficult>
		<rectangle>
			<xmin>2325</xmin>
			<ymin>481</ymin>
			<xmax>2458</xmax>
			<ymax>823</ymax>
		</rectangle>
	</object>
	<object>
		<name>6</name>
		<pose>Unspecified</pose>
		<truncated>0</truncated>
		<difficult>0</difficult>
		<rectangle>
			<xmin>770</xmin>
			<ymin>349</ymin>
			<xmax>1037</xmax>
			<ymax>809</ymax>
		</rectangle>
	</object>
</annotation>
