<annotation>
	<folder>V0-S_canteen_0-G_1_hor</folder>
	<filename>0454.jpg</filename>
	<source>
		<database>My Database</database>
		<annotation>VOC2007</annotation>
		<image>flickr</image>
		<flickrid>NULL</flickrid>
	</source>
	<owner>
		<flickrid>NULL</flickrid>
		<name>dcx</name>
	</owner>
	<size>
		<width>2704</width>
		<height>1520</height>
		<depth>3</depth>
	</size>
	<segmented>0</segmented>
	<object>
		<name>1</name>
		<pose>Unspecified</pose>
		<truncated>0</truncated>
		<difficult>0</difficult>
		<rectangle>
			<xmin>2106</xmin>
			<ymin>461</ymin>
			<xmax>2225</xmax>
			<ymax>698</ymax>
		</rectangle>
	</object>
	<object>
		<name>3</name>
		<pose>Unspecified</pose>
		<truncated>0</truncated>
		<difficult>0</difficult>
		<rectangle>
			<xmin>1441</xmin>
			<ymin>384</ymin>
			<xmax>1714</xmax>
			<ymax>1001</ymax>
		</rectangle>
	</object>
	<object>
		<name>4</name>
		<pose>Unspecified</pose>
		<truncated>0</truncated>
		<difficult>0</difficult>
		<rectangle>
			<xmin>1081</xmin>
			<ymin>388</ymin>
			<xmax>1188</xmax>
			<ymax>682</ymax>
		</rectangle>
	</object>
	<object>
		<name>5</name>
		<pose>Unspecified</pose>
		<truncated>0</truncated>
		<difficult>0</difficult>
		<rectangle>
			<xmin>2323</xmin>
			<ymin>481</ymin>
			<xmax>2455</xmax>
			<ymax>824</ymax>
		</rectangle>
	</object>
	<object>
		<name>6</name>
		<pose>Unspecified</pose>
		<truncated>0</truncated>
		<difficult>0</difficult>
		<rectangle>
			<xmin>767</xmin>
			<ymin>347</ymin>
			<xmax>1030</xmax>
			<ymax>814</ymax>
		</rectangle>
	</object>
</annotation>
