<annotation>
	<folder>V0-S_canteen_0-G_1_hor</folder>
	<filename>0456.jpg</filename>
	<source>
		<database>My Database</database>
		<annotation>VOC2007</annotation>
		<image>flickr</image>
		<flickrid>NULL</flickrid>
	</source>
	<owner>
		<flickrid>NULL</flickrid>
		<name>dcx</name>
	</owner>
	<size>
		<width>2704</width>
		<height>1520</height>
		<depth>3</depth>
	</size>
	<segmented>0</segmented>
	<object>
		<name>6</name>
		<pose>Unspecified</pose>
		<truncated>0</truncated>
		<difficult>0</difficult>
		<rectangle>
			<xmin>760</xmin>
			<ymin>345</ymin>
			<xmax>1014</xmax>
			<ymax>823</ymax>
		</rectangle>
	</object>
	<object>
		<name>4</name>
		<pose>Unspecified</pose>
		<truncated>0</truncated>
		<difficult>0</difficult>
		<rectangle>
			<xmin>1090</xmin>
			<ymin>389</ymin>
			<xmax>1192</xmax>
			<ymax>682</ymax>
		</rectangle>
	</object>
	<object>
		<name>3</name>
		<pose>Unspecified</pose>
		<truncated>0</truncated>
		<difficult>0</difficult>
		<rectangle>
			<xmin>1447</xmin>
			<ymin>389</ymin>
			<xmax>1741</xmax>
			<ymax>1002</ymax>
		</rectangle>
	</object>
	<object>
		<name>5</name>
		<pose>Unspecified</pose>
		<truncated>0</truncated>
		<difficult>0</difficult>
		<rectangle>
			<xmin>2321</xmin>
			<ymin>483</ymin>
			<xmax>2450</xmax>
			<ymax>825</ymax>
		</rectangle>
	</object>
	<object>
		<name>1</name>
		<pose>Unspecified</pose>
		<truncated>0</truncated>
		<difficult>0</difficult>
		<rectangle>
			<xmin>2106</xmin>
			<ymin>461</ymin>
			<xmax>2226</xmax>
			<ymax>697</ymax>
		</rectangle>
	</object>
</annotation>
