<annotation>
	<folder>V0-S_canteen_0-G_1_hor</folder>
	<filename>0457.jpg</filename>
	<source>
		<database>My Database</database>
		<annotation>VOC2007</annotation>
		<image>flickr</image>
		<flickrid>NULL</flickrid>
	</source>
	<owner>
		<flickrid>NULL</flickrid>
		<name>dcx</name>
	</owner>
	<size>
		<width>2704</width>
		<height>1520</height>
		<depth>3</depth>
	</size>
	<segmented>0</segmented>
	<object>
		<name>1</name>
		<pose>Unspecified</pose>
		<truncated>0</truncated>
		<difficult>0</difficult>
		<rectangle>
			<xmin>2107</xmin>
			<ymin>463</ymin>
			<xmax>2226</xmax>
			<ymax>699</ymax>
		</rectangle>
	</object>
	<object>
		<name>3</name>
		<pose>Unspecified</pose>
		<truncated>0</truncated>
		<difficult>0</difficult>
		<rectangle>
			<xmin>1467</xmin>
			<ymin>391</ymin>
			<xmax>1749</xmax>
			<ymax>1002</ymax>
		</rectangle>
	</object>
	<object>
		<name>4</name>
		<pose>Unspecified</pose>
		<truncated>0</truncated>
		<difficult>0</difficult>
		<rectangle>
			<xmin>1098</xmin>
			<ymin>390</ymin>
			<xmax>1199</xmax>
			<ymax>683</ymax>
		</rectangle>
	</object>
	<object>
		<name>5</name>
		<pose>Unspecified</pose>
		<truncated>0</truncated>
		<difficult>0</difficult>
		<rectangle>
			<xmin>2320</xmin>
			<ymin>484</ymin>
			<xmax>2448</xmax>
			<ymax>824</ymax>
		</rectangle>
	</object>
	<object>
		<name>6</name>
		<pose>Unspecified</pose>
		<truncated>0</truncated>
		<difficult>0</difficult>
		<rectangle>
			<xmin>763</xmin>
			<ymin>342</ymin>
			<xmax>998</xmax>
			<ymax>823</ymax>
		</rectangle>
	</object>
</annotation>
