<annotation>
	<folder>V0-S_canteen_0-G_1_hor</folder>
	<filename>0458.jpg</filename>
	<source>
		<database>My Database</database>
		<annotation>VOC2007</annotation>
		<image>flickr</image>
		<flickrid>NULL</flickrid>
	</source>
	<owner>
		<flickrid>NULL</flickrid>
		<name>dcx</name>
	</owner>
	<size>
		<width>2704</width>
		<height>1520</height>
		<depth>3</depth>
	</size>
	<segmented>0</segmented>
	<object>
		<name>1</name>
		<pose>Unspecified</pose>
		<truncated>0</truncated>
		<difficult>0</difficult>
		<rectangle>
			<xmin>2108</xmin>
			<ymin>466</ymin>
			<xmax>2226</xmax>
			<ymax>701</ymax>
		</rectangle>
	</object>
	<object>
		<name>3</name>
		<pose>Unspecified</pose>
		<truncated>0</truncated>
		<difficult>0</difficult>
		<rectangle>
			<xmin>1487</xmin>
			<ymin>393</ymin>
			<xmax>1758</xmax>
			<ymax>1002</ymax>
		</rectangle>
	</object>
	<object>
		<name>4</name>
		<pose>Unspecified</pose>
		<truncated>0</truncated>
		<difficult>0</difficult>
		<rectangle>
			<xmin>1105</xmin>
			<ymin>391</ymin>
			<xmax>1207</xmax>
			<ymax>684</ymax>
		</rectangle>
	</object>
	<object>
		<name>5</name>
		<pose>Unspecified</pose>
		<truncated>0</truncated>
		<difficult>0</difficult>
		<rectangle>
			<xmin>2319</xmin>
			<ymin>485</ymin>
			<xmax>2446</xmax>
			<ymax>823</ymax>
		</rectangle>
	</object>
	<object>
		<name>6</name>
		<pose>Unspecified</pose>
		<truncated>0</truncated>
		<difficult>0</difficult>
		<rectangle>
			<xmin>767</xmin>
			<ymin>340</ymin>
			<xmax>983</xmax>
			<ymax>823</ymax>
		</rectangle>
	</object>
</annotation>
