<annotation>
	<folder>V0-S_canteen_0-G_1_hor</folder>
	<filename>0459.jpg</filename>
	<source>
		<database>My Database</database>
		<annotation>VOC2007</annotation>
		<image>flickr</image>
		<flickrid>NULL</flickrid>
	</source>
	<owner>
		<flickrid>NULL</flickrid>
		<name>dcx</name>
	</owner>
	<size>
		<width>2704</width>
		<height>1520</height>
		<depth>3</depth>
	</size>
	<segmented>0</segmented>
	<object>
		<name>1</name>
		<pose>Unspecified</pose>
		<truncated>0</truncated>
		<difficult>0</difficult>
		<rectangle>
			<xmin>2109</xmin>
			<ymin>468</ymin>
			<xmax>2226</xmax>
			<ymax>704</ymax>
		</rectangle>
	</object>
	<object>
		<name>3</name>
		<pose>Unspecified</pose>
		<truncated>0</truncated>
		<difficult>0</difficult>
		<rectangle>
			<xmin>1506</xmin>
			<ymin>396</ymin>
			<xmax>1766</xmax>
			<ymax>1001</ymax>
		</rectangle>
	</object>
	<object>
		<name>4</name>
		<pose>Unspecified</pose>
		<truncated>0</truncated>
		<difficult>0</difficult>
		<rectangle>
			<xmin>1113</xmin>
			<ymin>392</ymin>
			<xmax>1214</xmax>
			<ymax>685</ymax>
		</rectangle>
	</object>
	<object>
		<name>5</name>
		<pose>Unspecified</pose>
		<truncated>0</truncated>
		<difficult>0</difficult>
		<rectangle>
			<xmin>2317</xmin>
			<ymin>485</ymin>
			<xmax>2445</xmax>
			<ymax>822</ymax>
		</rectangle>
	</object>
	<object>
		<name>6</name>
		<pose>Unspecified</pose>
		<truncated>0</truncated>
		<difficult>0</difficult>
		<rectangle>
			<xmin>770</xmin>
			<ymin>337</ymin>
			<xmax>967</xmax>
			<ymax>823</ymax>
		</rectangle>
	</object>
</annotation>
