<annotation>
	<folder>V0-S_canteen_0-G_1_hor</folder>
	<filename>0460.jpg</filename>
	<source>
		<database>My Database</database>
		<annotation>VOC2007</annotation>
		<image>flickr</image>
		<flickrid>NULL</flickrid>
	</source>
	<owner>
		<flickrid>NULL</flickrid>
		<name>dcx</name>
	</owner>
	<size>
		<width>2704</width>
		<height>1520</height>
		<depth>3</depth>
	</size>
	<segmented>0</segmented>
	<object>
		<name>1</name>
		<pose>Unspecified</pose>
		<truncated>0</truncated>
		<difficult>0</difficult>
		<rectangle>
			<xmin>2110</xmin>
			<ymin>471</ymin>
			<xmax>2226</xmax>
			<ymax>706</ymax>
		</rectangle>
	</object>
	<object>
		<name>3</name>
		<pose>Unspecified</pose>
		<truncated>0</truncated>
		<difficult>0</difficult>
		<rectangle>
			<xmin>1526</xmin>
			<ymin>398</ymin>
			<xmax>1775</xmax>
			<ymax>1001</ymax>
		</rectangle>
	</object>
	<object>
		<name>4</name>
		<pose>Unspecified</pose>
		<truncated>0</truncated>
		<difficult>0</difficult>
		<rectangle>
			<xmin>1120</xmin>
			<ymin>393</ymin>
			<xmax>1222</xmax>
			<ymax>686</ymax>
		</rectangle>
	</object>
	<object>
		<name>5</name>
		<pose>Unspecified</pose>
		<truncated>0</truncated>
		<difficult>0</difficult>
		<rectangle>
			<xmin>2316</xmin>
			<ymin>486</ymin>
			<xmax>2443</xmax>
			<ymax>821</ymax>
		</rectangle>
	</object>
	<object>
		<name>6</name>
		<pose>Unspecified</pose>
		<truncated>0</truncated>
		<difficult>0</difficult>
		<rectangle>
			<xmin>774</xmin>
			<ymin>335</ymin>
			<xmax>952</xmax>
			<ymax>823</ymax>
		</rectangle>
	</object>
</annotation>
