<annotation>
	<folder>V0-S_canteen_0-G_1_hor</folder>
	<filename>0461.jpg</filename>
	<source>
		<database>My Database</database>
		<annotation>VOC2007</annotation>
		<image>flickr</image>
		<flickrid>NULL</flickrid>
	</source>
	<owner>
		<flickrid>NULL</flickrid>
		<name>dcx</name>
	</owner>
	<size>
		<width>2704</width>
		<height>1520</height>
		<depth>3</depth>
	</size>
	<segmented>0</segmented>
	<object>
		<name>6</name>
		<pose>Unspecified</pose>
		<truncated>0</truncated>
		<difficult>0</difficult>
		<rectangle>
			<xmin>777</xmin>
			<ymin>332</ymin>
			<xmax>936</xmax>
			<ymax>823</ymax>
		</rectangle>
	</object>
	<object>
		<name>4</name>
		<pose>Unspecified</pose>
		<truncated>0</truncated>
		<difficult>0</difficult>
		<rectangle>
			<xmin>1128</xmin>
			<ymin>394</ymin>
			<xmax>1229</xmax>
			<ymax>687</ymax>
		</rectangle>
	</object>
	<object>
		<name>7</name>
		<pose>Unspecified</pose>
		<truncated>0</truncated>
		<difficult>0</difficult>
		<rectangle>
			<xmin>1555</xmin>
			<ymin>432</ymin>
			<xmax>1643</xmax>
			<ymax>659</ymax>
		</rectangle>
	</object>
	<object>
		<name>3</name>
		<pose>Unspecified</pose>
		<truncated>0</truncated>
		<difficult>0</difficult>
		<rectangle>
			<xmin>1546</xmin>
			<ymin>400</ymin>
			<xmax>1783</xmax>
			<ymax>1001</ymax>
		</rectangle>
	</object>
	<object>
		<name>5</name>
		<pose>Unspecified</pose>
		<truncated>0</truncated>
		<difficult>0</difficult>
		<rectangle>
			<xmin>2315</xmin>
			<ymin>487</ymin>
			<xmax>2441</xmax>
			<ymax>820</ymax>
		</rectangle>
	</object>
	<object>
		<name>1</name>
		<pose>Unspecified</pose>
		<truncated>0</truncated>
		<difficult>0</difficult>
		<rectangle>
			<xmin>2111</xmin>
			<ymin>473</ymin>
			<xmax>2226</xmax>
			<ymax>708</ymax>
		</rectangle>
	</object>
</annotation>
