<annotation>
	<folder>V0-S_canteen_0-G_1_hor</folder>
	<filename>0463.jpg</filename>
	<source>
		<database>My Database</database>
		<annotation>VOC2007</annotation>
		<image>flickr</image>
		<flickrid>NULL</flickrid>
	</source>
	<owner>
		<flickrid>NULL</flickrid>
		<name>dcx</name>
	</owner>
	<size>
		<width>2704</width>
		<height>1520</height>
		<depth>3</depth>
	</size>
	<segmented>0</segmented>
	<object>
		<name>1</name>
		<pose>Unspecified</pose>
		<truncated>0</truncated>
		<difficult>0</difficult>
		<rectangle>
			<xmin>2109</xmin>
			<ymin>477</ymin>
			<xmax>2222</xmax>
			<ymax>712</ymax>
		</rectangle>
	</object>
	<object>
		<name>3</name>
		<pose>Unspecified</pose>
		<truncated>0</truncated>
		<difficult>0</difficult>
		<rectangle>
			<xmin>1583</xmin>
			<ymin>404</ymin>
			<xmax>1804</xmax>
			<ymax>1013</ymax>
		</rectangle>
	</object>
	<object>
		<name>4</name>
		<pose>Unspecified</pose>
		<truncated>0</truncated>
		<difficult>0</difficult>
		<rectangle>
			<xmin>1129</xmin>
			<ymin>402</ymin>
			<xmax>1235</xmax>
			<ymax>691</ymax>
		</rectangle>
	</object>
	<object>
		<name>5</name>
		<pose>Unspecified</pose>
		<truncated>0</truncated>
		<difficult>0</difficult>
		<rectangle>
			<xmin>2303</xmin>
			<ymin>491</ymin>
			<xmax>2433</xmax>
			<ymax>820</ymax>
		</rectangle>
	</object>
	<object>
		<name>6</name>
		<pose>Unspecified</pose>
		<truncated>0</truncated>
		<difficult>0</difficult>
		<rectangle>
			<xmin>744</xmin>
			<ymin>339</ymin>
			<xmax>920</xmax>
			<ymax>834</ymax>
		</rectangle>
	</object>
	<object>
		<name>7</name>
		<pose>Unspecified</pose>
		<truncated>0</truncated>
		<difficult>0</difficult>
		<rectangle>
			<xmin>1559</xmin>
			<ymin>437</ymin>
			<xmax>1642</xmax>
			<ymax>663</ymax>
		</rectangle>
	</object>
</annotation>
