<annotation>
	<folder>V0-S_canteen_0-G_1_hor</folder>
	<filename>0464.jpg</filename>
	<source>
		<database>My Database</database>
		<annotation>VOC2007</annotation>
		<image>flickr</image>
		<flickrid>NULL</flickrid>
	</source>
	<owner>
		<flickrid>NULL</flickrid>
		<name>dcx</name>
	</owner>
	<size>
		<width>2704</width>
		<height>1520</height>
		<depth>3</depth>
	</size>
	<segmented>0</segmented>
	<object>
		<name>1</name>
		<pose>Unspecified</pose>
		<truncated>0</truncated>
		<difficult>0</difficult>
		<rectangle>
			<xmin>2108</xmin>
			<ymin>478</ymin>
			<xmax>2220</xmax>
			<ymax>713</ymax>
		</rectangle>
	</object>
	<object>
		<name>3</name>
		<pose>Unspecified</pose>
		<truncated>0</truncated>
		<difficult>0</difficult>
		<rectangle>
			<xmin>1602</xmin>
			<ymin>407</ymin>
			<xmax>1815</xmax>
			<ymax>1020</ymax>
		</rectangle>
	</object>
	<object>
		<name>4</name>
		<pose>Unspecified</pose>
		<truncated>0</truncated>
		<difficult>0</difficult>
		<rectangle>
			<xmin>1130</xmin>
			<ymin>405</ymin>
			<xmax>1239</xmax>
			<ymax>692</ymax>
		</rectangle>
	</object>
	<object>
		<name>5</name>
		<pose>Unspecified</pose>
		<truncated>0</truncated>
		<difficult>0</difficult>
		<rectangle>
			<xmin>2298</xmin>
			<ymin>492</ymin>
			<xmax>2430</xmax>
			<ymax>821</ymax>
		</rectangle>
	</object>
	<object>
		<name>6</name>
		<pose>Unspecified</pose>
		<truncated>0</truncated>
		<difficult>0</difficult>
		<rectangle>
			<xmin>727</xmin>
			<ymin>342</ymin>
			<xmax>913</xmax>
			<ymax>839</ymax>
		</rectangle>
	</object>
	<object>
		<name>7</name>
		<pose>Unspecified</pose>
		<truncated>0</truncated>
		<difficult>0</difficult>
		<rectangle>
			<xmin>1561</xmin>
			<ymin>439</ymin>
			<xmax>1642</xmax>
			<ymax>665</ymax>
		</rectangle>
	</object>
</annotation>
