<annotation>
	<folder>V0-S_canteen_0-G_1_hor</folder>
	<filename>0465.jpg</filename>
	<source>
		<database>My Database</database>
		<annotation>VOC2007</annotation>
		<image>flickr</image>
		<flickrid>NULL</flickrid>
	</source>
	<owner>
		<flickrid>NULL</flickrid>
		<name>dcx</name>
	</owner>
	<size>
		<width>2704</width>
		<height>1520</height>
		<depth>3</depth>
	</size>
	<segmented>0</segmented>
	<object>
		<name>1</name>
		<pose>Unspecified</pose>
		<truncated>0</truncated>
		<difficult>0</difficult>
		<rectangle>
			<xmin>2107</xmin>
			<ymin>480</ymin>
			<xmax>2218</xmax>
			<ymax>715</ymax>
		</rectangle>
	</object>
	<object>
		<name>3</name>
		<pose>Unspecified</pose>
		<truncated>0</truncated>
		<difficult>0</difficult>
		<rectangle>
			<xmin>1620</xmin>
			<ymin>409</ymin>
			<xmax>1825</xmax>
			<ymax>1026</ymax>
		</rectangle>
	</object>
	<object>
		<name>4</name>
		<pose>Unspecified</pose>
		<truncated>0</truncated>
		<difficult>0</difficult>
		<rectangle>
			<xmin>1130</xmin>
			<ymin>409</ymin>
			<xmax>1242</xmax>
			<ymax>694</ymax>
		</rectangle>
	</object>
	<object>
		<name>5</name>
		<pose>Unspecified</pose>
		<truncated>0</truncated>
		<difficult>0</difficult>
		<rectangle>
			<xmin>2292</xmin>
			<ymin>494</ymin>
			<xmax>2426</xmax>
			<ymax>821</ymax>
		</rectangle>
	</object>
	<object>
		<name>6</name>
		<pose>Unspecified</pose>
		<truncated>0</truncated>
		<difficult>0</difficult>
		<rectangle>
			<xmin>711</xmin>
			<ymin>346</ymin>
			<xmax>905</xmax>
			<ymax>845</ymax>
		</rectangle>
	</object>
	<object>
		<name>7</name>
		<pose>Unspecified</pose>
		<truncated>0</truncated>
		<difficult>0</difficult>
		<rectangle>
			<xmin>1563</xmin>
			<ymin>442</ymin>
			<xmax>1641</xmax>
			<ymax>667</ymax>
		</rectangle>
	</object>
</annotation>
