<annotation>
	<folder>V0-S_canteen_0-G_1_hor</folder>
	<filename>0466.jpg</filename>
	<source>
		<database>My Database</database>
		<annotation>VOC2007</annotation>
		<image>flickr</image>
		<flickrid>NULL</flickrid>
	</source>
	<owner>
		<flickrid>NULL</flickrid>
		<name>dcx</name>
	</owner>
	<size>
		<width>2704</width>
		<height>1520</height>
		<depth>3</depth>
	</size>
	<segmented>0</segmented>
	<object>
		<name>6</name>
		<pose>Unspecified</pose>
		<truncated>0</truncated>
		<difficult>0</difficult>
		<rectangle>
			<xmin>694</xmin>
			<ymin>349</ymin>
			<xmax>897</xmax>
			<ymax>850</ymax>
		</rectangle>
	</object>
	<object>
		<name>4</name>
		<pose>Unspecified</pose>
		<truncated>0</truncated>
		<difficult>0</difficult>
		<rectangle>
			<xmin>1131</xmin>
			<ymin>413</ymin>
			<xmax>1245</xmax>
			<ymax>696</ymax>
		</rectangle>
	</object>
	<object>
		<name>7</name>
		<pose>Unspecified</pose>
		<truncated>0</truncated>
		<difficult>0</difficult>
		<rectangle>
			<xmin>1565</xmin>
			<ymin>444</ymin>
			<xmax>1641</xmax>
			<ymax>669</ymax>
		</rectangle>
	</object>
	<object>
		<name>3</name>
		<pose>Unspecified</pose>
		<truncated>0</truncated>
		<difficult>0</difficult>
		<rectangle>
			<xmin>1639</xmin>
			<ymin>411</ymin>
			<xmax>1836</xmax>
			<ymax>1032</ymax>
		</rectangle>
	</object>
	<object>
		<name>5</name>
		<pose>Unspecified</pose>
		<truncated>0</truncated>
		<difficult>0</difficult>
		<rectangle>
			<xmin>2286</xmin>
			<ymin>496</ymin>
			<xmax>2422</xmax>
			<ymax>821</ymax>
		</rectangle>
	</object>
	<object>
		<name>1</name>
		<pose>Unspecified</pose>
		<truncated>0</truncated>
		<difficult>0</difficult>
		<rectangle>
			<xmin>2106</xmin>
			<ymin>482</ymin>
			<xmax>2216</xmax>
			<ymax>717</ymax>
		</rectangle>
	</object>
</annotation>
