<annotation>
	<folder>V0-S_canteen_0-G_1_hor</folder>
	<filename>0467.jpg</filename>
	<source>
		<database>My Database</database>
		<annotation>VOC2007</annotation>
		<image>flickr</image>
		<flickrid>NULL</flickrid>
	</source>
	<owner>
		<flickrid>NULL</flickrid>
		<name>dcx</name>
	</owner>
	<size>
		<width>2704</width>
		<height>1520</height>
		<depth>3</depth>
	</size>
	<segmented>0</segmented>
	<object>
		<name>1</name>
		<pose>Unspecified</pose>
		<truncated>0</truncated>
		<difficult>0</difficult>
		<rectangle>
			<xmin>2102</xmin>
			<ymin>483</ymin>
			<xmax>2214</xmax>
			<ymax>719</ymax>
		</rectangle>
	</object>
	<object>
		<name>3</name>
		<pose>Unspecified</pose>
		<truncated>0</truncated>
		<difficult>0</difficult>
		<rectangle>
			<xmin>1637</xmin>
			<ymin>414</ymin>
			<xmax>1854</xmax>
			<ymax>1033</ymax>
		</rectangle>
	</object>
	<object>
		<name>4</name>
		<pose>Unspecified</pose>
		<truncated>0</truncated>
		<difficult>0</difficult>
		<rectangle>
			<xmin>1132</xmin>
			<ymin>415</ymin>
			<xmax>1244</xmax>
			<ymax>697</ymax>
		</rectangle>
	</object>
	<object>
		<name>5</name>
		<pose>Unspecified</pose>
		<truncated>0</truncated>
		<difficult>0</difficult>
		<rectangle>
			<xmin>2273</xmin>
			<ymin>498</ymin>
			<xmax>2415</xmax>
			<ymax>822</ymax>
		</rectangle>
	</object>
	<object>
		<name>6</name>
		<pose>Unspecified</pose>
		<truncated>0</truncated>
		<difficult>0</difficult>
		<rectangle>
			<xmin>688</xmin>
			<ymin>352</ymin>
			<xmax>891</xmax>
			<ymax>858</ymax>
		</rectangle>
	</object>
	<object>
		<name>7</name>
		<pose>Unspecified</pose>
		<truncated>0</truncated>
		<difficult>0</difficult>
		<rectangle>
			<xmin>1563</xmin>
			<ymin>446</ymin>
			<xmax>1640</xmax>
			<ymax>672</ymax>
		</rectangle>
	</object>
</annotation>
