<annotation>
	<folder>V0-S_canteen_0-G_1_hor</folder>
	<filename>0469.jpg</filename>
	<source>
		<database>My Database</database>
		<annotation>VOC2007</annotation>
		<image>flickr</image>
		<flickrid>NULL</flickrid>
	</source>
	<owner>
		<flickrid>NULL</flickrid>
		<name>dcx</name>
	</owner>
	<size>
		<width>2704</width>
		<height>1520</height>
		<depth>3</depth>
	</size>
	<segmented>0</segmented>
	<object>
		<name>1</name>
		<pose>Unspecified</pose>
		<truncated>0</truncated>
		<difficult>0</difficult>
		<rectangle>
			<xmin>2095</xmin>
			<ymin>486</ymin>
			<xmax>2209</xmax>
			<ymax>723</ymax>
		</rectangle>
	</object>
	<object>
		<name>3</name>
		<pose>Unspecified</pose>
		<truncated>0</truncated>
		<difficult>0</difficult>
		<rectangle>
			<xmin>1634</xmin>
			<ymin>419</ymin>
			<xmax>1890</xmax>
			<ymax>1036</ymax>
		</rectangle>
	</object>
	<object>
		<name>4</name>
		<pose>Unspecified</pose>
		<truncated>0</truncated>
		<difficult>0</difficult>
		<rectangle>
			<xmin>1135</xmin>
			<ymin>418</ymin>
			<xmax>1241</xmax>
			<ymax>699</ymax>
		</rectangle>
	</object>
	<object>
		<name>5</name>
		<pose>Unspecified</pose>
		<truncated>0</truncated>
		<difficult>0</difficult>
		<rectangle>
			<xmin>2246</xmin>
			<ymin>502</ymin>
			<xmax>2400</xmax>
			<ymax>823</ymax>
		</rectangle>
	</object>
	<object>
		<name>6</name>
		<pose>Unspecified</pose>
		<truncated>0</truncated>
		<difficult>0</difficult>
		<rectangle>
			<xmin>675</xmin>
			<ymin>357</ymin>
			<xmax>878</xmax>
			<ymax>873</ymax>
		</rectangle>
	</object>
	<object>
		<name>7</name>
		<pose>Unspecified</pose>
		<truncated>0</truncated>
		<difficult>0</difficult>
		<rectangle>
			<xmin>1558</xmin>
			<ymin>451</ymin>
			<xmax>1637</xmax>
			<ymax>677</ymax>
		</rectangle>
	</object>
</annotation>
