<annotation>
	<folder>V0-S_canteen_0-G_1_hor</folder>
	<filename>0470.jpg</filename>
	<source>
		<database>My Database</database>
		<annotation>VOC2007</annotation>
		<image>flickr</image>
		<flickrid>NULL</flickrid>
	</source>
	<owner>
		<flickrid>NULL</flickrid>
		<name>dcx</name>
	</owner>
	<size>
		<width>2704</width>
		<height>1520</height>
		<depth>3</depth>
	</size>
	<segmented>0</segmented>
	<object>
		<name>1</name>
		<pose>Unspecified</pose>
		<truncated>0</truncated>
		<difficult>0</difficult>
		<rectangle>
			<xmin>2091</xmin>
			<ymin>488</ymin>
			<xmax>2207</xmax>
			<ymax>725</ymax>
		</rectangle>
	</object>
	<object>
		<name>3</name>
		<pose>Unspecified</pose>
		<truncated>0</truncated>
		<difficult>0</difficult>
		<rectangle>
			<xmin>1632</xmin>
			<ymin>422</ymin>
			<xmax>1908</xmax>
			<ymax>1037</ymax>
		</rectangle>
	</object>
	<object>
		<name>4</name>
		<pose>Unspecified</pose>
		<truncated>0</truncated>
		<difficult>0</difficult>
		<rectangle>
			<xmin>1136</xmin>
			<ymin>420</ymin>
			<xmax>1239</xmax>
			<ymax>700</ymax>
		</rectangle>
	</object>
	<object>
		<name>5</name>
		<pose>Unspecified</pose>
		<truncated>0</truncated>
		<difficult>0</difficult>
		<rectangle>
			<xmin>2233</xmin>
			<ymin>504</ymin>
			<xmax>2392</xmax>
			<ymax>824</ymax>
		</rectangle>
	</object>
	<object>
		<name>6</name>
		<pose>Unspecified</pose>
		<truncated>0</truncated>
		<difficult>0</difficult>
		<rectangle>
			<xmin>668</xmin>
			<ymin>359</ymin>
			<xmax>871</xmax>
			<ymax>880</ymax>
		</rectangle>
	</object>
	<object>
		<name>7</name>
		<pose>Unspecified</pose>
		<truncated>0</truncated>
		<difficult>0</difficult>
		<rectangle>
			<xmin>1556</xmin>
			<ymin>454</ymin>
			<xmax>1635</xmax>
			<ymax>679</ymax>
		</rectangle>
	</object>
</annotation>
