<annotation>
	<folder>V0-S_canteen_0-G_1_hor</folder>
	<filename>0471.jpg</filename>
	<source>
		<database>My Database</database>
		<annotation>VOC2007</annotation>
		<image>flickr</image>
		<flickrid>NULL</flickrid>
	</source>
	<owner>
		<flickrid>NULL</flickrid>
		<name>dcx</name>
	</owner>
	<size>
		<width>2704</width>
		<height>1520</height>
		<depth>3</depth>
	</size>
	<segmented>0</segmented>
	<object>
		<name>6</name>
		<pose>Unspecified</pose>
		<truncated>0</truncated>
		<difficult>0</difficult>
		<rectangle>
			<xmin>662</xmin>
			<ymin>362</ymin>
			<xmax>865</xmax>
			<ymax>888</ymax>
		</rectangle>
	</object>
	<object>
		<name>4</name>
		<pose>Unspecified</pose>
		<truncated>0</truncated>
		<difficult>0</difficult>
		<rectangle>
			<xmin>1137</xmin>
			<ymin>422</ymin>
			<xmax>1238</xmax>
			<ymax>701</ymax>
		</rectangle>
	</object>
	<object>
		<name>7</name>
		<pose>Unspecified</pose>
		<truncated>0</truncated>
		<difficult>0</difficult>
		<rectangle>
			<xmin>1554</xmin>
			<ymin>456</ymin>
			<xmax>1634</xmax>
			<ymax>682</ymax>
		</rectangle>
	</object>
	<object>
		<name>3</name>
		<pose>Unspecified</pose>
		<truncated>0</truncated>
		<difficult>0</difficult>
		<rectangle>
			<xmin>1630</xmin>
			<ymin>425</ymin>
			<xmax>1926</xmax>
			<ymax>1038</ymax>
		</rectangle>
	</object>
	<object>
		<name>5</name>
		<pose>Unspecified</pose>
		<truncated>0</truncated>
		<difficult>0</difficult>
		<rectangle>
			<xmin>2220</xmin>
			<ymin>506</ymin>
			<xmax>2385</xmax>
			<ymax>825</ymax>
		</rectangle>
	</object>
	<object>
		<name>1</name>
		<pose>Unspecified</pose>
		<truncated>0</truncated>
		<difficult>0</difficult>
		<rectangle>
			<xmin>2087</xmin>
			<ymin>489</ymin>
			<xmax>2205</xmax>
			<ymax>727</ymax>
		</rectangle>
	</object>
</annotation>
