<annotation>
	<folder>V0-S_canteen_0-G_1_hor</folder>
	<filename>0472.jpg</filename>
	<source>
		<database>My Database</database>
		<annotation>VOC2007</annotation>
		<image>flickr</image>
		<flickrid>NULL</flickrid>
	</source>
	<owner>
		<flickrid>NULL</flickrid>
		<name>dcx</name>
	</owner>
	<size>
		<width>2704</width>
		<height>1520</height>
		<depth>3</depth>
	</size>
	<segmented>0</segmented>
	<object>
		<name>1</name>
		<pose>Unspecified</pose>
		<truncated>0</truncated>
		<difficult>0</difficult>
		<rectangle>
			<xmin>2085</xmin>
			<ymin>491</ymin>
			<xmax>2203</xmax>
			<ymax>728</ymax>
		</rectangle>
	</object>
	<object>
		<name>3</name>
		<pose>Unspecified</pose>
		<truncated>0</truncated>
		<difficult>0</difficult>
		<rectangle>
			<xmin>1634</xmin>
			<ymin>427</ymin>
			<xmax>1929</xmax>
			<ymax>1039</ymax>
		</rectangle>
	</object>
	<object>
		<name>4</name>
		<pose>Unspecified</pose>
		<truncated>0</truncated>
		<difficult>0</difficult>
		<rectangle>
			<xmin>1140</xmin>
			<ymin>423</ymin>
			<xmax>1237</xmax>
			<ymax>701</ymax>
		</rectangle>
	</object>
	<object>
		<name>5</name>
		<pose>Unspecified</pose>
		<truncated>0</truncated>
		<difficult>0</difficult>
		<rectangle>
			<xmin>2214</xmin>
			<ymin>507</ymin>
			<xmax>2377</xmax>
			<ymax>827</ymax>
		</rectangle>
	</object>
	<object>
		<name>6</name>
		<pose>Unspecified</pose>
		<truncated>0</truncated>
		<difficult>0</difficult>
		<rectangle>
			<xmin>648</xmin>
			<ymin>361</ymin>
			<xmax>857</xmax>
			<ymax>892</ymax>
		</rectangle>
	</object>
	<object>
		<name>7</name>
		<pose>Unspecified</pose>
		<truncated>0</truncated>
		<difficult>0</difficult>
		<rectangle>
			<xmin>1553</xmin>
			<ymin>457</ymin>
			<xmax>1632</xmax>
			<ymax>685</ymax>
		</rectangle>
	</object>
</annotation>
