<annotation>
	<folder>V0-S_canteen_0-G_1_hor</folder>
	<filename>0473.jpg</filename>
	<source>
		<database>My Database</database>
		<annotation>VOC2007</annotation>
		<image>flickr</image>
		<flickrid>NULL</flickrid>
	</source>
	<owner>
		<flickrid>NULL</flickrid>
		<name>dcx</name>
	</owner>
	<size>
		<width>2704</width>
		<height>1520</height>
		<depth>3</depth>
	</size>
	<segmented>0</segmented>
	<object>
		<name>1</name>
		<pose>Unspecified</pose>
		<truncated>0</truncated>
		<difficult>0</difficult>
		<rectangle>
			<xmin>2084</xmin>
			<ymin>493</ymin>
			<xmax>2200</xmax>
			<ymax>730</ymax>
		</rectangle>
	</object>
	<object>
		<name>3</name>
		<pose>Unspecified</pose>
		<truncated>0</truncated>
		<difficult>0</difficult>
		<rectangle>
			<xmin>1638</xmin>
			<ymin>430</ymin>
			<xmax>1932</xmax>
			<ymax>1040</ymax>
		</rectangle>
	</object>
	<object>
		<name>4</name>
		<pose>Unspecified</pose>
		<truncated>0</truncated>
		<difficult>0</difficult>
		<rectangle>
			<xmin>1143</xmin>
			<ymin>424</ymin>
			<xmax>1236</xmax>
			<ymax>700</ymax>
		</rectangle>
	</object>
	<object>
		<name>5</name>
		<pose>Unspecified</pose>
		<truncated>0</truncated>
		<difficult>0</difficult>
		<rectangle>
			<xmin>2207</xmin>
			<ymin>509</ymin>
			<xmax>2368</xmax>
			<ymax>828</ymax>
		</rectangle>
	</object>
	<object>
		<name>6</name>
		<pose>Unspecified</pose>
		<truncated>0</truncated>
		<difficult>0</difficult>
		<rectangle>
			<xmin>634</xmin>
			<ymin>359</ymin>
			<xmax>849</xmax>
			<ymax>897</ymax>
		</rectangle>
	</object>
	<object>
		<name>7</name>
		<pose>Unspecified</pose>
		<truncated>0</truncated>
		<difficult>0</difficult>
		<rectangle>
			<xmin>1552</xmin>
			<ymin>458</ymin>
			<xmax>1630</xmax>
			<ymax>688</ymax>
		</rectangle>
	</object>
</annotation>
