<annotation>
	<folder>V0-S_canteen_0-G_1_hor</folder>
	<filename>0474.jpg</filename>
	<source>
		<database>My Database</database>
		<annotation>VOC2007</annotation>
		<image>flickr</image>
		<flickrid>NULL</flickrid>
	</source>
	<owner>
		<flickrid>NULL</flickrid>
		<name>dcx</name>
	</owner>
	<size>
		<width>2704</width>
		<height>1520</height>
		<depth>3</depth>
	</size>
	<segmented>0</segmented>
	<object>
		<name>1</name>
		<pose>Unspecified</pose>
		<truncated>0</truncated>
		<difficult>0</difficult>
		<rectangle>
			<xmin>2082</xmin>
			<ymin>494</ymin>
			<xmax>2198</xmax>
			<ymax>731</ymax>
		</rectangle>
	</object>
	<object>
		<name>3</name>
		<pose>Unspecified</pose>
		<truncated>0</truncated>
		<difficult>0</difficult>
		<rectangle>
			<xmin>1641</xmin>
			<ymin>432</ymin>
			<xmax>1935</xmax>
			<ymax>1040</ymax>
		</rectangle>
	</object>
	<object>
		<name>4</name>
		<pose>Unspecified</pose>
		<truncated>0</truncated>
		<difficult>0</difficult>
		<rectangle>
			<xmin>1146</xmin>
			<ymin>425</ymin>
			<xmax>1235</xmax>
			<ymax>700</ymax>
		</rectangle>
	</object>
	<object>
		<name>5</name>
		<pose>Unspecified</pose>
		<truncated>0</truncated>
		<difficult>0</difficult>
		<rectangle>
			<xmin>2201</xmin>
			<ymin>510</ymin>
			<xmax>2360</xmax>
			<ymax>830</ymax>
		</rectangle>
	</object>
	<object>
		<name>6</name>
		<pose>Unspecified</pose>
		<truncated>0</truncated>
		<difficult>0</difficult>
		<rectangle>
			<xmin>620</xmin>
			<ymin>358</ymin>
			<xmax>841</xmax>
			<ymax>901</ymax>
		</rectangle>
	</object>
	<object>
		<name>7</name>
		<pose>Unspecified</pose>
		<truncated>0</truncated>
		<difficult>0</difficult>
		<rectangle>
			<xmin>1550</xmin>
			<ymin>460</ymin>
			<xmax>1628</xmax>
			<ymax>690</ymax>
		</rectangle>
	</object>
</annotation>
