<annotation>
	<folder>V0-S_canteen_0-G_1_hor</folder>
	<filename>0475.jpg</filename>
	<source>
		<database>My Database</database>
		<annotation>VOC2007</annotation>
		<image>flickr</image>
		<flickrid>NULL</flickrid>
	</source>
	<owner>
		<flickrid>NULL</flickrid>
		<name>dcx</name>
	</owner>
	<size>
		<width>2704</width>
		<height>1520</height>
		<depth>3</depth>
	</size>
	<segmented>0</segmented>
	<object>
		<name>1</name>
		<pose>Unspecified</pose>
		<truncated>0</truncated>
		<difficult>0</difficult>
		<rectangle>
			<xmin>2081</xmin>
			<ymin>496</ymin>
			<xmax>2195</xmax>
			<ymax>733</ymax>
		</rectangle>
	</object>
	<object>
		<name>3</name>
		<pose>Unspecified</pose>
		<truncated>0</truncated>
		<difficult>0</difficult>
		<rectangle>
			<xmin>1645</xmin>
			<ymin>435</ymin>
			<xmax>1938</xmax>
			<ymax>1041</ymax>
		</rectangle>
	</object>
	<object>
		<name>4</name>
		<pose>Unspecified</pose>
		<truncated>0</truncated>
		<difficult>0</difficult>
		<rectangle>
			<xmin>1149</xmin>
			<ymin>426</ymin>
			<xmax>1234</xmax>
			<ymax>699</ymax>
		</rectangle>
	</object>
	<object>
		<name>5</name>
		<pose>Unspecified</pose>
		<truncated>0</truncated>
		<difficult>0</difficult>
		<rectangle>
			<xmin>2194</xmin>
			<ymin>512</ymin>
			<xmax>2351</xmax>
			<ymax>831</ymax>
		</rectangle>
	</object>
	<object>
		<name>6</name>
		<pose>Unspecified</pose>
		<truncated>0</truncated>
		<difficult>0</difficult>
		<rectangle>
			<xmin>606</xmin>
			<ymin>356</ymin>
			<xmax>833</xmax>
			<ymax>906</ymax>
		</rectangle>
	</object>
	<object>
		<name>7</name>
		<pose>Unspecified</pose>
		<truncated>0</truncated>
		<difficult>0</difficult>
		<rectangle>
			<xmin>1549</xmin>
			<ymin>461</ymin>
			<xmax>1626</xmax>
			<ymax>693</ymax>
		</rectangle>
	</object>
</annotation>
