<annotation>
	<folder>V0-S_canteen_0-G_1_hor</folder>
	<filename>0477.jpg</filename>
	<source>
		<database>My Database</database>
		<annotation>VOC2007</annotation>
		<image>flickr</image>
		<flickrid>NULL</flickrid>
	</source>
	<owner>
		<flickrid>NULL</flickrid>
		<name>dcx</name>
	</owner>
	<size>
		<width>2704</width>
		<height>1520</height>
		<depth>3</depth>
	</size>
	<segmented>0</segmented>
	<object>
		<name>1</name>
		<pose>Unspecified</pose>
		<truncated>0</truncated>
		<difficult>0</difficult>
		<rectangle>
			<xmin>2079</xmin>
			<ymin>499</ymin>
			<xmax>2193</xmax>
			<ymax>734</ymax>
		</rectangle>
	</object>
	<object>
		<name>3</name>
		<pose>Unspecified</pose>
		<truncated>0</truncated>
		<difficult>0</difficult>
		<rectangle>
			<xmin>1669</xmin>
			<ymin>438</ymin>
			<xmax>1951</xmax>
			<ymax>1042</ymax>
		</rectangle>
	</object>
	<object>
		<name>4</name>
		<pose>Unspecified</pose>
		<truncated>0</truncated>
		<difficult>0</difficult>
		<rectangle>
			<xmin>1155</xmin>
			<ymin>427</ymin>
			<xmax>1236</xmax>
			<ymax>698</ymax>
		</rectangle>
	</object>
	<object>
		<name>5</name>
		<pose>Unspecified</pose>
		<truncated>0</truncated>
		<difficult>0</difficult>
		<rectangle>
			<xmin>2188</xmin>
			<ymin>513</ymin>
			<xmax>2338</xmax>
			<ymax>830</ymax>
		</rectangle>
	</object>
	<object>
		<name>6</name>
		<pose>Unspecified</pose>
		<truncated>0</truncated>
		<difficult>0</difficult>
		<rectangle>
			<xmin>586</xmin>
			<ymin>352</ymin>
			<xmax>827</xmax>
			<ymax>912</ymax>
		</rectangle>
	</object>
	<object>
		<name>7</name>
		<pose>Unspecified</pose>
		<truncated>0</truncated>
		<difficult>0</difficult>
		<rectangle>
			<xmin>1549</xmin>
			<ymin>461</ymin>
			<xmax>1624</xmax>
			<ymax>696</ymax>
		</rectangle>
	</object>
</annotation>
