<annotation>
	<folder>V0-S_canteen_0-G_1_hor</folder>
	<filename>0479.jpg</filename>
	<source>
		<database>My Database</database>
		<annotation>VOC2007</annotation>
		<image>flickr</image>
		<flickrid>NULL</flickrid>
	</source>
	<owner>
		<flickrid>NULL</flickrid>
		<name>dcx</name>
	</owner>
	<size>
		<width>2704</width>
		<height>1520</height>
		<depth>3</depth>
	</size>
	<segmented>0</segmented>
	<object>
		<name>1</name>
		<pose>Unspecified</pose>
		<truncated>0</truncated>
		<difficult>0</difficult>
		<rectangle>
			<xmin>2080</xmin>
			<ymin>500</ymin>
			<xmax>2194</xmax>
			<ymax>733</ymax>
		</rectangle>
	</object>
	<object>
		<name>3</name>
		<pose>Unspecified</pose>
		<truncated>0</truncated>
		<difficult>0</difficult>
		<rectangle>
			<xmin>1710</xmin>
			<ymin>440</ymin>
			<xmax>1972</xmax>
			<ymax>1042</ymax>
		</rectangle>
	</object>
	<object>
		<name>4</name>
		<pose>Unspecified</pose>
		<truncated>0</truncated>
		<difficult>0</difficult>
		<rectangle>
			<xmin>1162</xmin>
			<ymin>428</ymin>
			<xmax>1243</xmax>
			<ymax>696</ymax>
		</rectangle>
	</object>
	<object>
		<name>5</name>
		<pose>Unspecified</pose>
		<truncated>0</truncated>
		<difficult>0</difficult>
		<rectangle>
			<xmin>2187</xmin>
			<ymin>514</ymin>
			<xmax>2328</xmax>
			<ymax>823</ymax>
		</rectangle>
	</object>
	<object>
		<name>6</name>
		<pose>Unspecified</pose>
		<truncated>0</truncated>
		<difficult>0</difficult>
		<rectangle>
			<xmin>574</xmin>
			<ymin>346</ymin>
			<xmax>832</xmax>
			<ymax>917</ymax>
		</rectangle>
	</object>
	<object>
		<name>7</name>
		<pose>Unspecified</pose>
		<truncated>0</truncated>
		<difficult>0</difficult>
		<rectangle>
			<xmin>1550</xmin>
			<ymin>460</ymin>
			<xmax>1624</xmax>
			<ymax>696</ymax>
		</rectangle>
	</object>
</annotation>
