<annotation>
	<folder>V0-S_canteen_0-G_1_hor</folder>
	<filename>0480.jpg</filename>
	<source>
		<database>My Database</database>
		<annotation>VOC2007</annotation>
		<image>flickr</image>
		<flickrid>NULL</flickrid>
	</source>
	<owner>
		<flickrid>NULL</flickrid>
		<name>dcx</name>
	</owner>
	<size>
		<width>2704</width>
		<height>1520</height>
		<depth>3</depth>
	</size>
	<segmented>0</segmented>
	<object>
		<name>1</name>
		<pose>Unspecified</pose>
		<truncated>0</truncated>
		<difficult>0</difficult>
		<rectangle>
			<xmin>2081</xmin>
			<ymin>501</ymin>
			<xmax>2195</xmax>
			<ymax>733</ymax>
		</rectangle>
	</object>
	<object>
		<name>3</name>
		<pose>Unspecified</pose>
		<truncated>0</truncated>
		<difficult>0</difficult>
		<rectangle>
			<xmin>1730</xmin>
			<ymin>441</ymin>
			<xmax>1983</xmax>
			<ymax>1042</ymax>
		</rectangle>
	</object>
	<object>
		<name>4</name>
		<pose>Unspecified</pose>
		<truncated>0</truncated>
		<difficult>0</difficult>
		<rectangle>
			<xmin>1165</xmin>
			<ymin>428</ymin>
			<xmax>1247</xmax>
			<ymax>695</ymax>
		</rectangle>
	</object>
	<object>
		<name>5</name>
		<pose>Unspecified</pose>
		<truncated>0</truncated>
		<difficult>0</difficult>
		<rectangle>
			<xmin>2187</xmin>
			<ymin>515</ymin>
			<xmax>2323</xmax>
			<ymax>820</ymax>
		</rectangle>
	</object>
	<object>
		<name>6</name>
		<pose>Unspecified</pose>
		<truncated>0</truncated>
		<difficult>0</difficult>
		<rectangle>
			<xmin>568</xmin>
			<ymin>343</ymin>
			<xmax>835</xmax>
			<ymax>919</ymax>
		</rectangle>
	</object>
	<object>
		<name>7</name>
		<pose>Unspecified</pose>
		<truncated>0</truncated>
		<difficult>0</difficult>
		<rectangle>
			<xmin>1551</xmin>
			<ymin>459</ymin>
			<xmax>1624</xmax>
			<ymax>696</ymax>
		</rectangle>
	</object>
</annotation>
