<annotation>
	<folder>V0-S_canteen_0-G_1_hor</folder>
	<filename>0481.jpg</filename>
	<source>
		<database>My Database</database>
		<annotation>VOC2007</annotation>
		<image>flickr</image>
		<flickrid>NULL</flickrid>
	</source>
	<owner>
		<flickrid>NULL</flickrid>
		<name>dcx</name>
	</owner>
	<size>
		<width>2704</width>
		<height>1520</height>
		<depth>3</depth>
	</size>
	<segmented>0</segmented>
	<object>
		<name>6</name>
		<pose>Unspecified</pose>
		<truncated>0</truncated>
		<difficult>0</difficult>
		<rectangle>
			<xmin>562</xmin>
			<ymin>340</ymin>
			<xmax>837</xmax>
			<ymax>921</ymax>
		</rectangle>
	</object>
	<object>
		<name>4</name>
		<pose>Unspecified</pose>
		<truncated>0</truncated>
		<difficult>0</difficult>
		<rectangle>
			<xmin>1168</xmin>
			<ymin>428</ymin>
			<xmax>1250</xmax>
			<ymax>694</ymax>
		</rectangle>
	</object>
	<object>
		<name>7</name>
		<pose>Unspecified</pose>
		<truncated>0</truncated>
		<difficult>0</difficult>
		<rectangle>
			<xmin>1552</xmin>
			<ymin>458</ymin>
			<xmax>1624</xmax>
			<ymax>696</ymax>
		</rectangle>
	</object>
	<object>
		<name>3</name>
		<pose>Unspecified</pose>
		<truncated>0</truncated>
		<difficult>0</difficult>
		<rectangle>
			<xmin>1750</xmin>
			<ymin>442</ymin>
			<xmax>1993</xmax>
			<ymax>1042</ymax>
		</rectangle>
	</object>
	<object>
		<name>5</name>
		<pose>Unspecified</pose>
		<truncated>0</truncated>
		<difficult>0</difficult>
		<rectangle>
			<xmin>2187</xmin>
			<ymin>515</ymin>
			<xmax>2318</xmax>
			<ymax>817</ymax>
		</rectangle>
	</object>
	<object>
		<name>1</name>
		<pose>Unspecified</pose>
		<truncated>0</truncated>
		<difficult>0</difficult>
		<rectangle>
			<xmin>2081</xmin>
			<ymin>502</ymin>
			<xmax>2195</xmax>
			<ymax>733</ymax>
		</rectangle>
	</object>
</annotation>
