<annotation>
	<folder>V0-S_canteen_0-G_1_hor</folder>
	<filename>0482.jpg</filename>
	<source>
		<database>My Database</database>
		<annotation>VOC2007</annotation>
		<image>flickr</image>
		<flickrid>NULL</flickrid>
	</source>
	<owner>
		<flickrid>NULL</flickrid>
		<name>dcx</name>
	</owner>
	<size>
		<width>2704</width>
		<height>1520</height>
		<depth>3</depth>
	</size>
	<segmented>0</segmented>
	<object>
		<name>1</name>
		<pose>Unspecified</pose>
		<truncated>0</truncated>
		<difficult>0</difficult>
		<rectangle>
			<xmin>2081</xmin>
			<ymin>501</ymin>
			<xmax>2196</xmax>
			<ymax>733</ymax>
		</rectangle>
	</object>
	<object>
		<name>3</name>
		<pose>Unspecified</pose>
		<truncated>0</truncated>
		<difficult>0</difficult>
		<rectangle>
			<xmin>1759</xmin>
			<ymin>442</ymin>
			<xmax>2004</xmax>
			<ymax>1043</ymax>
		</rectangle>
	</object>
	<object>
		<name>4</name>
		<pose>Unspecified</pose>
		<truncated>0</truncated>
		<difficult>0</difficult>
		<rectangle>
			<xmin>1169</xmin>
			<ymin>429</ymin>
			<xmax>1255</xmax>
			<ymax>693</ymax>
		</rectangle>
	</object>
	<object>
		<name>5</name>
		<pose>Unspecified</pose>
		<truncated>0</truncated>
		<difficult>0</difficult>
		<rectangle>
			<xmin>2188</xmin>
			<ymin>513</ymin>
			<xmax>2315</xmax>
			<ymax>815</ymax>
		</rectangle>
	</object>
	<object>
		<name>6</name>
		<pose>Unspecified</pose>
		<truncated>0</truncated>
		<difficult>0</difficult>
		<rectangle>
			<xmin>564</xmin>
			<ymin>343</ymin>
			<xmax>841</xmax>
			<ymax>930</ymax>
		</rectangle>
	</object>
	<object>
		<name>7</name>
		<pose>Unspecified</pose>
		<truncated>0</truncated>
		<difficult>0</difficult>
		<rectangle>
			<xmin>1553</xmin>
			<ymin>458</ymin>
			<xmax>1626</xmax>
			<ymax>697</ymax>
		</rectangle>
	</object>
</annotation>
