<annotation>
	<folder>V0-S_canteen_0-G_1_hor</folder>
	<filename>0483.jpg</filename>
	<source>
		<database>My Database</database>
		<annotation>VOC2007</annotation>
		<image>flickr</image>
		<flickrid>NULL</flickrid>
	</source>
	<owner>
		<flickrid>NULL</flickrid>
		<name>dcx</name>
	</owner>
	<size>
		<width>2704</width>
		<height>1520</height>
		<depth>3</depth>
	</size>
	<segmented>0</segmented>
	<object>
		<name>1</name>
		<pose>Unspecified</pose>
		<truncated>0</truncated>
		<difficult>0</difficult>
		<rectangle>
			<xmin>2082</xmin>
			<ymin>500</ymin>
			<xmax>2197</xmax>
			<ymax>732</ymax>
		</rectangle>
	</object>
	<object>
		<name>3</name>
		<pose>Unspecified</pose>
		<truncated>0</truncated>
		<difficult>0</difficult>
		<rectangle>
			<xmin>1768</xmin>
			<ymin>442</ymin>
			<xmax>2014</xmax>
			<ymax>1043</ymax>
		</rectangle>
	</object>
	<object>
		<name>4</name>
		<pose>Unspecified</pose>
		<truncated>0</truncated>
		<difficult>0</difficult>
		<rectangle>
			<xmin>1170</xmin>
			<ymin>430</ymin>
			<xmax>1260</xmax>
			<ymax>693</ymax>
		</rectangle>
	</object>
	<object>
		<name>5</name>
		<pose>Unspecified</pose>
		<truncated>0</truncated>
		<difficult>0</difficult>
		<rectangle>
			<xmin>2189</xmin>
			<ymin>511</ymin>
			<xmax>2312</xmax>
			<ymax>812</ymax>
		</rectangle>
	</object>
	<object>
		<name>6</name>
		<pose>Unspecified</pose>
		<truncated>0</truncated>
		<difficult>0</difficult>
		<rectangle>
			<xmin>566</xmin>
			<ymin>346</ymin>
			<xmax>844</xmax>
			<ymax>939</ymax>
		</rectangle>
	</object>
	<object>
		<name>7</name>
		<pose>Unspecified</pose>
		<truncated>0</truncated>
		<difficult>0</difficult>
		<rectangle>
			<xmin>1554</xmin>
			<ymin>458</ymin>
			<xmax>1628</xmax>
			<ymax>698</ymax>
		</rectangle>
	</object>
</annotation>
