<annotation>
	<folder>V0-S_canteen_0-G_1_hor</folder>
	<filename>0484.jpg</filename>
	<source>
		<database>My Database</database>
		<annotation>VOC2007</annotation>
		<image>flickr</image>
		<flickrid>NULL</flickrid>
	</source>
	<owner>
		<flickrid>NULL</flickrid>
		<name>dcx</name>
	</owner>
	<size>
		<width>2704</width>
		<height>1520</height>
		<depth>3</depth>
	</size>
	<segmented>0</segmented>
	<object>
		<name>1</name>
		<pose>Unspecified</pose>
		<truncated>0</truncated>
		<difficult>0</difficult>
		<rectangle>
			<xmin>2082</xmin>
			<ymin>499</ymin>
			<xmax>2197</xmax>
			<ymax>732</ymax>
		</rectangle>
	</object>
	<object>
		<name>3</name>
		<pose>Unspecified</pose>
		<truncated>0</truncated>
		<difficult>0</difficult>
		<rectangle>
			<xmin>1777</xmin>
			<ymin>442</ymin>
			<xmax>2025</xmax>
			<ymax>1044</ymax>
		</rectangle>
	</object>
	<object>
		<name>4</name>
		<pose>Unspecified</pose>
		<truncated>0</truncated>
		<difficult>0</difficult>
		<rectangle>
			<xmin>1172</xmin>
			<ymin>430</ymin>
			<xmax>1265</xmax>
			<ymax>692</ymax>
		</rectangle>
	</object>
	<object>
		<name>5</name>
		<pose>Unspecified</pose>
		<truncated>0</truncated>
		<difficult>0</difficult>
		<rectangle>
			<xmin>2191</xmin>
			<ymin>510</ymin>
			<xmax>2309</xmax>
			<ymax>810</ymax>
		</rectangle>
	</object>
	<object>
		<name>6</name>
		<pose>Unspecified</pose>
		<truncated>0</truncated>
		<difficult>0</difficult>
		<rectangle>
			<xmin>569</xmin>
			<ymin>349</ymin>
			<xmax>848</xmax>
			<ymax>948</ymax>
		</rectangle>
	</object>
	<object>
		<name>7</name>
		<pose>Unspecified</pose>
		<truncated>0</truncated>
		<difficult>0</difficult>
		<rectangle>
			<xmin>1554</xmin>
			<ymin>458</ymin>
			<xmax>1629</xmax>
			<ymax>700</ymax>
		</rectangle>
	</object>
</annotation>
