<annotation>
	<folder>V0-S_canteen_0-G_1_hor</folder>
	<filename>0485.jpg</filename>
	<source>
		<database>My Database</database>
		<annotation>VOC2007</annotation>
		<image>flickr</image>
		<flickrid>NULL</flickrid>
	</source>
	<owner>
		<flickrid>NULL</flickrid>
		<name>dcx</name>
	</owner>
	<size>
		<width>2704</width>
		<height>1520</height>
		<depth>3</depth>
	</size>
	<segmented>0</segmented>
	<object>
		<name>1</name>
		<pose>Unspecified</pose>
		<truncated>0</truncated>
		<difficult>0</difficult>
		<rectangle>
			<xmin>2083</xmin>
			<ymin>498</ymin>
			<xmax>2198</xmax>
			<ymax>731</ymax>
		</rectangle>
	</object>
	<object>
		<name>3</name>
		<pose>Unspecified</pose>
		<truncated>0</truncated>
		<difficult>0</difficult>
		<rectangle>
			<xmin>1786</xmin>
			<ymin>442</ymin>
			<xmax>2035</xmax>
			<ymax>1044</ymax>
		</rectangle>
	</object>
	<object>
		<name>4</name>
		<pose>Unspecified</pose>
		<truncated>0</truncated>
		<difficult>0</difficult>
		<rectangle>
			<xmin>1173</xmin>
			<ymin>431</ymin>
			<xmax>1270</xmax>
			<ymax>692</ymax>
		</rectangle>
	</object>
	<object>
		<name>5</name>
		<pose>Unspecified</pose>
		<truncated>0</truncated>
		<difficult>0</difficult>
		<rectangle>
			<xmin>2192</xmin>
			<ymin>508</ymin>
			<xmax>2306</xmax>
			<ymax>807</ymax>
		</rectangle>
	</object>
	<object>
		<name>6</name>
		<pose>Unspecified</pose>
		<truncated>0</truncated>
		<difficult>0</difficult>
		<rectangle>
			<xmin>571</xmin>
			<ymin>352</ymin>
			<xmax>851</xmax>
			<ymax>957</ymax>
		</rectangle>
	</object>
	<object>
		<name>7</name>
		<pose>Unspecified</pose>
		<truncated>0</truncated>
		<difficult>0</difficult>
		<rectangle>
			<xmin>1555</xmin>
			<ymin>458</ymin>
			<xmax>1631</xmax>
			<ymax>701</ymax>
		</rectangle>
	</object>
</annotation>
