<annotation>
	<folder>V0-S_canteen_0-G_1_hor</folder>
	<filename>0486.jpg</filename>
	<source>
		<database>My Database</database>
		<annotation>VOC2007</annotation>
		<image>flickr</image>
		<flickrid>NULL</flickrid>
	</source>
	<owner>
		<flickrid>NULL</flickrid>
		<name>dcx</name>
	</owner>
	<size>
		<width>2704</width>
		<height>1520</height>
		<depth>3</depth>
	</size>
	<segmented>0</segmented>
	<object>
		<name>6</name>
		<pose>Unspecified</pose>
		<truncated>0</truncated>
		<difficult>0</difficult>
		<rectangle>
			<xmin>573</xmin>
			<ymin>355</ymin>
			<xmax>855</xmax>
			<ymax>966</ymax>
		</rectangle>
	</object>
	<object>
		<name>4</name>
		<pose>Unspecified</pose>
		<truncated>0</truncated>
		<difficult>0</difficult>
		<rectangle>
			<xmin>1174</xmin>
			<ymin>432</ymin>
			<xmax>1275</xmax>
			<ymax>691</ymax>
		</rectangle>
	</object>
	<object>
		<name>7</name>
		<pose>Unspecified</pose>
		<truncated>0</truncated>
		<difficult>0</difficult>
		<rectangle>
			<xmin>1556</xmin>
			<ymin>458</ymin>
			<xmax>1633</xmax>
			<ymax>702</ymax>
		</rectangle>
	</object>
	<object>
		<name>3</name>
		<pose>Unspecified</pose>
		<truncated>0</truncated>
		<difficult>0</difficult>
		<rectangle>
			<xmin>1795</xmin>
			<ymin>442</ymin>
			<xmax>2046</xmax>
			<ymax>1045</ymax>
		</rectangle>
	</object>
	<object>
		<name>5</name>
		<pose>Unspecified</pose>
		<truncated>0</truncated>
		<difficult>0</difficult>
		<rectangle>
			<xmin>2193</xmin>
			<ymin>506</ymin>
			<xmax>2303</xmax>
			<ymax>805</ymax>
		</rectangle>
	</object>
	<object>
		<name>1</name>
		<pose>Unspecified</pose>
		<truncated>0</truncated>
		<difficult>0</difficult>
		<rectangle>
			<xmin>2083</xmin>
			<ymin>497</ymin>
			<xmax>2199</xmax>
			<ymax>731</ymax>
		</rectangle>
	</object>
</annotation>
