<annotation>
	<folder>V0-S_canteen_0-G_1_hor</folder>
	<filename>0487.jpg</filename>
	<source>
		<database>My Database</database>
		<annotation>VOC2007</annotation>
		<image>flickr</image>
		<flickrid>NULL</flickrid>
	</source>
	<owner>
		<flickrid>NULL</flickrid>
		<name>dcx</name>
	</owner>
	<size>
		<width>2704</width>
		<height>1520</height>
		<depth>3</depth>
	</size>
	<segmented>0</segmented>
	<object>
		<name>1</name>
		<pose>Unspecified</pose>
		<truncated>0</truncated>
		<difficult>0</difficult>
		<rectangle>
			<xmin>2083</xmin>
			<ymin>497</ymin>
			<xmax>2198</xmax>
			<ymax>730</ymax>
		</rectangle>
	</object>
	<object>
		<name>3</name>
		<pose>Unspecified</pose>
		<truncated>0</truncated>
		<difficult>0</difficult>
		<rectangle>
			<xmin>1798</xmin>
			<ymin>443</ymin>
			<xmax>2048</xmax>
			<ymax>1044</ymax>
		</rectangle>
	</object>
	<object>
		<name>4</name>
		<pose>Unspecified</pose>
		<truncated>0</truncated>
		<difficult>0</difficult>
		<rectangle>
			<xmin>1177</xmin>
			<ymin>431</ymin>
			<xmax>1276</xmax>
			<ymax>691</ymax>
		</rectangle>
	</object>
	<object>
		<name>5</name>
		<pose>Unspecified</pose>
		<truncated>0</truncated>
		<difficult>0</difficult>
		<rectangle>
			<xmin>2185</xmin>
			<ymin>505</ymin>
			<xmax>2298</xmax>
			<ymax>805</ymax>
		</rectangle>
	</object>
	<object>
		<name>6</name>
		<pose>Unspecified</pose>
		<truncated>0</truncated>
		<difficult>0</difficult>
		<rectangle>
			<xmin>576</xmin>
			<ymin>353</ymin>
			<xmax>853</xmax>
			<ymax>970</ymax>
		</rectangle>
	</object>
	<object>
		<name>7</name>
		<pose>Unspecified</pose>
		<truncated>0</truncated>
		<difficult>0</difficult>
		<rectangle>
			<xmin>1556</xmin>
			<ymin>457</ymin>
			<xmax>1634</xmax>
			<ymax>702</ymax>
		</rectangle>
	</object>
</annotation>
