<annotation>
	<folder>V0-S_canteen_0-G_1_hor</folder>
	<filename>0488.jpg</filename>
	<source>
		<database>My Database</database>
		<annotation>VOC2007</annotation>
		<image>flickr</image>
		<flickrid>NULL</flickrid>
	</source>
	<owner>
		<flickrid>NULL</flickrid>
		<name>dcx</name>
	</owner>
	<size>
		<width>2704</width>
		<height>1520</height>
		<depth>3</depth>
	</size>
	<segmented>0</segmented>
	<object>
		<name>1</name>
		<pose>Unspecified</pose>
		<truncated>0</truncated>
		<difficult>0</difficult>
		<rectangle>
			<xmin>2082</xmin>
			<ymin>497</ymin>
			<xmax>2198</xmax>
			<ymax>730</ymax>
		</rectangle>
	</object>
	<object>
		<name>3</name>
		<pose>Unspecified</pose>
		<truncated>0</truncated>
		<difficult>0</difficult>
		<rectangle>
			<xmin>1802</xmin>
			<ymin>445</ymin>
			<xmax>2050</xmax>
			<ymax>1042</ymax>
		</rectangle>
	</object>
	<object>
		<name>4</name>
		<pose>Unspecified</pose>
		<truncated>0</truncated>
		<difficult>0</difficult>
		<rectangle>
			<xmin>1179</xmin>
			<ymin>430</ymin>
			<xmax>1278</xmax>
			<ymax>690</ymax>
		</rectangle>
	</object>
	<object>
		<name>5</name>
		<pose>Unspecified</pose>
		<truncated>0</truncated>
		<difficult>0</difficult>
		<rectangle>
			<xmin>2176</xmin>
			<ymin>504</ymin>
			<xmax>2292</xmax>
			<ymax>805</ymax>
		</rectangle>
	</object>
	<object>
		<name>6</name>
		<pose>Unspecified</pose>
		<truncated>0</truncated>
		<difficult>0</difficult>
		<rectangle>
			<xmin>580</xmin>
			<ymin>351</ymin>
			<xmax>851</xmax>
			<ymax>975</ymax>
		</rectangle>
	</object>
	<object>
		<name>7</name>
		<pose>Unspecified</pose>
		<truncated>0</truncated>
		<difficult>0</difficult>
		<rectangle>
			<xmin>1556</xmin>
			<ymin>456</ymin>
			<xmax>1635</xmax>
			<ymax>701</ymax>
		</rectangle>
	</object>
</annotation>
