<annotation>
	<folder>V0-S_canteen_0-G_1_hor</folder>
	<filename>0489.jpg</filename>
	<source>
		<database>My Database</database>
		<annotation>VOC2007</annotation>
		<image>flickr</image>
		<flickrid>NULL</flickrid>
	</source>
	<owner>
		<flickrid>NULL</flickrid>
		<name>dcx</name>
	</owner>
	<size>
		<width>2704</width>
		<height>1520</height>
		<depth>3</depth>
	</size>
	<segmented>0</segmented>
	<object>
		<name>1</name>
		<pose>Unspecified</pose>
		<truncated>0</truncated>
		<difficult>0</difficult>
		<rectangle>
			<xmin>2082</xmin>
			<ymin>497</ymin>
			<xmax>2197</xmax>
			<ymax>729</ymax>
		</rectangle>
	</object>
	<object>
		<name>3</name>
		<pose>Unspecified</pose>
		<truncated>0</truncated>
		<difficult>0</difficult>
		<rectangle>
			<xmin>1805</xmin>
			<ymin>446</ymin>
			<xmax>2052</xmax>
			<ymax>1041</ymax>
		</rectangle>
	</object>
	<object>
		<name>4</name>
		<pose>Unspecified</pose>
		<truncated>0</truncated>
		<difficult>0</difficult>
		<rectangle>
			<xmin>1182</xmin>
			<ymin>428</ymin>
			<xmax>1279</xmax>
			<ymax>690</ymax>
		</rectangle>
	</object>
	<object>
		<name>5</name>
		<pose>Unspecified</pose>
		<truncated>0</truncated>
		<difficult>0</difficult>
		<rectangle>
			<xmin>2168</xmin>
			<ymin>504</ymin>
			<xmax>2287</xmax>
			<ymax>805</ymax>
		</rectangle>
	</object>
	<object>
		<name>6</name>
		<pose>Unspecified</pose>
		<truncated>0</truncated>
		<difficult>0</difficult>
		<rectangle>
			<xmin>583</xmin>
			<ymin>348</ymin>
			<xmax>850</xmax>
			<ymax>979</ymax>
		</rectangle>
	</object>
	<object>
		<name>7</name>
		<pose>Unspecified</pose>
		<truncated>0</truncated>
		<difficult>0</difficult>
		<rectangle>
			<xmin>1555</xmin>
			<ymin>456</ymin>
			<xmax>1636</xmax>
			<ymax>701</ymax>
		</rectangle>
	</object>
</annotation>
