<annotation>
	<folder>V0-S_canteen_0-G_1_hor</folder>
	<filename>0491.jpg</filename>
	<source>
		<database>My Database</database>
		<annotation>VOC2007</annotation>
		<image>flickr</image>
		<flickrid>NULL</flickrid>
	</source>
	<owner>
		<flickrid>NULL</flickrid>
		<name>dcx</name>
	</owner>
	<size>
		<width>2704</width>
		<height>1520</height>
		<depth>3</depth>
	</size>
	<segmented>0</segmented>
	<object>
		<name>6</name>
		<pose>Unspecified</pose>
		<truncated>0</truncated>
		<difficult>0</difficult>
		<rectangle>
			<xmin>590</xmin>
			<ymin>344</ymin>
			<xmax>846</xmax>
			<ymax>988</ymax>
		</rectangle>
	</object>
	<object>
		<name>4</name>
		<pose>Unspecified</pose>
		<truncated>0</truncated>
		<difficult>0</difficult>
		<rectangle>
			<xmin>1187</xmin>
			<ymin>426</ymin>
			<xmax>1282</xmax>
			<ymax>689</ymax>
		</rectangle>
	</object>
	<object>
		<name>7</name>
		<pose>Unspecified</pose>
		<truncated>0</truncated>
		<difficult>0</difficult>
		<rectangle>
			<xmin>1555</xmin>
			<ymin>454</ymin>
			<xmax>1638</xmax>
			<ymax>700</ymax>
		</rectangle>
	</object>
	<object>
		<name>3</name>
		<pose>Unspecified</pose>
		<truncated>0</truncated>
		<difficult>0</difficult>
		<rectangle>
			<xmin>1812</xmin>
			<ymin>449</ymin>
			<xmax>2056</xmax>
			<ymax>1038</ymax>
		</rectangle>
	</object>
	<object>
		<name>5</name>
		<pose>Unspecified</pose>
		<truncated>0</truncated>
		<difficult>0</difficult>
		<rectangle>
			<xmin>2151</xmin>
			<ymin>502</ymin>
			<xmax>2276</xmax>
			<ymax>805</ymax>
		</rectangle>
	</object>
	<object>
		<name>1</name>
		<pose>Unspecified</pose>
		<truncated>0</truncated>
		<difficult>0</difficult>
		<rectangle>
			<xmin>2081</xmin>
			<ymin>497</ymin>
			<xmax>2196</xmax>
			<ymax>728</ymax>
		</rectangle>
	</object>
</annotation>
