<annotation>
	<folder>V0-S_canteen_0-G_1_hor</folder>
	<filename>0493.jpg</filename>
	<source>
		<database>My Database</database>
		<annotation>VOC2007</annotation>
		<image>flickr</image>
		<flickrid>NULL</flickrid>
	</source>
	<owner>
		<flickrid>NULL</flickrid>
		<name>dcx</name>
	</owner>
	<size>
		<width>2704</width>
		<height>1520</height>
		<depth>3</depth>
	</size>
	<segmented>0</segmented>
	<object>
		<name>1</name>
		<pose>Unspecified</pose>
		<truncated>0</truncated>
		<difficult>0</difficult>
		<rectangle>
			<xmin>2083</xmin>
			<ymin>495</ymin>
			<xmax>2196</xmax>
			<ymax>727</ymax>
		</rectangle>
	</object>
	<object>
		<name>3</name>
		<pose>Unspecified</pose>
		<truncated>0</truncated>
		<difficult>0</difficult>
		<rectangle>
			<xmin>1827</xmin>
			<ymin>450</ymin>
			<xmax>2056</xmax>
			<ymax>1033</ymax>
		</rectangle>
	</object>
	<object>
		<name>4</name>
		<pose>Unspecified</pose>
		<truncated>0</truncated>
		<difficult>0</difficult>
		<rectangle>
			<xmin>1202</xmin>
			<ymin>425</ymin>
			<xmax>1292</xmax>
			<ymax>687</ymax>
		</rectangle>
	</object>
	<object>
		<name>5</name>
		<pose>Unspecified</pose>
		<truncated>0</truncated>
		<difficult>0</difficult>
		<rectangle>
			<xmin>2146</xmin>
			<ymin>502</ymin>
			<xmax>2266</xmax>
			<ymax>800</ymax>
		</rectangle>
	</object>
	<object>
		<name>6</name>
		<pose>Unspecified</pose>
		<truncated>0</truncated>
		<difficult>0</difficult>
		<rectangle>
			<xmin>583</xmin>
			<ymin>340</ymin>
			<xmax>855</xmax>
			<ymax>990</ymax>
		</rectangle>
	</object>
	<object>
		<name>7</name>
		<pose>Unspecified</pose>
		<truncated>0</truncated>
		<difficult>0</difficult>
		<rectangle>
			<xmin>1555</xmin>
			<ymin>457</ymin>
			<xmax>1643</xmax>
			<ymax>705</ymax>
		</rectangle>
	</object>
</annotation>
