<annotation>
	<folder>V0-S_canteen_0-G_1_hor</folder>
	<filename>0494.jpg</filename>
	<source>
		<database>My Database</database>
		<annotation>VOC2007</annotation>
		<image>flickr</image>
		<flickrid>NULL</flickrid>
	</source>
	<owner>
		<flickrid>NULL</flickrid>
		<name>dcx</name>
	</owner>
	<size>
		<width>2704</width>
		<height>1520</height>
		<depth>3</depth>
	</size>
	<segmented>0</segmented>
	<object>
		<name>1</name>
		<pose>Unspecified</pose>
		<truncated>0</truncated>
		<difficult>0</difficult>
		<rectangle>
			<xmin>2083</xmin>
			<ymin>495</ymin>
			<xmax>2195</xmax>
			<ymax>727</ymax>
		</rectangle>
	</object>
	<object>
		<name>3</name>
		<pose>Unspecified</pose>
		<truncated>0</truncated>
		<difficult>0</difficult>
		<rectangle>
			<xmin>1835</xmin>
			<ymin>451</ymin>
			<xmax>2057</xmax>
			<ymax>1031</ymax>
		</rectangle>
	</object>
	<object>
		<name>4</name>
		<pose>Unspecified</pose>
		<truncated>0</truncated>
		<difficult>0</difficult>
		<rectangle>
			<xmin>1210</xmin>
			<ymin>425</ymin>
			<xmax>1298</xmax>
			<ymax>687</ymax>
		</rectangle>
	</object>
	<object>
		<name>5</name>
		<pose>Unspecified</pose>
		<truncated>0</truncated>
		<difficult>0</difficult>
		<rectangle>
			<xmin>2144</xmin>
			<ymin>501</ymin>
			<xmax>2260</xmax>
			<ymax>797</ymax>
		</rectangle>
	</object>
	<object>
		<name>6</name>
		<pose>Unspecified</pose>
		<truncated>0</truncated>
		<difficult>0</difficult>
		<rectangle>
			<xmin>580</xmin>
			<ymin>337</ymin>
			<xmax>860</xmax>
			<ymax>992</ymax>
		</rectangle>
	</object>
	<object>
		<name>7</name>
		<pose>Unspecified</pose>
		<truncated>0</truncated>
		<difficult>0</difficult>
		<rectangle>
			<xmin>1554</xmin>
			<ymin>459</ymin>
			<xmax>1645</xmax>
			<ymax>708</ymax>
		</rectangle>
	</object>
</annotation>
