<annotation>
	<folder>V0-S_canteen_0-G_1_hor</folder>
	<filename>0495.jpg</filename>
	<source>
		<database>My Database</database>
		<annotation>VOC2007</annotation>
		<image>flickr</image>
		<flickrid>NULL</flickrid>
	</source>
	<owner>
		<flickrid>NULL</flickrid>
		<name>dcx</name>
	</owner>
	<size>
		<width>2704</width>
		<height>1520</height>
		<depth>3</depth>
	</size>
	<segmented>0</segmented>
	<object>
		<name>1</name>
		<pose>Unspecified</pose>
		<truncated>0</truncated>
		<difficult>0</difficult>
		<rectangle>
			<xmin>2084</xmin>
			<ymin>494</ymin>
			<xmax>2195</xmax>
			<ymax>726</ymax>
		</rectangle>
	</object>
	<object>
		<name>3</name>
		<pose>Unspecified</pose>
		<truncated>0</truncated>
		<difficult>0</difficult>
		<rectangle>
			<xmin>1842</xmin>
			<ymin>451</ymin>
			<xmax>2057</xmax>
			<ymax>1028</ymax>
		</rectangle>
	</object>
	<object>
		<name>4</name>
		<pose>Unspecified</pose>
		<truncated>0</truncated>
		<difficult>0</difficult>
		<rectangle>
			<xmin>1217</xmin>
			<ymin>424</ymin>
			<xmax>1303</xmax>
			<ymax>686</ymax>
		</rectangle>
	</object>
	<object>
		<name>5</name>
		<pose>Unspecified</pose>
		<truncated>0</truncated>
		<difficult>0</difficult>
		<rectangle>
			<xmin>2141</xmin>
			<ymin>501</ymin>
			<xmax>2255</xmax>
			<ymax>795</ymax>
		</rectangle>
	</object>
	<object>
		<name>6</name>
		<pose>Unspecified</pose>
		<truncated>0</truncated>
		<difficult>0</difficult>
		<rectangle>
			<xmin>576</xmin>
			<ymin>335</ymin>
			<xmax>864</xmax>
			<ymax>993</ymax>
		</rectangle>
	</object>
	<object>
		<name>7</name>
		<pose>Unspecified</pose>
		<truncated>0</truncated>
		<difficult>0</difficult>
		<rectangle>
			<xmin>1554</xmin>
			<ymin>460</ymin>
			<xmax>1648</xmax>
			<ymax>710</ymax>
		</rectangle>
	</object>
</annotation>
