<annotation>
	<folder>V0-S_canteen_0-G_1_hor</folder>
	<filename>0496.jpg</filename>
	<source>
		<database>My Database</database>
		<annotation>VOC2007</annotation>
		<image>flickr</image>
		<flickrid>NULL</flickrid>
	</source>
	<owner>
		<flickrid>NULL</flickrid>
		<name>dcx</name>
	</owner>
	<size>
		<width>2704</width>
		<height>1520</height>
		<depth>3</depth>
	</size>
	<segmented>0</segmented>
	<object>
		<name>6</name>
		<pose>Unspecified</pose>
		<truncated>0</truncated>
		<difficult>0</difficult>
		<rectangle>
			<xmin>573</xmin>
			<ymin>333</ymin>
			<xmax>869</xmax>
			<ymax>994</ymax>
		</rectangle>
	</object>
	<object>
		<name>4</name>
		<pose>Unspecified</pose>
		<truncated>0</truncated>
		<difficult>0</difficult>
		<rectangle>
			<xmin>1225</xmin>
			<ymin>424</ymin>
			<xmax>1308</xmax>
			<ymax>685</ymax>
		</rectangle>
	</object>
	<object>
		<name>7</name>
		<pose>Unspecified</pose>
		<truncated>0</truncated>
		<difficult>0</difficult>
		<rectangle>
			<xmin>1554</xmin>
			<ymin>462</ymin>
			<xmax>1650</xmax>
			<ymax>713</ymax>
		</rectangle>
	</object>
	<object>
		<name>3</name>
		<pose>Unspecified</pose>
		<truncated>0</truncated>
		<difficult>0</difficult>
		<rectangle>
			<xmin>1850</xmin>
			<ymin>452</ymin>
			<xmax>2057</xmax>
			<ymax>1026</ymax>
		</rectangle>
	</object>
	<object>
		<name>5</name>
		<pose>Unspecified</pose>
		<truncated>0</truncated>
		<difficult>0</difficult>
		<rectangle>
			<xmin>2139</xmin>
			<ymin>501</ymin>
			<xmax>2250</xmax>
			<ymax>792</ymax>
		</rectangle>
	</object>
	<object>
		<name>1</name>
		<pose>Unspecified</pose>
		<truncated>0</truncated>
		<difficult>0</difficult>
		<rectangle>
			<xmin>2085</xmin>
			<ymin>493</ymin>
			<xmax>2195</xmax>
			<ymax>726</ymax>
		</rectangle>
	</object>
	<object>
		<name>8</name>
		<pose>Unspecified</pose>
		<truncated>0</truncated>
		<difficult>0</difficult>
		<rectangle>
			<xmin>543</xmin>
			<ymin>376</ymin>
			<xmax>648</xmax>
			<ymax>686</ymax>
		</rectangle>
	</object>
</annotation>
