<annotation>
	<folder>V0-S_canteen_0-G_1_hor</folder>
	<filename>0497.jpg</filename>
	<source>
		<database>My Database</database>
		<annotation>VOC2007</annotation>
		<image>flickr</image>
		<flickrid>NULL</flickrid>
	</source>
	<owner>
		<flickrid>NULL</flickrid>
		<name>dcx</name>
	</owner>
	<size>
		<width>2704</width>
		<height>1520</height>
		<depth>3</depth>
	</size>
	<segmented>0</segmented>
	<object>
		<name>1</name>
		<pose>Unspecified</pose>
		<truncated>0</truncated>
		<difficult>0</difficult>
		<rectangle>
			<xmin>2085</xmin>
			<ymin>493</ymin>
			<xmax>2192</xmax>
			<ymax>727</ymax>
		</rectangle>
	</object>
	<object>
		<name>3</name>
		<pose>Unspecified</pose>
		<truncated>0</truncated>
		<difficult>0</difficult>
		<rectangle>
			<xmin>1857</xmin>
			<ymin>452</ymin>
			<xmax>2059</xmax>
			<ymax>1021</ymax>
		</rectangle>
	</object>
	<object>
		<name>4</name>
		<pose>Unspecified</pose>
		<truncated>0</truncated>
		<difficult>0</difficult>
		<rectangle>
			<xmin>1228</xmin>
			<ymin>425</ymin>
			<xmax>1312</xmax>
			<ymax>685</ymax>
		</rectangle>
	</object>
	<object>
		<name>5</name>
		<pose>Unspecified</pose>
		<truncated>0</truncated>
		<difficult>0</difficult>
		<rectangle>
			<xmin>2138</xmin>
			<ymin>500</ymin>
			<xmax>2246</xmax>
			<ymax>789</ymax>
		</rectangle>
	</object>
	<object>
		<name>6</name>
		<pose>Unspecified</pose>
		<truncated>0</truncated>
		<difficult>0</difficult>
		<rectangle>
			<xmin>566</xmin>
			<ymin>335</ymin>
			<xmax>880</xmax>
			<ymax>1007</ymax>
		</rectangle>
	</object>
	<object>
		<name>7</name>
		<pose>Unspecified</pose>
		<truncated>0</truncated>
		<difficult>0</difficult>
		<rectangle>
			<xmin>1555</xmin>
			<ymin>461</ymin>
			<xmax>1654</xmax>
			<ymax>713</ymax>
		</rectangle>
	</object>
	<object>
		<name>8</name>
		<pose>Unspecified</pose>
		<truncated>0</truncated>
		<difficult>0</difficult>
		<rectangle>
			<xmin>535</xmin>
			<ymin>376</ymin>
			<xmax>644</xmax>
			<ymax>688</ymax>
		</rectangle>
	</object>
</annotation>
