<annotation>
	<folder>V0-S_canteen_0-G_1_hor</folder>
	<filename>0498.jpg</filename>
	<source>
		<database>My Database</database>
		<annotation>VOC2007</annotation>
		<image>flickr</image>
		<flickrid>NULL</flickrid>
	</source>
	<owner>
		<flickrid>NULL</flickrid>
		<name>dcx</name>
	</owner>
	<size>
		<width>2704</width>
		<height>1520</height>
		<depth>3</depth>
	</size>
	<segmented>0</segmented>
	<object>
		<name>1</name>
		<pose>Unspecified</pose>
		<truncated>0</truncated>
		<difficult>0</difficult>
		<rectangle>
			<xmin>2085</xmin>
			<ymin>494</ymin>
			<xmax>2189</xmax>
			<ymax>727</ymax>
		</rectangle>
	</object>
	<object>
		<name>3</name>
		<pose>Unspecified</pose>
		<truncated>0</truncated>
		<difficult>0</difficult>
		<rectangle>
			<xmin>1863</xmin>
			<ymin>451</ymin>
			<xmax>2061</xmax>
			<ymax>1016</ymax>
		</rectangle>
	</object>
	<object>
		<name>4</name>
		<pose>Unspecified</pose>
		<truncated>0</truncated>
		<difficult>0</difficult>
		<rectangle>
			<xmin>1231</xmin>
			<ymin>426</ymin>
			<xmax>1315</xmax>
			<ymax>684</ymax>
		</rectangle>
	</object>
	<object>
		<name>5</name>
		<pose>Unspecified</pose>
		<truncated>0</truncated>
		<difficult>0</difficult>
		<rectangle>
			<xmin>2137</xmin>
			<ymin>499</ymin>
			<xmax>2242</xmax>
			<ymax>786</ymax>
		</rectangle>
	</object>
	<object>
		<name>6</name>
		<pose>Unspecified</pose>
		<truncated>0</truncated>
		<difficult>0</difficult>
		<rectangle>
			<xmin>559</xmin>
			<ymin>337</ymin>
			<xmax>890</xmax>
			<ymax>1019</ymax>
		</rectangle>
	</object>
	<object>
		<name>7</name>
		<pose>Unspecified</pose>
		<truncated>0</truncated>
		<difficult>0</difficult>
		<rectangle>
			<xmin>1557</xmin>
			<ymin>460</ymin>
			<xmax>1657</xmax>
			<ymax>713</ymax>
		</rectangle>
	</object>
	<object>
		<name>8</name>
		<pose>Unspecified</pose>
		<truncated>0</truncated>
		<difficult>0</difficult>
		<rectangle>
			<xmin>527</xmin>
			<ymin>376</ymin>
			<xmax>639</xmax>
			<ymax>690</ymax>
		</rectangle>
	</object>
</annotation>
