<annotation>
	<folder>V0-S_canteen_0-G_1_hor</folder>
	<filename>0499.jpg</filename>
	<source>
		<database>My Database</database>
		<annotation>VOC2007</annotation>
		<image>flickr</image>
		<flickrid>NULL</flickrid>
	</source>
	<owner>
		<flickrid>NULL</flickrid>
		<name>dcx</name>
	</owner>
	<size>
		<width>2704</width>
		<height>1520</height>
		<depth>3</depth>
	</size>
	<segmented>0</segmented>
	<object>
		<name>1</name>
		<pose>Unspecified</pose>
		<truncated>0</truncated>
		<difficult>0</difficult>
		<rectangle>
			<xmin>2085</xmin>
			<ymin>494</ymin>
			<xmax>2185</xmax>
			<ymax>728</ymax>
		</rectangle>
	</object>
	<object>
		<name>3</name>
		<pose>Unspecified</pose>
		<truncated>0</truncated>
		<difficult>0</difficult>
		<rectangle>
			<xmin>1870</xmin>
			<ymin>451</ymin>
			<xmax>2064</xmax>
			<ymax>1010</ymax>
		</rectangle>
	</object>
	<object>
		<name>4</name>
		<pose>Unspecified</pose>
		<truncated>0</truncated>
		<difficult>0</difficult>
		<rectangle>
			<xmin>1235</xmin>
			<ymin>427</ymin>
			<xmax>1319</xmax>
			<ymax>684</ymax>
		</rectangle>
	</object>
	<object>
		<name>5</name>
		<pose>Unspecified</pose>
		<truncated>0</truncated>
		<difficult>0</difficult>
		<rectangle>
			<xmin>2135</xmin>
			<ymin>498</ymin>
			<xmax>2239</xmax>
			<ymax>784</ymax>
		</rectangle>
	</object>
	<object>
		<name>6</name>
		<pose>Unspecified</pose>
		<truncated>0</truncated>
		<difficult>0</difficult>
		<rectangle>
			<xmin>553</xmin>
			<ymin>338</ymin>
			<xmax>901</xmax>
			<ymax>1032</ymax>
		</rectangle>
	</object>
	<object>
		<name>7</name>
		<pose>Unspecified</pose>
		<truncated>0</truncated>
		<difficult>0</difficult>
		<rectangle>
			<xmin>1558</xmin>
			<ymin>460</ymin>
			<xmax>1661</xmax>
			<ymax>713</ymax>
		</rectangle>
	</object>
	<object>
		<name>8</name>
		<pose>Unspecified</pose>
		<truncated>0</truncated>
		<difficult>0</difficult>
		<rectangle>
			<xmin>518</xmin>
			<ymin>376</ymin>
			<xmax>635</xmax>
			<ymax>692</ymax>
		</rectangle>
	</object>
</annotation>
