<annotation>
	<folder>V0-S_canteen_0-G_1_hor</folder>
	<filename>0500.jpg</filename>
	<source>
		<database>My Database</database>
		<annotation>VOC2007</annotation>
		<image>flickr</image>
		<flickrid>NULL</flickrid>
	</source>
	<owner>
		<flickrid>NULL</flickrid>
		<name>dcx</name>
	</owner>
	<size>
		<width>2704</width>
		<height>1520</height>
		<depth>3</depth>
	</size>
	<segmented>0</segmented>
	<object>
		<name>1</name>
		<pose>Unspecified</pose>
		<truncated>0</truncated>
		<difficult>0</difficult>
		<rectangle>
			<xmin>2085</xmin>
			<ymin>495</ymin>
			<xmax>2182</xmax>
			<ymax>728</ymax>
		</rectangle>
	</object>
	<object>
		<name>3</name>
		<pose>Unspecified</pose>
		<truncated>0</truncated>
		<difficult>0</difficult>
		<rectangle>
			<xmin>1876</xmin>
			<ymin>450</ymin>
			<xmax>2066</xmax>
			<ymax>1005</ymax>
		</rectangle>
	</object>
	<object>
		<name>4</name>
		<pose>Unspecified</pose>
		<truncated>0</truncated>
		<difficult>0</difficult>
		<rectangle>
			<xmin>1238</xmin>
			<ymin>428</ymin>
			<xmax>1322</xmax>
			<ymax>683</ymax>
		</rectangle>
	</object>
	<object>
		<name>5</name>
		<pose>Unspecified</pose>
		<truncated>0</truncated>
		<difficult>0</difficult>
		<rectangle>
			<xmin>2134</xmin>
			<ymin>497</ymin>
			<xmax>2235</xmax>
			<ymax>781</ymax>
		</rectangle>
	</object>
	<object>
		<name>6</name>
		<pose>Unspecified</pose>
		<truncated>0</truncated>
		<difficult>0</difficult>
		<rectangle>
			<xmin>546</xmin>
			<ymin>340</ymin>
			<xmax>911</xmax>
			<ymax>1044</ymax>
		</rectangle>
	</object>
	<object>
		<name>7</name>
		<pose>Unspecified</pose>
		<truncated>0</truncated>
		<difficult>0</difficult>
		<rectangle>
			<xmin>1560</xmin>
			<ymin>459</ymin>
			<xmax>1664</xmax>
			<ymax>713</ymax>
		</rectangle>
	</object>
	<object>
		<name>8</name>
		<pose>Unspecified</pose>
		<truncated>0</truncated>
		<difficult>0</difficult>
		<rectangle>
			<xmin>510</xmin>
			<ymin>376</ymin>
			<xmax>630</xmax>
			<ymax>694</ymax>
		</rectangle>
	</object>
</annotation>
